{"3":[{"lesson":"3","group":"4.SB celá","room":"111","subject":"MA","subject_text":"Matematika","teacher":"Ha","teacher_text":"Ha","change_info":"","theme":"Kombinatorické pravidlo součinu","type":"atom","absencetext":null,"has_absent":"false","absent_info_text":"","removed_info":""}],"4":[{"lesson":"4","group":"4.SA celá","room":"111","subject":"ST","subject_text":"Strojírenská technologie","teacher":"Va","teacher_text":"Va","change_info":"","theme":"výroba kuželových ozubených kol","type":"atom","absencetext":null,"has_absent":"false","absent_info_text":"","removed_info":""}],"5":[{"lesson":"5","group":"3.S celá","room":"111","subject":"CL","subject_text":"Český jazyk a literatura","teacher":"Fd","teacher_text":"Fd","change_info":"Suplování: CL, Fedorová Alena (ME, Čk)","theme":"Ztracená generace - F. S. Fitzgerald, R. Rolland","type":"atom","absencetext":null,"has_absent":"false","absent_info_text":"","removed_info":""}],"7":[{"lesson":"","group":"","room":"","subject":"Absc","subject_text":"Obecná absence místnosti","teacher":null,"teacher_text":"","change_info":"","theme":null,"type":"absent","absencetext":null,"has_absent":"","absent_info_text":"","removed_info":""}],"11":[{"lesson":"0","group":"1.S celá","room":"111","subject":"MA","subject_text":"Matematika","teacher":"Hm","teacher_text":"Hm","change_info":"Suplování: MA, Helm Jan (ME, Čk)","theme":"Vzorce pro druhou a třetí mocninu dvojčlenu","type":"atom","absencetext":null,"has_absent":"false","absent_info_text":"","removed_info":""}],"12":[{"lesson":"1","group":"4.SA 1","room":"111","subject":"STc","subject_text":"Strojírenská technol. cvičení","teacher":"Va","teacher_text":"Va","change_info":"Spojeno: STc, Vávra Václav (SSc, Čejka Vilém)","theme":"P2 střižný nástroj","type":"atom","absencetext":null,"has_absent":"false","absent_info_text":"","removed_info":""},{"lesson":"1","group":"4.SA 2","room":"111","subject":"STc","subject_text":"Strojírenská technol. cvičení","teacher":"Va","teacher_text":"Va","change_info":"Změna místnosti: 111 (117)","theme":"Střižný nástroj","type":"atom","absencetext":null,"has_absent":"false","absent_info_text":"","removed_info":""}],"13":[{"lesson":"2","group":"4.SA 1","room":"111","subject":"STc","subject_text":"Strojírenská technol. cvičení","teacher":"Va","teacher_text":"Va","change_info":"Spojeno: STc, Vávra Václav (SSc, Čejka Vilém)","theme":"P2 střižný nástroj","type":"atom","absencetext":null,"has_absent":"false","absent_info_text":"","removed_info":""},{"lesson":"2","group":"4.SA 2","room":"111","subject":"STc","subject_text":"Strojírenská technol. cvičení","teacher":"Va","teacher_text":"Va","change_info":"Změna místnosti: 111 (117)","theme":"Střižný nástroj","type":"atom","absencetext":null,"has_absent":"false","absent_info_text":"","removed_info":""}],"14":[{"lesson":"3","group":"4.EB 1","room":"111","subject":"CL","subject_text":"Český jazyk a literatura","teacher":"Pz","teacher_text":"Pz","change_info":"","theme":"Opakování k MZ - opakování 2R; zkoušení k MZ","type":"atom","absencetext":null,"has_absent":"false","absent_info_text":"","removed_info":""}],"15":[{"lesson":"4","group":"4.EB 2","room":"111","subject":"CL","subject_text":"Český jazyk a literatura","teacher":"Pz","teacher_text":"Pz","change_info":"","theme":"Opakování k MZ - opakování 2R; zkoušení k MZ","type":"atom","absencetext":null,"has_absent":"false","absent_info_text":"","removed_info":""}],"16":[{"lesson":"5","group":"3.EM celá","room":"111","subject":"CL","subject_text":"Český jazyk a literatura","teacher":"Šu","teacher_text":"Šu","change_info":"","theme":"Větná skladba","type":"atom","absencetext":null,"has_absent":"false","absent_info_text":"","removed_info":""}],"17":[{"lesson":"6","group":"2.S 2","room":"111","subject":"AJ","subject_text":"Anglický jazyk","teacher":"Sch","teacher_text":"Sch","change_info":"","theme":"Unit 6 - Introduction","type":"atom","absencetext":null,"has_absent":"false","absent_info_text":"","removed_info":""}],"18":[{"lesson":"7","group":"4.SA 1","room":"111","subject":"AJ","subject_text":"Anglický jazyk","teacher":"By","teacher_text":"By","change_info":"","theme":"Czech Republic","type":"atom","absencetext":null,"has_absent":"false","absent_info_text":"","removed_info":""}],"24":[{"lesson":"2","group":"1.S 1","room":"111","subject":"AJ","subject_text":"Anglický jazyk","teacher":"Ds","teacher_text":"Ds","change_info":"","theme":"Present simple - practice","type":"atom","absencetext":null,"has_absent":"false","absent_info_text":"","removed_info":""}],"25":[{"lesson":"3","group":"4.SA celá","room":"111","subject":"AU","subject_text":"Automatizace","teacher":"Pt","teacher_text":"Pt","change_info":"Suplování: AU, Petrásek Jan (MA, Pl)","theme":"Přídržný obvod","type":"atom","absencetext":null,"has_absent":"false","absent_info_text":"","removed_info":""}],"26":[{"lesson":"4","group":"3.S celá","room":"111","subject":"ST","subject_text":"Strojírenská technologie","teacher":"Kr","teacher_text":"Kr","change_info":"Suplování: ST, Krejsa Vladimír (ME, Čk)","theme":"frézování","type":"atom","absencetext":null,"has_absent":"false","absent_info_text":"","removed_info":""}],"28":[{"lesson":"6","group":"2.ER celá","room":"111","subject":"ZSV","subject_text":"Základy společenských věd","teacher":"Šu","teacher_text":"Šu","change_info":"","theme":"Mezilidské, partnerské vztahy, prevence nemocí","type":"atom","absencetext":null,"has_absent":"false","absent_info_text":"","removed_info":""}],"35":[{"lesson":"2","group":"4.SA celá","room":"111","subject":"AU","subject_text":"Automatizace","teacher":"Pt","teacher_text":"Pt","change_info":"","theme":"Releová technika","type":"atom","absencetext":null,"has_absent":"false","absent_info_text":"","removed_info":""}],"36":[{"lesson":"3","group":"4.SA celá","room":"111","subject":"ST","subject_text":"Strojírenská technologie","teacher":"Va","teacher_text":"Va","change_info":"","theme":"výroba ozub. kol - kuželové","type":"atom","absencetext":null,"has_absent":"false","absent_info_text":"","removed_info":""}],"37":[{"lesson":"4","group":"1.S celá","room":"111","subject":"MA","subject_text":"Matematika","teacher":"Hm","teacher_text":"Hm","change_info":"Suplování: MA, Helm Jan (ME, Čk)","theme":"Sčítání a odčítání lomených výrazů","type":"atom","absencetext":null,"has_absent":"false","absent_info_text":"","removed_info":""}],"45":[{"lesson":"1","group":"3.S celá","room":"111","subject":"CRS","subject_text":"Číslicové řízení strojů","teacher":"Mi","teacher_text":"Mi","change_info":"Suplování: CRS, Mikoláš Pavel (ME, Čk)","theme":"TNC640 - řezné nástroje","type":"atom","absencetext":null,"has_absent":"false","absent_info_text":"","removed_info":""}],"46":[{"lesson":"2","group":"3.S 1","room":"111","subject":"MA","subject_text":"Matematika","teacher":"Ml","teacher_text":"Ml","change_info":"","theme":"Hedání elipsy","type":"atom","absencetext":null,"has_absent":"false","absent_info_text":"","removed_info":""}],"47":[{"lesson":"3","group":"4.SA celá","room":"111","subject":"AU","subject_text":"Automatizace","teacher":"Pt","teacher_text":"Pt","change_info":"","theme":"Snímače","type":"atom","absencetext":null,"has_absent":"false","absent_info_text":"","removed_info":""}],"48":[{"lesson":"4","group":"4.SA celá","room":"111","subject":"CL","subject_text":"Český jazyk a literatura","teacher":"Šu","teacher_text":"Šu","change_info":"Přidáno do rozvrhu: CL, Šustrová Pavlína, 111","theme":"Vypravování - opakování na slohovou práci","type":"atom","absencetext":null,"has_absent":"false","absent_info_text":"","removed_info":""}],"49":[{"lesson":"5","group":"4.SA celá","room":"111","subject":"MA","subject_text":"Matematika","teacher":"Pl","teacher_text":"Pl","change_info":"Přidáno do rozvrhu: MA, Ploch Jiří, 111","theme":"Variace, permutace","type":"atom","absencetext":null,"has_absent":"false","absent_info_text":"","removed_info":""}]}