{"1":[{"lesson":"1","group":"1.S 1","room":"111","subject":"MEc","subject_text":"Mechanika-cvičení","teacher":"Čk","teacher_text":"Čk","change_info":"","theme":"Procvičování příkladů","type":"atom","absencetext":null,"has_absent":"false","absent_info_text":"","removed_info":""}],"2":[{"lesson":"2","group":"1.S 2","room":"111","subject":"MEc","subject_text":"Mechanika-cvičení","teacher":"Čk","teacher_text":"Čk","change_info":"","theme":"Procvičování příkladů","type":"atom","absencetext":null,"has_absent":"false","absent_info_text":"","removed_info":""}],"3":[{"lesson":"3","group":"4.SB celá","room":"111","subject":"MA","subject_text":"Matematika","teacher":"Ha","teacher_text":"Ha","change_info":"","theme":"Binomická věta","type":"atom","absencetext":null,"has_absent":"false","absent_info_text":"","removed_info":""}],"4":[{"lesson":"4","group":"4.SA celá","room":"111","subject":"ST","subject_text":"Strojírenská technologie","teacher":"Va","teacher_text":"Va","change_info":"","theme":"Témata MZ - plasty","type":"atom","absencetext":null,"has_absent":"false","absent_info_text":"","removed_info":""}],"5":[{"lesson":"5","group":"3.S celá","room":"111","subject":"ME","subject_text":"Mechanika","teacher":"Čk","teacher_text":"Čk","change_info":"","theme":"Kinetická energie rotačníh pohybu","type":"atom","absencetext":null,"has_absent":"false","absent_info_text":"","removed_info":""}],"7":[{"lesson":"7","group":"4.SA celá","room":"111","subject":"ZSV","subject_text":"Základy společenských věd","teacher":"Šu","teacher_text":"Šu","change_info":"","theme":"Trestní právo","type":"atom","absencetext":null,"has_absent":"false","absent_info_text":"","removed_info":""}],"8":[{"lesson":"8","group":"4.SA EU","room":"111","subject":"UC","subject_text":"Účetnictví","teacher":"Kp","teacher_text":"Kp","change_info":"","theme":"Časové zápisy","type":"atom","absencetext":null,"has_absent":"false","absent_info_text":"","removed_info":""}],"9":[{"lesson":"9","group":"4.SA EU","room":"111","subject":"UC","subject_text":"Účetnictví","teacher":"Kp","teacher_text":"Kp","change_info":"","theme":"Účetní doklady a jejich náležitosti.","type":"atom","absencetext":null,"has_absent":"false","absent_info_text":"","removed_info":""}],"11":[{"lesson":"0","group":"1.S celá","room":"111","subject":"ME","subject_text":"Mechanika","teacher":"Čk","teacher_text":"Čk","change_info":"","theme":"Nosník na dvou podporách - statická určitost","type":"atom","absencetext":null,"has_absent":"false","absent_info_text":"","removed_info":""}],"12":[{"lesson":"1","group":"4.SA 1","room":"111","subject":"SSc","subject_text":"Stavba a provoz str. cvičení","teacher":"Čk","teacher_text":"Čk","change_info":"","theme":"Výpočet průtoku materiálu, návrh a kontrola pásu","type":"atom","absencetext":null,"has_absent":"false","absent_info_text":"","removed_info":""}],"13":[{"lesson":"2","group":"4.SA 1","room":"111","subject":"SSc","subject_text":"Stavba a provoz str. cvičení","teacher":"Čk","teacher_text":"Čk","change_info":"","theme":"Výpočet sil na pásu, kontrola pásu, potřebný výkon","type":"atom","absencetext":null,"has_absent":"false","absent_info_text":"","removed_info":""}],"14":[{"lesson":"3","group":"4.EB 1","room":"111","subject":"CL","subject_text":"Český jazyk a literatura","teacher":"Pz","teacher_text":"Pz","change_info":"","theme":"Světová lit. po 1945 - beatníci","type":"atom","absencetext":null,"has_absent":"false","absent_info_text":"","removed_info":""}],"15":[{"lesson":"4","group":"4.EB 2","room":"111","subject":"CL","subject_text":"Český jazyk a literatura","teacher":"Pz","teacher_text":"Pz","change_info":"","theme":"Světová lit. po 1945 - beatníci","type":"atom","absencetext":null,"has_absent":"false","absent_info_text":"","removed_info":""}],"16":[{"lesson":"5","group":"3.EM celá","room":"111","subject":"CL","subject_text":"Český jazyk a literatura","teacher":"Šu","teacher_text":"Šu","change_info":"","theme":"Větná skladba","type":"atom","absencetext":null,"has_absent":"false","absent_info_text":"","removed_info":""}],"17":[{"lesson":"6","group":"2.S 2","room":"111","subject":"AJ","subject_text":"Anglický jazyk","teacher":"Sch","teacher_text":"Sch","change_info":"","theme":"Life in cities","type":"atom","absencetext":null,"has_absent":"false","absent_info_text":"","removed_info":""}],"18":[{"lesson":"7","group":"4.SA 1","room":"111","subject":"AJ","subject_text":"Anglický jazyk","teacher":"By","teacher_text":"By","change_info":"","theme":"Passive voice","type":"atom","absencetext":null,"has_absent":"false","absent_info_text":"","removed_info":""}],"24":[{"lesson":"2","group":"1.S 1","room":"111","subject":"AJ","subject_text":"Anglický jazyk","teacher":"Ds","teacher_text":"Ds","change_info":"","theme":"Al you need is love - práce s textem","type":"atom","absencetext":null,"has_absent":"false","absent_info_text":"","removed_info":""}],"25":[{"lesson":"3","group":"4.SA celá","room":"111","subject":"MA","subject_text":"Matematika","teacher":"Pl","teacher_text":"Pl","change_info":"","theme":"Kombinace s opakováním","type":"atom","absencetext":null,"has_absent":"false","absent_info_text":"","removed_info":""}],"26":[{"lesson":"4","group":"3.S celá","room":"111","subject":"ME","subject_text":"Mechanika","teacher":"Čk","teacher_text":"Čk","change_info":"","theme":"Prověrka - pohyb rychlého dopravního prostředku","type":"atom","absencetext":null,"has_absent":"false","absent_info_text":"","removed_info":""}],"28":[{"lesson":"6","group":"2.ER celá","room":"111","subject":"ZSV","subject_text":"Základy společenských věd","teacher":"Šu","teacher_text":"Šu","change_info":"","theme":"Bezpečný a přínosný pohyb na internetu","type":"atom","absencetext":null,"has_absent":"false","absent_info_text":"","removed_info":""}],"35":[{"lesson":"2","group":"4.SA celá","room":"111","subject":"AU","subject_text":"Automatizace","teacher":"Pt","teacher_text":"Pt","change_info":"","theme":"Snímače teploty","type":"atom","absencetext":null,"has_absent":"false","absent_info_text":"","removed_info":""}],"36":[{"lesson":"3","group":"4.SA celá","room":"111","subject":"ST","subject_text":"Strojírenská technologie","teacher":"Va","teacher_text":"Va","change_info":"","theme":"Témata MZ - plasty","type":"atom","absencetext":null,"has_absent":"false","absent_info_text":"","removed_info":""}],"37":[{"lesson":"4","group":"1.S celá","room":"111","subject":"ME","subject_text":"Mechanika","teacher":"Čk","teacher_text":"Čk","change_info":"","theme":"Prověrka - náhrada sil","type":"atom","absencetext":null,"has_absent":"false","absent_info_text":"","removed_info":""}],"38":[{"lesson":"5","group":"4.SB 1","room":"111","subject":"SSc","subject_text":"Stavba a provoz str. cvičení","teacher":"Čk","teacher_text":"Čk","change_info":"","theme":"Výpočet bubnu","type":"atom","absencetext":null,"has_absent":"false","absent_info_text":"","removed_info":""}],"39":[{"lesson":"6","group":"4.SB 1","room":"111","subject":"SSc","subject_text":"Stavba a provoz str. cvičení","teacher":"Čk","teacher_text":"Čk","change_info":"","theme":"Výpočet ložisek, návrh napínacího zařízení","type":"atom","absencetext":null,"has_absent":"false","absent_info_text":"","removed_info":""}],"45":[{"lesson":"1","group":"3.S celá","room":"111","subject":"ME","subject_text":"Mechanika","teacher":"Čk","teacher_text":"Čk","change_info":"","theme":"Obecný pohyb tělesa","type":"atom","absencetext":null,"has_absent":"false","absent_info_text":"","removed_info":""}],"46":[{"lesson":"2","group":"3.S 1","room":"111","subject":"MA","subject_text":"Matematika","teacher":"Ml","teacher_text":"Ml","change_info":"","theme":"Kuželosečky - opakování k testu","type":"atom","absencetext":null,"has_absent":"false","absent_info_text":"","removed_info":""}],"47":[{"lesson":"3","group":"4.SA celá","room":"111","subject":"AU","subject_text":"Automatizace","teacher":"Pt","teacher_text":"Pt","change_info":"","theme":"Časová relé","type":"atom","absencetext":null,"has_absent":"false","absent_info_text":"","removed_info":""}],"48":[{"lesson":"4","group":"4.SA 1","room":"111","subject":"MA","subject_text":"Matematika","teacher":"Pl","teacher_text":"Pl","change_info":"","theme":"Kombinace s opakováním, procvičování","type":"atom","absencetext":null,"has_absent":"false","absent_info_text":"","removed_info":""}],"49":[{"lesson":"5","group":"4.SA 2","room":"111","subject":"MA","subject_text":"Matematika","teacher":"Pl","teacher_text":"Pl","change_info":"","theme":"Kombinace s opakováním, procvičování","type":"atom","absencetext":null,"has_absent":"false","absent_info_text":"","removed_info":""}]}