{"1":[{"lesson":"1","group":"","room":"313","subject":"CL","subject_text":"Český jazyk a literatura","teacher":"Fd","teacher_text":"Fd","change_info":"","theme":"","type":"atom","absencetext":null,"has_absent":"false","absent_info_text":"","removed_info":""}],"2":[{"lesson":"2","group":"","room":"313","subject":"ZE","subject_text":"Základy elektrotechniky","teacher":"Su","teacher_text":"Su","change_info":"","theme":"","type":"atom","absencetext":null,"has_absent":"false","absent_info_text":"","removed_info":""}],"3":[{"lesson":"3","group":"","room":"313","subject":"MA","subject_text":"Matematika","teacher":"Pl","teacher_text":"Pl","change_info":"","theme":"","type":"atom","absencetext":null,"has_absent":"false","absent_info_text":"","removed_info":""}],"4":[{"lesson":"4","group":"","room":"313","subject":"FY","subject_text":"Fyzika","teacher":"Pt","teacher_text":"Pt","change_info":"","theme":"","type":"atom","absencetext":null,"has_absent":"false","absent_info_text":"","removed_info":""}],"5":[{"lesson":"5","group":"2","room":"311","subject":"AJ","subject_text":"Anglický jazyk","teacher":"Sch","teacher_text":"Sch","change_info":"","theme":"","type":"atom","absencetext":null,"has_absent":"false","absent_info_text":"","removed_info":""},{"lesson":"5","group":"1","room":"313","subject":"AJ","subject_text":"Anglický jazyk","teacher":"Ds","teacher_text":"Ds","change_info":"","theme":"","type":"atom","absencetext":null,"has_absent":"false","absent_info_text":"","removed_info":""}],"6":[{"lesson":"6","group":"","room":"313","subject":"SE","subject_text":"Strojírenství v elektroenergetice","teacher":"Kr","teacher_text":"Kr","change_info":"","theme":"","type":"atom","absencetext":null,"has_absent":"false","absent_info_text":"","removed_info":""}],"8":[{"lesson":"8","group":"","room":"313","subject":"ZSV","subject_text":"Základy společenských věd","teacher":"Fd","teacher_text":"Fd","change_info":"","theme":"","type":"atom","absencetext":null,"has_absent":"false","absent_info_text":"","removed_info":""}],"11":[{"lesson":"0","group":"2","room":"306","subject":"DTc","subject_text":"Digitální technika - cvičení","teacher":"Rů","teacher_text":"Rů","change_info":"","theme":"","type":"atom","absencetext":null,"has_absent":"false","absent_info_text":"","removed_info":""},{"lesson":"0","group":"1","room":"216","subject":"ZEc","subject_text":"Základy elektrotechniky-cvičení","teacher":"Su","teacher_text":"Su","change_info":"","theme":"","type":"atom","absencetext":null,"has_absent":"false","absent_info_text":"","removed_info":""}],"12":[{"lesson":"1","group":"2","room":"306","subject":"DTc","subject_text":"Digitální technika - cvičení","teacher":"Rů","teacher_text":"Rů","change_info":"","theme":"","type":"atom","absencetext":null,"has_absent":"false","absent_info_text":"","removed_info":""},{"lesson":"1","group":"1","room":"216","subject":"ZEc","subject_text":"Základy elektrotechniky-cvičení","teacher":"Su","teacher_text":"Su","change_info":"","theme":"","type":"atom","absencetext":null,"has_absent":"false","absent_info_text":"","removed_info":""}],"13":[{"lesson":"2","group":"","room":"313","subject":"ZSV","subject_text":"Základy společenských věd","teacher":"Fd","teacher_text":"Fd","change_info":"","theme":"","type":"atom","absencetext":null,"has_absent":"false","absent_info_text":"","removed_info":""}],"14":[{"lesson":"3","group":"","room":"313","subject":"CL","subject_text":"Český jazyk a literatura","teacher":"Fd","teacher_text":"Fd","change_info":"","theme":"","type":"atom","absencetext":null,"has_absent":"false","absent_info_text":"","removed_info":""}],"15":[{"lesson":"4","group":"2","room":"","subject":"TV","subject_text":"Tělesná výchova","teacher":"Ma","teacher_text":"Ma","change_info":"","theme":"","type":"atom","absencetext":null,"has_absent":"false","absent_info_text":"","removed_info":""},{"lesson":"4","group":"1","room":"213","subject":"TV","subject_text":"Tělesná výchova","teacher":"Bi","teacher_text":"Bi","change_info":"","theme":"","type":"atom","absencetext":null,"has_absent":"false","absent_info_text":"","removed_info":""}],"16":[{"lesson":"5","group":"2","room":"","subject":"TV","subject_text":"Tělesná výchova","teacher":"Ma","teacher_text":"Ma","change_info":"","theme":"","type":"atom","absencetext":null,"has_absent":"false","absent_info_text":"","removed_info":""},{"lesson":"5","group":"1","room":"213","subject":"TV","subject_text":"Tělesná výchova","teacher":"Bi","teacher_text":"Bi","change_info":"","theme":"","type":"atom","absencetext":null,"has_absent":"false","absent_info_text":"","removed_info":""}],"18":[{"lesson":"7","group":"P3","room":"D24","subject":"VEc","subject_text":"Výkonová elektronika - cvičení","teacher":"Sy","teacher_text":"Sy","change_info":"","theme":"","type":"atom","absencetext":null,"has_absent":"false","absent_info_text":"","removed_info":""}],"19":[{"lesson":"8","group":"P3","room":"D24","subject":"VEc","subject_text":"Výkonová elektronika - cvičení","teacher":"Sy","teacher_text":"Sy","change_info":"","theme":"","type":"atom","absencetext":null,"has_absent":"false","absent_info_text":"","removed_info":""}],"22":[{"lesson":"0","group":"P2","room":"D26","subject":"PRA","subject_text":"Praxe","teacher":"Ko","teacher_text":"Ko","change_info":"","theme":"","type":"atom","absencetext":null,"has_absent":"false","absent_info_text":"","removed_info":""},{"lesson":"0","group":"P1","room":"D12","subject":"PRA","subject_text":"Praxe","teacher":"Pe","teacher_text":"Pe","change_info":"","theme":"","type":"atom","absencetext":null,"has_absent":"false","absent_info_text":"","removed_info":""},{"lesson":"0","group":"P3","room":"D25","subject":"PRA","subject_text":"Praxe","teacher":"Ra","teacher_text":"Ra","change_info":"","theme":"","type":"atom","absencetext":null,"has_absent":"false","absent_info_text":"","removed_info":""}],"23":[{"lesson":"1","group":"P2","room":"D26","subject":"PRA","subject_text":"Praxe","teacher":"Ko","teacher_text":"Ko","change_info":"","theme":"","type":"atom","absencetext":null,"has_absent":"false","absent_info_text":"","removed_info":""},{"lesson":"1","group":"P1","room":"D12","subject":"PRA","subject_text":"Praxe","teacher":"Pe","teacher_text":"Pe","change_info":"","theme":"","type":"atom","absencetext":null,"has_absent":"false","absent_info_text":"","removed_info":""},{"lesson":"1","group":"P3","room":"D25","subject":"PRA","subject_text":"Praxe","teacher":"Ra","teacher_text":"Ra","change_info":"","theme":"","type":"atom","absencetext":null,"has_absent":"false","absent_info_text":"","removed_info":""}],"24":[{"lesson":"2","group":"P2","room":"D26","subject":"PRA","subject_text":"Praxe","teacher":"Ko","teacher_text":"Ko","change_info":"","theme":"","type":"atom","absencetext":null,"has_absent":"false","absent_info_text":"","removed_info":""},{"lesson":"2","group":"P1","room":"D12","subject":"PRA","subject_text":"Praxe","teacher":"Pe","teacher_text":"Pe","change_info":"","theme":"","type":"atom","absencetext":null,"has_absent":"false","absent_info_text":"","removed_info":""},{"lesson":"2","group":"P3","room":"D25","subject":"PRA","subject_text":"Praxe","teacher":"Ra","teacher_text":"Ra","change_info":"","theme":"","type":"atom","absencetext":null,"has_absent":"false","absent_info_text":"","removed_info":""}],"25":[{"lesson":"3","group":"","room":"313","subject":"ER","subject_text":"Elektrické rozvody","teacher":"Vs","teacher_text":"Vs","change_info":"","theme":"","type":"atom","absencetext":null,"has_absent":"false","absent_info_text":"","removed_info":""}],"26":[{"lesson":"4","group":"2","room":"108","subject":"AJ","subject_text":"Anglický jazyk","teacher":"Sch","teacher_text":"Sch","change_info":"","theme":"","type":"atom","absencetext":null,"has_absent":"false","absent_info_text":"","removed_info":""},{"lesson":"4","group":"1","room":"313","subject":"AJ","subject_text":"Anglický jazyk","teacher":"Ds","teacher_text":"Ds","change_info":"","theme":"","type":"atom","absencetext":null,"has_absent":"false","absent_info_text":"","removed_info":""}],"27":[{"lesson":"5","group":"","room":"313","subject":"ZE","subject_text":"Základy elektrotechniky","teacher":"Su","teacher_text":"Su","change_info":"Suplování: ZE, Stuchlý Jaroslav (MA, Pl)","theme":"","type":"atom","absencetext":null,"has_absent":"false","absent_info_text":"","removed_info":""}],"28":[{"lesson":"6","group":"","room":"313","subject":"SE","subject_text":"Strojírenství v elektroenergetice","teacher":"Kr","teacher_text":"Kr","change_info":"","theme":"","type":"atom","absencetext":null,"has_absent":"false","absent_info_text":"","removed_info":""}],"34":[{"lesson":"","group":"","room":"","subject":"TH","subject_text":"Třídnická hodina","teacher":null,"teacher_text":"","change_info":"","theme":null,"type":"absent","absencetext":null,"has_absent":"","absent_info_text":"","removed_info":""}],"35":[{"lesson":"","group":"","room":"","subject":"TH","subject_text":"Třídnická hodina","teacher":null,"teacher_text":"","change_info":"","theme":null,"type":"absent","absencetext":null,"has_absent":"","absent_info_text":"","removed_info":""}],"36":[{"lesson":"","group":"","room":"","subject":"TH","subject_text":"Třídnická hodina","teacher":null,"teacher_text":"","change_info":"","theme":null,"type":"absent","absencetext":null,"has_absent":"","absent_info_text":"","removed_info":""}],"37":[{"lesson":"","group":"","room":"","subject":"ŠA","subject_text":"Školní akce","teacher":null,"teacher_text":"","change_info":"","theme":null,"type":"absent","absencetext":null,"has_absent":"","absent_info_text":"","removed_info":""}],"38":[{"lesson":"","group":"","room":"","subject":"ŠA","subject_text":"Školní akce","teacher":null,"teacher_text":"","change_info":"","theme":null,"type":"absent","absencetext":null,"has_absent":"","absent_info_text":"","removed_info":""}],"39":[{"lesson":"","group":"","room":"","subject":"ŠA","subject_text":"Školní akce","teacher":null,"teacher_text":"","change_info":"","theme":null,"type":"absent","absencetext":null,"has_absent":"","absent_info_text":"","removed_info":""}],"40":[{"lesson":"","group":"","room":"","subject":"","subject_text":"","teacher":null,"teacher_text":"","change_info":"","theme":null,"type":"removed","absencetext":null,"has_absent":"","absent_info_text":"","removed_info":"Vyjmuto z rozvrhu (IT, Petrásek Jan)Vyjmuto z rozvrhu (IT, Šímová Zuzana)"}],"41":[{"lesson":"","group":"","room":"","subject":"","subject_text":"","teacher":null,"teacher_text":"","change_info":"","theme":null,"type":"removed","absencetext":null,"has_absent":"","absent_info_text":"","removed_info":"Vyjmuto z rozvrhu (VEc, Smutný Oldřich)"}],"42":[{"lesson":"","group":"","room":"","subject":"","subject_text":"","teacher":null,"teacher_text":"","change_info":"","theme":null,"type":"removed","absencetext":null,"has_absent":"","absent_info_text":"","removed_info":"Vyjmuto z rozvrhu (VEc, Smutný Oldřich)"}],"45":[{"lesson":"","group":"","room":"","subject":"ŠA","subject_text":"Školní akce","teacher":null,"teacher_text":"","change_info":"","theme":null,"type":"absent","absencetext":null,"has_absent":"","absent_info_text":"","removed_info":""}],"46":[{"lesson":"","group":"","room":"","subject":"ŠA","subject_text":"Školní akce","teacher":null,"teacher_text":"","change_info":"","theme":null,"type":"absent","absencetext":null,"has_absent":"","absent_info_text":"","removed_info":""}],"47":[{"lesson":"","group":"","room":"","subject":"ŠA","subject_text":"Školní akce","teacher":null,"teacher_text":"","change_info":"","theme":null,"type":"absent","absencetext":null,"has_absent":"","absent_info_text":"","removed_info":""}],"48":[{"lesson":"","group":"","room":"","subject":"ŠA","subject_text":"Školní akce","teacher":null,"teacher_text":"","change_info":"","theme":null,"type":"absent","absencetext":null,"has_absent":"","absent_info_text":"","removed_info":""}],"49":[{"lesson":"","group":"","room":"","subject":"ŠA","subject_text":"Školní akce","teacher":null,"teacher_text":"","change_info":"","theme":null,"type":"absent","absencetext":null,"has_absent":"","absent_info_text":"","removed_info":""}],"50":[{"lesson":"","group":"","room":"","subject":"ŠA","subject_text":"Školní akce","teacher":null,"teacher_text":"","change_info":"","theme":null,"type":"absent","absencetext":null,"has_absent":"","absent_info_text":"","removed_info":""}]}