{"1":[{"lesson":"1","group":"3.EM 1","room":"113","subject":"AJ","subject_text":"Anglický jazyk","teacher":"Ds","teacher_text":"Ds","change_info":"","theme":"Writing - filling a form","type":"atom","absencetext":null,"has_absent":"false","absent_info_text":"","removed_info":""}],"2":[{"lesson":"2","group":"3.EM celá","room":"113","subject":"EP","subject_text":"Elektrické pohony","teacher":"Vy","teacher_text":"Vy","change_info":"","theme":"Opakování","type":"atom","absencetext":null,"has_absent":"false","absent_info_text":"","removed_info":""}],"3":[{"lesson":"3","group":"3.EM celá","room":"113","subject":"EP","subject_text":"Elektrické pohony","teacher":"Vy","teacher_text":"Vy","change_info":"","theme":"Transformátory","type":"atom","absencetext":null,"has_absent":"false","absent_info_text":"","removed_info":""}],"4":[{"lesson":"4","group":"3.EM celá","room":"113","subject":"MA","subject_text":"Matematika","teacher":"Pl","teacher_text":"Pl","change_info":"","theme":"Limita posloupnosti","type":"atom","absencetext":null,"has_absent":"false","absent_info_text":"","removed_info":""}],"12":[{"lesson":"1","group":"3.EM celá","room":"113","subject":"AD","subject_text":"Automatizace dopravy","teacher":"Si","teacher_text":"Si","change_info":"","theme":"","type":"atom","absencetext":null,"has_absent":"false","absent_info_text":"","removed_info":""}],"13":[{"lesson":"2","group":"3.EM celá","room":"113","subject":"EK","subject_text":"Ekonomika","teacher":"Pu","teacher_text":"Pu","change_info":"","theme":"Zrychlené odpisy","type":"atom","absencetext":null,"has_absent":"false","absent_info_text":"","removed_info":""}],"14":[{"lesson":"3","group":"3.EM celá","room":"113","subject":"STR","subject_text":"Strojírenství","teacher":"St","teacher_text":"St","change_info":"","theme":"Rámy jednostopých vozidel","type":"atom","absencetext":null,"has_absent":"false","absent_info_text":"","removed_info":""}],"15":[{"lesson":"4","group":"3.EM celá","room":"113","subject":"STR","subject_text":"Strojírenství","teacher":"St","teacher_text":"St","change_info":"","theme":"Rámy jednostopých vozidel","type":"atom","absencetext":null,"has_absent":"false","absent_info_text":"","removed_info":""}],"16":[{"lesson":"5","group":"3.EM celá","room":"113","subject":"CL","subject_text":"Český jazyk a literatura","teacher":"Šu","teacher_text":"Šu","change_info":"","theme":"Úvaha","type":"atom","absencetext":null,"has_absent":"false","absent_info_text":"","removed_info":""}],"18":[{"lesson":"7","group":"3.EM 2","room":"113","subject":"TESc","subject_text":"Technologie ve strojírenství cvičení","teacher":"Va","teacher_text":"Va","change_info":"","theme":"Dělené TM","type":"atom","absencetext":null,"has_absent":"false","absent_info_text":"","removed_info":""}],"19":[{"lesson":"8","group":"3.EM 1","room":"113","subject":"TESc","subject_text":"Technologie ve strojírenství cvičení","teacher":"Va","teacher_text":"Va","change_info":"","theme":"Dělení TM","type":"atom","absencetext":null,"has_absent":"false","absent_info_text":"","removed_info":""}],"22":[{"lesson":"0","group":"3.EM celá","room":"113","subject":"ZSV","subject_text":"Základy společenských věd","teacher":"Fd","teacher_text":"Fd","change_info":"","theme":"","type":"atom","absencetext":null,"has_absent":"false","absent_info_text":"","removed_info":""}],"23":[{"lesson":"1","group":"3.EM celá","room":"113","subject":"EV","subject_text":"Elektronika vozidel","teacher":"Si","teacher_text":"Si","change_info":"","theme":"","type":"atom","absencetext":null,"has_absent":"false","absent_info_text":"","removed_info":""}],"24":[{"lesson":"2","group":"3.EM celá","room":"113","subject":"EKc","subject_text":"Ekonomika cvičení","teacher":"Pu","teacher_text":"Pu","change_info":"","theme":"","type":"atom","absencetext":null,"has_absent":"false","absent_info_text":"","removed_info":""}],"25":[{"lesson":"3","group":"3.EM celá","room":"113","subject":"CL","subject_text":"Český jazyk a literatura","teacher":"Šu","teacher_text":"Šu","change_info":"","theme":"Úvaha","type":"atom","absencetext":null,"has_absent":"false","absent_info_text":"","removed_info":""}],"26":[{"lesson":"4","group":"3.EM celá","room":"113","subject":"MA","subject_text":"Matematika","teacher":"Pl","teacher_text":"Pl","change_info":"","theme":"","type":"atom","absencetext":null,"has_absent":"false","absent_info_text":"","removed_info":""}],"34":[{"lesson":"1","group":"1.EM 2","room":"113","subject":"AJ","subject_text":"Anglický jazyk","teacher":"Sch","teacher_text":"Sch","change_info":"","theme":"","type":"atom","absencetext":null,"has_absent":"false","absent_info_text":"","removed_info":""}],"35":[{"lesson":"2","group":"2.EE 2","room":"113","subject":"MA","subject_text":"Matematika","teacher":"Pl","teacher_text":"Pl","change_info":"","theme":"","type":"atom","absencetext":null,"has_absent":"false","absent_info_text":"","removed_info":""}],"36":[{"lesson":"3","group":"4.EB 2","room":"113","subject":"AJ","subject_text":"Anglický jazyk","teacher":"Ds","teacher_text":"Ds","change_info":"","theme":"","type":"atom","absencetext":null,"has_absent":"false","absent_info_text":"","removed_info":""}],"37":[{"lesson":"4","group":"3.EM celá","room":"113","subject":"CL","subject_text":"Český jazyk a literatura","teacher":"Šu","teacher_text":"Šu","change_info":"","theme":"","type":"atom","absencetext":null,"has_absent":"false","absent_info_text":"","removed_info":""}],"39":[{"lesson":"6","group":"3.EM 2","room":"113","subject":"MA","subject_text":"Matematika","teacher":"Pl","teacher_text":"Pl","change_info":"","theme":"","type":"atom","absencetext":null,"has_absent":"false","absent_info_text":"","removed_info":""}],"40":[{"lesson":"7","group":"3.EM 1","room":"113","subject":"MA","subject_text":"Matematika","teacher":"Pl","teacher_text":"Pl","change_info":"","theme":"","type":"atom","absencetext":null,"has_absent":"false","absent_info_text":"","removed_info":""}],"41":[{"lesson":"8","group":"1.ER 2","room":"113","subject":"AJ","subject_text":"Anglický jazyk","teacher":"By","teacher_text":"By","change_info":"","theme":"","type":"atom","absencetext":null,"has_absent":"false","absent_info_text":"","removed_info":""}],"46":[{"lesson":"2","group":"1.ER 2","room":"113","subject":"AJ","subject_text":"Anglický jazyk","teacher":"By","teacher_text":"By","change_info":"","theme":"","type":"atom","absencetext":null,"has_absent":"false","absent_info_text":"","removed_info":""}],"47":[{"lesson":"3","group":"3.EM celá","room":"113","subject":"EK","subject_text":"Ekonomika","teacher":"Pu","teacher_text":"Pu","change_info":"","theme":"","type":"atom","absencetext":null,"has_absent":"false","absent_info_text":"","removed_info":""}],"48":[{"lesson":"4","group":"3.EM celá","room":"113","subject":"EV","subject_text":"Elektronika vozidel","teacher":"Si","teacher_text":"Si","change_info":"","theme":"","type":"atom","absencetext":null,"has_absent":"false","absent_info_text":"","removed_info":""}],"49":[{"lesson":"5","group":"3.EM celá","room":"113","subject":"AD","subject_text":"Automatizace dopravy","teacher":"Si","teacher_text":"Si","change_info":"","theme":"","type":"atom","absencetext":null,"has_absent":"false","absent_info_text":"","removed_info":""}],"50":[{"lesson":"6","group":"3.EM celá","room":"113","subject":"TES","subject_text":"Technologie ve strojírenství","teacher":"Va","teacher_text":"Va","change_info":"","theme":"","type":"atom","absencetext":null,"has_absent":"false","absent_info_text":"","removed_info":""}]}