{"1":[{"lesson":"1","group":"2.EM celá","room":"210","subject":"CL","subject_text":"Český jazyk a literatura","teacher":"","teacher_text":"","change_info":"","theme":"MRL - další osobnosti; Český literární realismus","type":"atom","absencetext":null,"has_absent":"false","absent_info_text":"","removed_info":""}],"2":[{"lesson":"2","group":"4.SB celá","room":"201","subject":"CL","subject_text":"Český jazyk a literatura","teacher":"","teacher_text":"","change_info":"","theme":"Česká poezie po 1945 - Skácel","type":"atom","absencetext":null,"has_absent":"false","absent_info_text":"","removed_info":""}],"4":[{"lesson":"","group":"","room":"","subject":"","subject_text":"","teacher":null,"teacher_text":"","change_info":"","theme":null,"type":"removed","absencetext":null,"has_absent":"","absent_info_text":"","removed_info":"Absence třídy (3.EE, CL)"}],"5":[{"lesson":"5","group":"1.ER celá","room":"302","subject":"CL","subject_text":"Český jazyk a literatura","teacher":"","teacher_text":"","change_info":"","theme":"Renesance - Cervantes","type":"atom","absencetext":null,"has_absent":"false","absent_info_text":"","removed_info":""}],"6":[{"lesson":"6","group":"1.ER celá","room":"302","subject":"DJ","subject_text":"Dějepis","teacher":"","teacher_text":"","change_info":"","theme":"ČSR - 50. léta, politické procesy","type":"atom","absencetext":null,"has_absent":"false","absent_info_text":"","removed_info":""}],"11":[{"lesson":"0","group":"1.EE celá","room":"308","subject":"CL","subject_text":"Český jazyk a literatura","teacher":"","teacher_text":"","change_info":"","theme":"Renesance - Cervantes","type":"atom","absencetext":null,"has_absent":"false","absent_info_text":"","removed_info":""}],"12":[{"lesson":"1","group":"2.EM celá","room":"210","subject":"CL","subject_text":"Český jazyk a literatura","teacher":"","teacher_text":"","change_info":"","theme":"Český literární realismus - Jirásek","type":"atom","absencetext":null,"has_absent":"false","absent_info_text":"","removed_info":""}],"14":[{"lesson":"3","group":"4.EB 1","room":"307","subject":"CL","subject_text":"Český jazyk a literatura","teacher":"","teacher_text":"","change_info":"","theme":"Opakování","type":"atom","absencetext":null,"has_absent":"false","absent_info_text":"","removed_info":""}],"15":[{"lesson":"4","group":"4.EB 2","room":"307","subject":"CL","subject_text":"Český jazyk a literatura","teacher":"","teacher_text":"","change_info":"","theme":"Opakování","type":"atom","absencetext":null,"has_absent":"false","absent_info_text":"","removed_info":""}],"23":[{"lesson":"1","group":"1.ER celá","room":"302","subject":"CL","subject_text":"Český jazyk a literatura","teacher":"","teacher_text":"","change_info":"","theme":"Renesance - česká renesance","type":"atom","absencetext":null,"has_absent":"false","absent_info_text":"","removed_info":""}],"24":[{"lesson":"2","group":"1.EE 2","room":"308","subject":"CL","subject_text":"Český jazyk a literatura","teacher":"","teacher_text":"","change_info":"","theme":"Renesance - Shakespeare","type":"atom","absencetext":null,"has_absent":"false","absent_info_text":"","removed_info":""}],"25":[{"lesson":"3","group":"1.EE 1","room":"308","subject":"CL","subject_text":"Český jazyk a literatura","teacher":"","teacher_text":"","change_info":"","theme":"Renesance - Shakespeare","type":"atom","absencetext":null,"has_absent":"false","absent_info_text":"","removed_info":""}],"26":[{"lesson":"4","group":"2.EM celá","room":"210","subject":"CL","subject_text":"Český jazyk a literatura","teacher":"","teacher_text":"","change_info":"","theme":"Český literární realismus - Mrštík","type":"atom","absencetext":null,"has_absent":"false","absent_info_text":"","removed_info":""}],"27":[{"lesson":"5","group":"1.EE celá","room":"308","subject":"DJ","subject_text":"Dějepis","teacher":"","teacher_text":"","change_info":"","theme":"ČSR - 50. léta, politické procesy","type":"atom","absencetext":null,"has_absent":"false","absent_info_text":"","removed_info":""}],"33":[{"lesson":"0","group":"1.EE celá","room":"308","subject":"DJ","subject_text":"Dějepis","teacher":"","teacher_text":"","change_info":"","theme":"ČSR - politické procesy, Milada Horáková","type":"atom","absencetext":null,"has_absent":"false","absent_info_text":"","removed_info":""}],"34":[{"lesson":"1","group":"1.EE celá","room":"308","subject":"CL","subject_text":"Český jazyk a literatura","teacher":"","teacher_text":"","change_info":"","theme":"Renesance - česká renesance","type":"atom","absencetext":null,"has_absent":"false","absent_info_text":"","removed_info":""}],"36":[{"lesson":"","group":"","room":"","subject":"","subject_text":"","teacher":null,"teacher_text":"","change_info":"","theme":null,"type":"removed","absencetext":null,"has_absent":"","absent_info_text":"","removed_info":"Absence třídy (3.EE, CL)"}],"37":[{"lesson":"4","group":"1.ER 2","room":"308","subject":"CL","subject_text":"Český jazyk a literatura","teacher":"","teacher_text":"","change_info":"","theme":"Renesance - Shakespeare","type":"atom","absencetext":null,"has_absent":"false","absent_info_text":"","removed_info":""}],"38":[{"lesson":"5","group":"1.ER 1","room":"308","subject":"CL","subject_text":"Český jazyk a literatura","teacher":"","teacher_text":"","change_info":"","theme":"Renesance - Shakespeare","type":"atom","absencetext":null,"has_absent":"false","absent_info_text":"","removed_info":""}],"39":[{"lesson":"6","group":"4.EB celá","room":"304","subject":"CL","subject_text":"Český jazyk a literatura","teacher":"","teacher_text":"","change_info":"","theme":"Česká poezie po 1945 - Skácel","type":"atom","absencetext":null,"has_absent":"false","absent_info_text":"","removed_info":""}],"40":[{"lesson":"7","group":"1.ER celá","room":"302","subject":"DJ","subject_text":"Dějepis","teacher":"","teacher_text":"","change_info":"","theme":"ČSR - politické procesy, Milada Horáková","type":"atom","absencetext":null,"has_absent":"false","absent_info_text":"","removed_info":""}],"45":[{"lesson":"1","group":"4.SB 2","room":"203","subject":"CL","subject_text":"Český jazyk a literatura","teacher":"","teacher_text":"","change_info":"","theme":"Krátký DT","type":"atom","absencetext":null,"has_absent":"false","absent_info_text":"","removed_info":""}],"46":[{"lesson":"2","group":"4.SB 1","room":"203","subject":"CL","subject_text":"Český jazyk a literatura","teacher":"","teacher_text":"","change_info":"","theme":"Krátký DT","type":"atom","absencetext":null,"has_absent":"false","absent_info_text":"","removed_info":""}],"47":[{"lesson":"","group":"","room":"","subject":"","subject_text":"","teacher":null,"teacher_text":"","change_info":"","theme":null,"type":"removed","absencetext":null,"has_absent":"","absent_info_text":"","removed_info":"Absence třídy (3.EE, CL)"}],"48":[{"lesson":"4","group":"4.SB celá","room":"203","subject":"CL","subject_text":"Český jazyk a literatura","teacher":"","teacher_text":"","change_info":"","theme":"Česká poezie po 1945 - Hrubín","type":"atom","absencetext":null,"has_absent":"false","absent_info_text":"","removed_info":""}],"49":[{"lesson":"5","group":"4.EB celá","room":"304","subject":"CL","subject_text":"Český jazyk a literatura","teacher":"","teacher_text":"","change_info":"","theme":"Česká poezie po 1945 - Hrubín","type":"atom","absencetext":null,"has_absent":"false","absent_info_text":"","removed_info":""}]}