{"1":[{"lesson":"1","group":"2.EM celá","room":"210","subject":"CL","subject_text":"Český jazyk a literatura","teacher":"","teacher_text":"","change_info":"","theme":"","type":"atom","absencetext":null,"has_absent":"false","absent_info_text":"","removed_info":""}],"2":[{"lesson":"2","group":"4.SB celá","room":"201","subject":"CL","subject_text":"Český jazyk a literatura","teacher":"","teacher_text":"","change_info":"","theme":"","type":"atom","absencetext":null,"has_absent":"false","absent_info_text":"","removed_info":""}],"3":[{"lesson":"3","group":"1.ER celá","room":"302","subject":"CL","subject_text":"Český jazyk a literatura","teacher":"","teacher_text":"","change_info":"","theme":"","type":"atom","absencetext":null,"has_absent":"false","absent_info_text":"","removed_info":""}],"4":[{"lesson":"4","group":"3.EE celá","room":"311","subject":"CL","subject_text":"Český jazyk a literatura","teacher":"","teacher_text":"","change_info":"","theme":"","type":"atom","absencetext":null,"has_absent":"false","absent_info_text":"","removed_info":""}],"5":[{"lesson":"5","group":"1.ER celá","room":"302","subject":"DJ","subject_text":"Dějepis","teacher":"","teacher_text":"","change_info":"","theme":"","type":"atom","absencetext":null,"has_absent":"false","absent_info_text":"","removed_info":""}],"12":[{"lesson":"1","group":"2.EM celá","room":"210","subject":"CL","subject_text":"Český jazyk a literatura","teacher":"","teacher_text":"","change_info":"","theme":"","type":"atom","absencetext":null,"has_absent":"false","absent_info_text":"","removed_info":""}],"13":[{"lesson":"2","group":"1.EE celá","room":"308","subject":"CL","subject_text":"Český jazyk a literatura","teacher":"","teacher_text":"","change_info":"","theme":"","type":"atom","absencetext":null,"has_absent":"false","absent_info_text":"","removed_info":""}],"14":[{"lesson":"3","group":"4.EB celá","room":"304","subject":"CL","subject_text":"Český jazyk a literatura","teacher":"","teacher_text":"","change_info":"Přidáno do rozvrhu: 4.EB, CL, Petržalová Ludmila, 304 - za odpadlou","theme":"","type":"atom","absencetext":null,"has_absent":"false","absent_info_text":"","removed_info":""}],"15":[{"lesson":"4","group":"4.EB celá","room":"304","subject":"CL","subject_text":"Český jazyk a literatura","teacher":"","teacher_text":"","change_info":"Přidáno do rozvrhu: 4.EB, CL, Petržalová Ludmila, 304 - za odpadlou","theme":"","type":"atom","absencetext":null,"has_absent":"false","absent_info_text":"","removed_info":""}],"18":[{"lesson":"7","group":"1.ER celá","room":"302","subject":"DJ","subject_text":"Dějepis","teacher":"","teacher_text":"","change_info":"","theme":"","type":"atom","absencetext":null,"has_absent":"false","absent_info_text":"","removed_info":""}],"23":[{"lesson":"1","group":"1.ER celá","room":"302","subject":"CL","subject_text":"Český jazyk a literatura","teacher":"","teacher_text":"","change_info":"","theme":"","type":"atom","absencetext":null,"has_absent":"false","absent_info_text":"","removed_info":""}],"24":[{"lesson":"2","group":"1.EE 2","room":"308","subject":"CL","subject_text":"Český jazyk a literatura","teacher":"","teacher_text":"","change_info":"","theme":"","type":"atom","absencetext":null,"has_absent":"false","absent_info_text":"","removed_info":""}],"25":[{"lesson":"3","group":"1.EE 1","room":"308","subject":"CL","subject_text":"Český jazyk a literatura","teacher":"","teacher_text":"","change_info":"","theme":"","type":"atom","absencetext":null,"has_absent":"false","absent_info_text":"","removed_info":""}],"26":[{"lesson":"4","group":"2.EM celá","room":"210","subject":"CL","subject_text":"Český jazyk a literatura","teacher":"","teacher_text":"","change_info":"","theme":"","type":"atom","absencetext":null,"has_absent":"false","absent_info_text":"","removed_info":""}],"27":[{"lesson":"5","group":"1.EE celá","room":"308","subject":"DJ","subject_text":"Dějepis","teacher":"","teacher_text":"","change_info":"","theme":"","type":"atom","absencetext":null,"has_absent":"false","absent_info_text":"","removed_info":""}],"33":[{"lesson":"0","group":"1.EE celá","room":"308","subject":"DJ","subject_text":"Dějepis","teacher":"","teacher_text":"","change_info":"","theme":"","type":"atom","absencetext":null,"has_absent":"false","absent_info_text":"","removed_info":""}],"34":[{"lesson":"","group":"","room":"","subject":"","subject_text":"","teacher":null,"teacher_text":"","change_info":"","theme":null,"type":"removed","absencetext":null,"has_absent":"","absent_info_text":"","removed_info":"Výměna na 21.11., 2. hod (1.EE+, CL)"}],"35":[{"lesson":"2","group":"1.ER celá","room":"302","subject":"CL","subject_text":"Český jazyk a literatura","teacher":"","teacher_text":"","change_info":"Výměna z 11.12., 1: 1.ER, CL, 302","theme":"","type":"atom","absencetext":null,"has_absent":"false","absent_info_text":"","removed_info":""}],"36":[{"lesson":"3","group":"1.ER celá","room":"302","subject":"CL","subject_text":"Český jazyk a literatura","teacher":"","teacher_text":"","change_info":"Suplování: CL - za odpadlou (ZE, Vs)","theme":"","type":"atom","absencetext":null,"has_absent":"false","absent_info_text":"","removed_info":""}],"37":[{"lesson":"4","group":"1.ER 2","room":"308","subject":"CL","subject_text":"Český jazyk a literatura","teacher":"","teacher_text":"","change_info":"","theme":"","type":"atom","absencetext":null,"has_absent":"false","absent_info_text":"","removed_info":""}],"38":[{"lesson":"5","group":"1.ER 1","room":"308","subject":"CL","subject_text":"Český jazyk a literatura","teacher":"","teacher_text":"","change_info":"","theme":"","type":"atom","absencetext":null,"has_absent":"false","absent_info_text":"","removed_info":""}],"39":[{"lesson":"6","group":"4.EB celá","room":"304","subject":"CL","subject_text":"Český jazyk a literatura","teacher":"","teacher_text":"","change_info":"","theme":"","type":"atom","absencetext":null,"has_absent":"false","absent_info_text":"","removed_info":""}],"45":[{"lesson":"1","group":"4.SB 2","room":"203","subject":"CL","subject_text":"Český jazyk a literatura","teacher":"","teacher_text":"","change_info":"","theme":"","type":"atom","absencetext":null,"has_absent":"false","absent_info_text":"","removed_info":""}],"46":[{"lesson":"2","group":"4.SB 1","room":"203","subject":"CL","subject_text":"Český jazyk a literatura","teacher":"","teacher_text":"","change_info":"","theme":"","type":"atom","absencetext":null,"has_absent":"false","absent_info_text":"","removed_info":""}],"47":[{"lesson":"3","group":"3.EE celá","room":"311","subject":"CL","subject_text":"Český jazyk a literatura","teacher":"","teacher_text":"","change_info":"","theme":"","type":"atom","absencetext":null,"has_absent":"false","absent_info_text":"","removed_info":""}],"48":[{"lesson":"4","group":"4.SB celá","room":"203","subject":"CL","subject_text":"Český jazyk a literatura","teacher":"","teacher_text":"","change_info":"","theme":"","type":"atom","absencetext":null,"has_absent":"false","absent_info_text":"","removed_info":""}],"49":[{"lesson":"5","group":"4.EB celá","room":"304","subject":"CL","subject_text":"Český jazyk a literatura","teacher":"","teacher_text":"","change_info":"","theme":"","type":"atom","absencetext":null,"has_absent":"false","absent_info_text":"","removed_info":""}]}