{"1":[{"lesson":"1","group":"1.ER celá","room":"302","subject":"CH","subject_text":"Chemie","teacher":"Ml","teacher_text":"Ml","change_info":"","theme":"Chemické výpočty - objemový zlomek, látkové množství","type":"atom","absencetext":null,"has_absent":"false","absent_info_text":"","removed_info":""}],"2":[{"lesson":"2","group":"1.ER celá","room":"302","subject":"ZE","subject_text":"Základy elektrotechniky","teacher":"Vs","teacher_text":"Vs","change_info":"","theme":"Paralelní a sériové zapojení zdrojů","type":"atom","absencetext":null,"has_absent":"false","absent_info_text":"","removed_info":""}],"3":[{"lesson":"3","group":"1.ER celá","room":"302","subject":"CL","subject_text":"Český jazyk a literatura","teacher":"Pz","teacher_text":"Pz","change_info":"","theme":"Středověká literatura - románský a gotický sloh, eposy","type":"atom","absencetext":null,"has_absent":"false","absent_info_text":"","removed_info":""}],"4":[{"lesson":"4","group":"1.ER celá","room":"302","subject":"MA","subject_text":"Matematika","teacher":"Ha","teacher_text":"Ha","change_info":"","theme":"Mocniny s racionálním exponentem","type":"atom","absencetext":null,"has_absent":"false","absent_info_text":"","removed_info":""}],"5":[{"lesson":"5","group":"1.ER celá","room":"302","subject":"DJ","subject_text":"Dějepis","teacher":"Pz","teacher_text":"Pz","change_info":"","theme":"Meziválečné období - bezpečnostní složky nacismu","type":"atom","absencetext":null,"has_absent":"false","absent_info_text":"","removed_info":""}],"8":[{"lesson":"8","group":"1.EM 2","room":"302","subject":"AJ","subject_text":"Anglický jazyk","teacher":"Sch","teacher_text":"Sch","change_info":"","theme":"Unit 5 test","type":"atom","absencetext":null,"has_absent":"false","absent_info_text":"","removed_info":""}],"13":[{"lesson":"2","group":"1.ER celá","room":"302","subject":"AJ","subject_text":"Anglický jazyk","teacher":"By","teacher_text":"By","change_info":"Suplování: AJ, Bydžovská Petra (ZE, Vs)","theme":"Two Thankgivings","type":"atom","absencetext":null,"has_absent":"false","absent_info_text":"","removed_info":""}],"14":[{"lesson":"3","group":"4.SA EU","room":"302","subject":"PE","subject_text":"Podniková ekonomika","teacher":"Pu","teacher_text":"Pu","change_info":"","theme":"Prověrka","type":"atom","absencetext":null,"has_absent":"false","absent_info_text":"","removed_info":""}],"15":[{"lesson":"4","group":"4.SA EU","room":"302","subject":"PE","subject_text":"Podniková ekonomika","teacher":"Pu","teacher_text":"Pu","change_info":"","theme":"Poměrní ukazatelé","type":"atom","absencetext":null,"has_absent":"false","absent_info_text":"","removed_info":""}],"18":[{"lesson":"7","group":"1.ER celá","room":"302","subject":"DJ","subject_text":"Dějepis","teacher":"Pz","teacher_text":"Pz","change_info":"","theme":"Meziválečné období - Německo ve 30. letech","type":"atom","absencetext":null,"has_absent":"false","absent_info_text":"","removed_info":""}],"19":[{"lesson":"8","group":"1.ER 1","room":"302","subject":"AJ","subject_text":"Anglický jazyk","teacher":"Ds","teacher_text":"Ds","change_info":"","theme":"What makes you happy - U2","type":"atom","absencetext":null,"has_absent":"false","absent_info_text":"","removed_info":""}],"23":[{"lesson":"1","group":"1.ER celá","room":"302","subject":"CL","subject_text":"Český jazyk a literatura","teacher":"Pz","teacher_text":"Pz","change_info":"","theme":"Středověká literatura - románský a gotický sloh, eposy","type":"atom","absencetext":null,"has_absent":"false","absent_info_text":"","removed_info":""}],"24":[{"lesson":"2","group":"1.ER celá","room":"302","subject":"TK","subject_text":"Technické kreslení","teacher":"Va","teacher_text":"Va","change_info":"Suplování: TK, Vávra Václav (FY, Pl)","theme":"Sklon, kuželovitost","type":"atom","absencetext":null,"has_absent":"false","absent_info_text":"","removed_info":""}],"25":[{"lesson":"3","group":"1.ER celá","room":"302","subject":"TK","subject_text":"Technické kreslení","teacher":"Va","teacher_text":"Va","change_info":"","theme":"Sklon, kuželovitost","type":"atom","absencetext":null,"has_absent":"false","absent_info_text":"","removed_info":""}],"26":[{"lesson":"4","group":"1.ER celá","room":"302","subject":"MA","subject_text":"Matematika","teacher":"Ha","teacher_text":"Ha","change_info":"","theme":"Mocniny s racionálním exponentem","type":"atom","absencetext":null,"has_absent":"false","absent_info_text":"","removed_info":""}],"33":[{"lesson":"0","group":"1.ER celá","room":"302","subject":"MA","subject_text":"Matematika","teacher":"Ha","teacher_text":"Ha","change_info":"","theme":"Mocniny s racionálním exponentem","type":"atom","absencetext":null,"has_absent":"false","absent_info_text":"","removed_info":""}],"34":[{"lesson":"1","group":"1.ER celá","room":"302","subject":"ZK","subject_text":"Základy ekologie","teacher":"Cho","teacher_text":"Cho","change_info":"","theme":"Hromadná vymírání; Biodivezita; nadměrný rybolov","type":"atom","absencetext":null,"has_absent":"false","absent_info_text":"","removed_info":""}],"35":[{"lesson":"2","group":"1.ER celá","room":"302","subject":"FY","subject_text":"Fyzika","teacher":"Pl","teacher_text":"Pl","change_info":"","theme":"Dostředivá síla","type":"atom","absencetext":null,"has_absent":"false","absent_info_text":"","removed_info":""}],"36":[{"lesson":"3","group":"1.ER celá","room":"302","subject":"ZE","subject_text":"Základy elektrotechniky","teacher":"Vs","teacher_text":"Vs","change_info":"","theme":"Opakování sério-paralelní zapojení rezistorů","type":"atom","absencetext":null,"has_absent":"false","absent_info_text":"","removed_info":""}],"37":[{"lesson":"4","group":"1.ER 1","room":"302","subject":"MA","subject_text":"Matematika","teacher":"Ha","teacher_text":"Ha","change_info":"","theme":"Mocniny s racionálním exponentem","type":"atom","absencetext":null,"has_absent":"false","absent_info_text":"","removed_info":""}],"38":[{"lesson":"5","group":"1.ER 2","room":"302","subject":"MA","subject_text":"Matematika","teacher":"Ha","teacher_text":"Ha","change_info":"","theme":"Mocniny s racionálním exponentem","type":"atom","absencetext":null,"has_absent":"false","absent_info_text":"","removed_info":""}],"39":[{"lesson":"6","group":"3.S 1","room":"302","subject":"AJ","subject_text":"Anglický jazyk","teacher":"Má","teacher_text":"Má","change_info":"","theme":"Shakespeare presentations","type":"atom","absencetext":null,"has_absent":"false","absent_info_text":"","removed_info":""}],"40":[{"lesson":"7","group":"1.ER celá","room":"302","subject":"TK","subject_text":"Technické kreslení","teacher":"Va","teacher_text":"Va","change_info":"","theme":"Řez, průřez","type":"atom","absencetext":null,"has_absent":"false","absent_info_text":"","removed_info":""}],"41":[{"lesson":"8","group":"1.ER 1","room":"302","subject":"AJ","subject_text":"Anglický jazyk","teacher":"Ds","teacher_text":"Ds","change_info":"","theme":"Present simple - practice","type":"atom","absencetext":null,"has_absent":"false","absent_info_text":"","removed_info":""}],"46":[{"lesson":"2","group":"1.ER 1","room":"302","subject":"AJ","subject_text":"Anglický jazyk","teacher":"Ds","teacher_text":"Ds","change_info":"","theme":"Present continuous","type":"atom","absencetext":null,"has_absent":"false","absent_info_text":"","removed_info":""}],"47":[{"lesson":"3","group":"1.ER celá","room":"302","subject":"ZE","subject_text":"Základy elektrotechniky","teacher":"Vs","teacher_text":"Vs","change_info":"","theme":"Dělič napětí, nezatížený a zatížený","type":"atom","absencetext":null,"has_absent":"false","absent_info_text":"","removed_info":""}],"48":[{"lesson":"4","group":"1.ER celá","room":"302","subject":"CH","subject_text":"Chemie","teacher":"Ml","teacher_text":"Ml","change_info":"","theme":"Látkové množství","type":"atom","absencetext":null,"has_absent":"false","absent_info_text":"","removed_info":""}],"49":[{"lesson":"5","group":"1.ER P1","room":"302","subject":"TKc","subject_text":"Technické kreslení-cvičení","teacher":"Fr","teacher_text":"Fr","change_info":"","theme":"Kotování procvičování - zadaný fyzický model","type":"atom","absencetext":null,"has_absent":"false","absent_info_text":"","removed_info":""}]}