{"1":[{"lesson":"1","group":"2","room":"207","subject":"AJ","subject_text":"Anglický jazyk","teacher":"Og","teacher_text":"Og","change_info":"","theme":"My best friend - characteristics","type":"atom","absencetext":null,"has_absent":"false","absent_info_text":"","removed_info":""},{"lesson":"1","group":"1","room":"111","subject":"MEc","subject_text":"Mechanika-cvičení","teacher":"Čk","teacher_text":"Čk","change_info":"","theme":"Výpočty goniometrických funkcí","type":"atom","absencetext":null,"has_absent":"false","absent_info_text":"","removed_info":""}],"2":[{"lesson":"2","group":"1","room":"207","subject":"AJ","subject_text":"Anglický jazyk","teacher":"Ds","teacher_text":"Ds","change_info":"","theme":"Getting to know you - úvod U1","type":"atom","absencetext":null,"has_absent":"false","absent_info_text":"","removed_info":""},{"lesson":"2","group":"2","room":"111","subject":"MEc","subject_text":"Mechanika-cvičení","teacher":"Čk","teacher_text":"Čk","change_info":"","theme":"Výpočty goniometrických funkcí","type":"atom","absencetext":null,"has_absent":"false","absent_info_text":"","removed_info":""}],"3":[{"lesson":"3","group":"1","room":"205","subject":"IT","subject_text":"Informační technologie","teacher":"Hm","teacher_text":"Hm","change_info":"","theme":"Python - proměnná","type":"atom","absencetext":null,"has_absent":"false","absent_info_text":"","removed_info":""},{"lesson":"3","group":"2","room":"206","subject":"IT","subject_text":"Informační technologie","teacher":"Šm","teacher_text":"Šm","change_info":"","theme":"Umělá inteligence - autorský zákon, použití","type":"atom","absencetext":null,"has_absent":"false","absent_info_text":"","removed_info":""}],"4":[{"lesson":"4","group":"1","room":"205","subject":"IT","subject_text":"Informační technologie","teacher":"Šm","teacher_text":"Šm","change_info":"","theme":"Umělá inteligence - autorský zákon, použití","type":"atom","absencetext":null,"has_absent":"false","absent_info_text":"","removed_info":""},{"lesson":"4","group":"2","room":"206","subject":"IT","subject_text":"Informační technologie","teacher":"Hm","teacher_text":"Hm","change_info":"","theme":"Python - proměnná","type":"atom","absencetext":null,"has_absent":"false","absent_info_text":"","removed_info":""}],"5":[{"lesson":"5","group":"","room":"207","subject":"CL","subject_text":"Český jazyk a literatura","teacher":"Šu","teacher_text":"Šu","change_info":"","theme":"Starověké orientální literatury - Vývoj písma, písemnictví mezopotamské (Epos o Gilgamešovi)","type":"atom","absencetext":null,"has_absent":"false","absent_info_text":"","removed_info":""}],"6":[{"lesson":"6","group":"","room":"207","subject":"CH","subject_text":"Chemie","teacher":"Ml","teacher_text":"Ml","change_info":"","theme":"směsi, separační metody","type":"atom","absencetext":null,"has_absent":"false","absent_info_text":"","removed_info":""}],"8":[{"lesson":"8","group":"1","room":"307","subject":"FY","subject_text":"Fyzika","teacher":"Pl","teacher_text":"Pl","change_info":"","theme":"Úvodní hodina, BOZP","type":"atom","absencetext":null,"has_absent":"false","absent_info_text":"","removed_info":""}],"9":[{"lesson":"9","group":"1","room":"307","subject":"FY","subject_text":"Fyzika","teacher":"Pl","teacher_text":"Pl","change_info":"","theme":"PASCO","type":"atom","absencetext":null,"has_absent":"false","absent_info_text":"","removed_info":""}],"11":[{"lesson":"0","group":"","room":"111","subject":"ME","subject_text":"Mechanika","teacher":"Čk","teacher_text":"Čk","change_info":"","theme":"","type":"atom","absencetext":null,"has_absent":"false","absent_info_text":"","removed_info":""}],"12":[{"lesson":"1","group":"","room":"207","subject":"TK","subject_text":"Technické kreslení","teacher":"Kr","teacher_text":"Kr","change_info":"","theme":"","type":"atom","absencetext":null,"has_absent":"false","absent_info_text":"","removed_info":""}],"13":[{"lesson":"2","group":"1","room":"212","subject":"CL","subject_text":"Český jazyk a literatura","teacher":"Šu","teacher_text":"Šu","change_info":"","theme":"Písemnictví mezopotamské (Epos o Gilgamešovi), egyptské","type":"atom","absencetext":null,"has_absent":"false","absent_info_text":"","removed_info":""},{"lesson":"2","group":"2","room":"207","subject":"MA","subject_text":"Matematika","teacher":"Hm","teacher_text":"Hm","change_info":"","theme":"","type":"atom","absencetext":null,"has_absent":"false","absent_info_text":"","removed_info":""}],"14":[{"lesson":"3","group":"2","room":"212","subject":"CL","subject_text":"Český jazyk a literatura","teacher":"Šu","teacher_text":"Šu","change_info":"","theme":"Písemnictví mezopotamské (Epos o Gilgamešovi), egyptské","type":"atom","absencetext":null,"has_absent":"false","absent_info_text":"","removed_info":""},{"lesson":"3","group":"1","room":"207","subject":"MA","subject_text":"Matematika","teacher":"Hm","teacher_text":"Hm","change_info":"","theme":"","type":"atom","absencetext":null,"has_absent":"false","absent_info_text":"","removed_info":""}],"15":[{"lesson":"4","group":"","room":"207","subject":"ZK","subject_text":"Základy ekologie","teacher":"Cho","teacher_text":"Cho","change_info":"","theme":"","type":"atom","absencetext":null,"has_absent":"false","absent_info_text":"","removed_info":""}],"17":[{"lesson":"6","group":"P3","room":"304","subject":"TKc","subject_text":"Technické kreslení-cvičení","teacher":"Fr","teacher_text":"Fr","change_info":"","theme":"","type":"atom","absencetext":null,"has_absent":"false","absent_info_text":"","removed_info":""},{"lesson":"6","group":"P2","room":"207","subject":"TKc","subject_text":"Technické kreslení-cvičení","teacher":"Kr","teacher_text":"Kr","change_info":"","theme":"","type":"atom","absencetext":null,"has_absent":"false","absent_info_text":"","removed_info":""},{"lesson":"6","group":"P1","room":"106","subject":"TKc","subject_text":"Technické kreslení-cvičení","teacher":"Mi","teacher_text":"Mi","change_info":"","theme":"","type":"atom","absencetext":null,"has_absent":"false","absent_info_text":"","removed_info":""}],"18":[{"lesson":"7","group":"P3","room":"304","subject":"TKc","subject_text":"Technické kreslení-cvičení","teacher":"Fr","teacher_text":"Fr","change_info":"","theme":"","type":"atom","absencetext":null,"has_absent":"false","absent_info_text":"","removed_info":""},{"lesson":"7","group":"P2","room":"207","subject":"TKc","subject_text":"Technické kreslení-cvičení","teacher":"Kr","teacher_text":"Kr","change_info":"","theme":"","type":"atom","absencetext":null,"has_absent":"false","absent_info_text":"","removed_info":""},{"lesson":"7","group":"P1","room":"106","subject":"TKc","subject_text":"Technické kreslení-cvičení","teacher":"Mi","teacher_text":"Mi","change_info":"","theme":"","type":"atom","absencetext":null,"has_absent":"false","absent_info_text":"","removed_info":""}],"19":[{"lesson":"8","group":"","room":"207","subject":"FY","subject_text":"Fyzika","teacher":"Pl","teacher_text":"Pl","change_info":"","theme":"","type":"atom","absencetext":null,"has_absent":"false","absent_info_text":"","removed_info":""}],"23":[{"lesson":"1","group":"","room":"207","subject":"FY","subject_text":"Fyzika","teacher":"Pl","teacher_text":"Pl","change_info":"Výměna z 27.9., 3: FY, Ploch Jiří, 207","theme":"","type":"atom","absencetext":null,"has_absent":"false","absent_info_text":"","removed_info":""}],"24":[{"lesson":"2","group":"1","room":"111","subject":"AJ","subject_text":"Anglický jazyk","teacher":"Ds","teacher_text":"Ds","change_info":"","theme":"","type":"atom","absencetext":null,"has_absent":"false","absent_info_text":"","removed_info":""},{"lesson":"2","group":"2","room":"111","subject":"AJ","subject_text":"Anglický jazyk","teacher":"Ds","teacher_text":"Ds","change_info":"Spojeno: Dušek Ivan, 111 (Ohnsorg Petra, 220)","theme":"","type":"atom","absencetext":null,"has_absent":"false","absent_info_text":"","removed_info":""}],"25":[{"lesson":"3","group":"PD2","room":"D14","subject":"PRA","subject_text":"Praxe","teacher":"La","teacher_text":"La","change_info":"","theme":"","type":"atom","absencetext":null,"has_absent":"false","absent_info_text":"","removed_info":""},{"lesson":"3","group":"PD3","room":"D4","subject":"PRA","subject_text":"Praxe","teacher":"Vd","teacher_text":"Vd","change_info":"","theme":"","type":"atom","absencetext":null,"has_absent":"false","absent_info_text":"","removed_info":""},{"lesson":"3","group":"PD1","room":"D25","subject":"PRA","subject_text":"Praxe","teacher":"Ra","teacher_text":"Ra","change_info":"","theme":"","type":"atom","absencetext":null,"has_absent":"false","absent_info_text":"","removed_info":""},{"lesson":"3","group":"PD4","room":"D15","subject":"PRA","subject_text":"Praxe","teacher":"Mi","teacher_text":"Mi","change_info":"","theme":"","type":"atom","absencetext":null,"has_absent":"false","absent_info_text":"","removed_info":""}],"26":[{"lesson":"4","group":"PD2","room":"D14","subject":"PRA","subject_text":"Praxe","teacher":"La","teacher_text":"La","change_info":"","theme":"","type":"atom","absencetext":null,"has_absent":"false","absent_info_text":"","removed_info":""},{"lesson":"4","group":"PD3","room":"D4","subject":"PRA","subject_text":"Praxe","teacher":"Vd","teacher_text":"Vd","change_info":"","theme":"","type":"atom","absencetext":null,"has_absent":"false","absent_info_text":"","removed_info":""},{"lesson":"4","group":"PD1","room":"D25","subject":"PRA","subject_text":"Praxe","teacher":"Ra","teacher_text":"Ra","change_info":"","theme":"","type":"atom","absencetext":null,"has_absent":"false","absent_info_text":"","removed_info":""},{"lesson":"4","group":"PD4","room":"D15","subject":"PRA","subject_text":"Praxe","teacher":"Mi","teacher_text":"Mi","change_info":"","theme":"","type":"atom","absencetext":null,"has_absent":"false","absent_info_text":"","removed_info":""}],"27":[{"lesson":"5","group":"PD2","room":"D14","subject":"PRA","subject_text":"Praxe","teacher":"La","teacher_text":"La","change_info":"","theme":"","type":"atom","absencetext":null,"has_absent":"false","absent_info_text":"","removed_info":""},{"lesson":"5","group":"PD3","room":"D4","subject":"PRA","subject_text":"Praxe","teacher":"Vd","teacher_text":"Vd","change_info":"","theme":"","type":"atom","absencetext":null,"has_absent":"false","absent_info_text":"","removed_info":""},{"lesson":"5","group":"PD1","room":"D25","subject":"PRA","subject_text":"Praxe","teacher":"Ra","teacher_text":"Ra","change_info":"","theme":"","type":"atom","absencetext":null,"has_absent":"false","absent_info_text":"","removed_info":""},{"lesson":"5","group":"PD4","room":"D15","subject":"PRA","subject_text":"Praxe","teacher":"Mi","teacher_text":"Mi","change_info":"","theme":"","type":"atom","absencetext":null,"has_absent":"false","absent_info_text":"","removed_info":""}],"28":[{"lesson":"6","group":"","room":"207","subject":"MA","subject_text":"Matematika","teacher":"Hm","teacher_text":"Hm","change_info":"","theme":"","type":"atom","absencetext":null,"has_absent":"false","absent_info_text":"","removed_info":""}],"34":[{"lesson":"1","group":"","room":"207","subject":"ST","subject_text":"Strojírenská technologie","teacher":"Va","teacher_text":"Va","change_info":"","theme":"","type":"atom","absencetext":null,"has_absent":"false","absent_info_text":"","removed_info":""}],"35":[{"lesson":"2","group":"","room":"207","subject":"DJ","subject_text":"Dějepis","teacher":"Cho","teacher_text":"Cho","change_info":"","theme":"","type":"atom","absencetext":null,"has_absent":"false","absent_info_text":"","removed_info":""}],"36":[{"lesson":"3","group":"","room":"207","subject":"CL","subject_text":"Český jazyk a literatura","teacher":"Šu","teacher_text":"Šu","change_info":"","theme":"","type":"atom","absencetext":null,"has_absent":"false","absent_info_text":"","removed_info":""}],"37":[{"lesson":"4","group":"","room":"111","subject":"ME","subject_text":"Mechanika","teacher":"Čk","teacher_text":"Čk","change_info":"","theme":"","type":"atom","absencetext":null,"has_absent":"false","absent_info_text":"","removed_info":""}],"38":[{"lesson":"5","group":"","room":"207","subject":"TK","subject_text":"Technické kreslení","teacher":"Kr","teacher_text":"Kr","change_info":"","theme":"","type":"atom","absencetext":null,"has_absent":"false","absent_info_text":"","removed_info":""}],"39":[{"lesson":"6","group":"","room":"207","subject":"MA","subject_text":"Matematika","teacher":"Hm","teacher_text":"Hm","change_info":"","theme":"","type":"atom","absencetext":null,"has_absent":"false","absent_info_text":"","removed_info":""}],"41":[{"lesson":"8","group":"","room":"207","subject":"CH","subject_text":"Chemie","teacher":"Ml","teacher_text":"Ml","change_info":"","theme":"","type":"atom","absencetext":null,"has_absent":"false","absent_info_text":"","removed_info":""}],"44":[{"lesson":"0","group":"1","room":"213","subject":"TV","subject_text":"Tělesná výchova","teacher":"Ds","teacher_text":"Ds","change_info":"","theme":"","type":"atom","absencetext":null,"has_absent":"false","absent_info_text":"","removed_info":""},{"lesson":"0","group":"2","room":"","subject":"TV","subject_text":"Tělesná výchova","teacher":"Ma","teacher_text":"Ma","change_info":"","theme":"","type":"atom","absencetext":null,"has_absent":"false","absent_info_text":"","removed_info":""}],"45":[{"lesson":"1","group":"1","room":"213","subject":"TV","subject_text":"Tělesná výchova","teacher":"Ds","teacher_text":"Ds","change_info":"","theme":"","type":"atom","absencetext":null,"has_absent":"false","absent_info_text":"","removed_info":""},{"lesson":"1","group":"2","room":"","subject":"TV","subject_text":"Tělesná výchova","teacher":"Ma","teacher_text":"Ma","change_info":"","theme":"","type":"atom","absencetext":null,"has_absent":"false","absent_info_text":"","removed_info":""}],"46":[{"lesson":"2","group":"","room":"207","subject":"MA","subject_text":"Matematika","teacher":"Hm","teacher_text":"Hm","change_info":"","theme":"","type":"atom","absencetext":null,"has_absent":"false","absent_info_text":"","removed_info":""}],"47":[{"lesson":"3","group":"","room":"207","subject":"DJ","subject_text":"Dějepis","teacher":"Cho","teacher_text":"Cho","change_info":"Výměna z 25.9., 1: DJ, Chochol Václav, 207","theme":"","type":"atom","absencetext":null,"has_absent":"false","absent_info_text":"","removed_info":""}],"48":[{"lesson":"4","group":"","room":"207","subject":"ST","subject_text":"Strojírenská technologie","teacher":"Va","teacher_text":"Va","change_info":"","theme":"","type":"atom","absencetext":null,"has_absent":"false","absent_info_text":"","removed_info":""}],"49":[{"lesson":"5","group":"1","room":"207","subject":"AJ","subject_text":"Anglický jazyk","teacher":"Ds","teacher_text":"Ds","change_info":"","theme":"","type":"atom","absencetext":null,"has_absent":"false","absent_info_text":"","removed_info":""},{"lesson":"5","group":"2","room":"207","subject":"AJ","subject_text":"Anglický jazyk","teacher":"Ds","teacher_text":"Ds","change_info":"Spojeno: Dušek Ivan, 207 (Ohnsorg Petra, 220)","theme":"","type":"atom","absencetext":null,"has_absent":"false","absent_info_text":"","removed_info":""}]}