{"1":[{"lesson":"1","group":"1.EE celá","room":"308","subject":"ZE","subject_text":"Základy elektrotechniky","teacher":"","teacher_text":"","change_info":"","theme":"Nelineární prvky v elektrických obvodech","type":"atom","absencetext":null,"has_absent":"false","absent_info_text":"","removed_info":""}],"2":[{"lesson":"2","group":"1.ER celá","room":"302","subject":"ZE","subject_text":"Základy elektrotechniky","teacher":"","teacher_text":"","change_info":"","theme":"Použití rezistoru k měření teploty","type":"atom","absencetext":null,"has_absent":"false","absent_info_text":"","removed_info":""}],"4":[{"lesson":"4","group":"4.EB celá","room":"304","subject":"EE","subject_text":"Elektroenergetika","teacher":"","teacher_text":"","change_info":"","theme":"Hlavní části elektrických stanic","type":"atom","absencetext":null,"has_absent":"false","absent_info_text":"","removed_info":""}],"7":[{"lesson":"7","group":"4.EB 2","room":"502","subject":"EEc","subject_text":"Elektroenergetika cvičení","teacher":"","teacher_text":"","change_info":"","theme":"Dimenzování el. zařízení dle zkratových proudů v programu Sichr","type":"atom","absencetext":null,"has_absent":"false","absent_info_text":"","removed_info":""}],"8":[{"lesson":"8","group":"4.EB 2","room":"502","subject":"EEc","subject_text":"Elektroenergetika cvičení","teacher":"","teacher_text":"","change_info":"","theme":"Dimenzování el. zařízení dle zkratových proudů v programu Sichr","type":"atom","absencetext":null,"has_absent":"false","absent_info_text":"","removed_info":""}],"11":[{"lesson":"0","group":"4.EB 1","room":"502","subject":"EEc","subject_text":"Elektroenergetika cvičení","teacher":"","teacher_text":"","change_info":"","theme":"Dimenzování el. zařízení dle zkratových proudů v programu Sichr","type":"atom","absencetext":null,"has_absent":"false","absent_info_text":"","removed_info":""}],"12":[{"lesson":"1","group":"4.EB 1","room":"502","subject":"EEc","subject_text":"Elektroenergetika cvičení","teacher":"","teacher_text":"","change_info":"","theme":"Dimenzování el. zařízení dle zkratových proudů v programu Sichr","type":"atom","absencetext":null,"has_absent":"false","absent_info_text":"","removed_info":""}],"13":[{"lesson":"2","group":"1.ER celá","room":"302","subject":"ZE","subject_text":"Základy elektrotechniky","teacher":"","teacher_text":"","change_info":"","theme":"Nelineární prvky v elektrických obvodech","type":"atom","absencetext":null,"has_absent":"false","absent_info_text":"","removed_info":""}],"14":[{"lesson":"3","group":"1.EE celá","room":"308","subject":"ZE","subject_text":"Základy elektrotechniky","teacher":"","teacher_text":"","change_info":"","theme":"Metody řešení obvodů s více zdroji","type":"atom","absencetext":null,"has_absent":"false","absent_info_text":"","removed_info":""}],"15":[{"lesson":"4","group":"3.EE celá","room":"311","subject":"EE","subject_text":"Elektroenergetika","teacher":"","teacher_text":"","change_info":"","theme":"Průmyslové rozvaděče","type":"atom","absencetext":null,"has_absent":"false","absent_info_text":"","removed_info":""}],"16":[{"lesson":"","group":"","room":"","subject":"","subject_text":"","teacher":null,"teacher_text":"","change_info":"","theme":null,"type":"removed","absencetext":null,"has_absent":"","absent_info_text":"","removed_info":"Přesun na 10.12., 8. hod (4.EB+, EE)"}],"17":[{"lesson":"","group":"","room":"","subject":"PedD","subject_text":"Obecný pedagogický dohled","teacher":null,"teacher_text":"","change_info":"","theme":null,"type":"absent","absencetext":null,"has_absent":"","absent_info_text":"","removed_info":""}],"18":[{"lesson":"","group":"","room":"","subject":"PedD","subject_text":"Obecný pedagogický dohled","teacher":null,"teacher_text":"","change_info":"","theme":null,"type":"absent","absencetext":null,"has_absent":"","absent_info_text":"","removed_info":""}],"19":[{"lesson":"8","group":"4.EB celá","room":"304","subject":"EE","subject_text":"Elektroenergetika","teacher":"","teacher_text":"","change_info":"Přesun z 10.12., 5: 4.EB, EE, 304","theme":"Elektrické stanice VVN/VN a VN/NN","type":"atom","absencetext":null,"has_absent":"false","absent_info_text":"","removed_info":""}],"23":[{"lesson":"1","group":"1.EE celá","room":"308","subject":"ZE","subject_text":"Základy elektrotechniky","teacher":"","teacher_text":"","change_info":"","theme":"Úpravy vzorců v elektrotechnických příkladech","type":"atom","absencetext":null,"has_absent":"false","absent_info_text":"","removed_info":""}],"24":[{"lesson":"2","group":"2.ER celá","room":"104","subject":"EG","subject_text":"Elektrotechnologie","teacher":"","teacher_text":"","change_info":"","theme":"Test látka za říjen a listopad","type":"atom","absencetext":null,"has_absent":"false","absent_info_text":"","removed_info":""}],"25":[{"lesson":"3","group":"2.EE celá","room":"313","subject":"ER","subject_text":"Elektrické rozvody","teacher":"","teacher_text":"","change_info":"","theme":"Holé vodiče pro silnoproudý rozvod","type":"atom","absencetext":null,"has_absent":"false","absent_info_text":"","removed_info":""}],"26":[{"lesson":"4","group":"3.EE celá","room":"311","subject":"EE","subject_text":"Elektroenergetika","teacher":"","teacher_text":"","change_info":"","theme":"Průmyslové rozvaděče","type":"atom","absencetext":null,"has_absent":"false","absent_info_text":"","removed_info":""}],"34":[{"lesson":"1","group":"2.EE celá","room":"313","subject":"ER","subject_text":"Elektrické rozvody","teacher":"","teacher_text":"","change_info":"","theme":"Test - látka za říjen a lsitopad","type":"atom","absencetext":null,"has_absent":"false","absent_info_text":"","removed_info":""}],"35":[{"lesson":"2","group":"4.EB celá","room":"304","subject":"EZ","subject_text":"Elektrická zařízení","teacher":"","teacher_text":"","change_info":"","theme":"Průkaz energetické náročnosti budov","type":"atom","absencetext":null,"has_absent":"false","absent_info_text":"","removed_info":""}],"36":[{"lesson":"3","group":"1.ER celá","room":"302","subject":"ZE","subject_text":"Základy elektrotechniky","teacher":"","teacher_text":"","change_info":"","theme":"Řešení obvodů s více zdroji","type":"atom","absencetext":null,"has_absent":"false","absent_info_text":"","removed_info":""}],"37":[{"lesson":"4","group":"4.EB celá","room":"304","subject":"EE","subject_text":"Elektroenergetika","teacher":"","teacher_text":"","change_info":"","theme":"Elektrické stanice VN/NN","type":"atom","absencetext":null,"has_absent":"false","absent_info_text":"","removed_info":""}],"41":[{"lesson":"8","group":"1.EE 2","room":"D25","subject":"ZEc","subject_text":"Základy elektrotechniky-cvičení","teacher":"","teacher_text":"","change_info":"","theme":"Dělič napětí o výsledků měření výpočtem v Excelu","type":"atom","absencetext":null,"has_absent":"false","absent_info_text":"","removed_info":""}],"42":[{"lesson":"9","group":"1.EE 2","room":"D25","subject":"ZEc","subject_text":"Základy elektrotechniky-cvičení","teacher":"","teacher_text":"","change_info":"","theme":"Dělič napětí o výsledků měření výpočtem v Excelu","type":"atom","absencetext":null,"has_absent":"false","absent_info_text":"","removed_info":""}],"44":[{"lesson":"0","group":"1.ER 2","room":"216","subject":"ZEc","subject_text":"Základy elektrotechniky-cvičení","teacher":"","teacher_text":"","change_info":"","theme":"Dělič napětí a potenciometr na nepájivém poli","type":"atom","absencetext":null,"has_absent":"false","absent_info_text":"","removed_info":""}],"45":[{"lesson":"1","group":"1.ER 2","room":"216","subject":"ZEc","subject_text":"Základy elektrotechniky-cvičení","teacher":"","teacher_text":"","change_info":"","theme":"Dělič napětí a potenciometr na nepájivém poli","type":"atom","absencetext":null,"has_absent":"false","absent_info_text":"","removed_info":""}],"46":[{"lesson":"2","group":"4.EB celá","room":"304","subject":"EZ","subject_text":"Elektrická zařízení","teacher":"","teacher_text":"","change_info":"","theme":"Test a elektřina pro vytápění domácností","type":"atom","absencetext":null,"has_absent":"false","absent_info_text":"","removed_info":""}],"47":[{"lesson":"3","group":"1.ER celá","room":"302","subject":"ZE","subject_text":"Základy elektrotechniky","teacher":"","teacher_text":"","change_info":"","theme":"Řešení obvodů s více zdroji pomocí Kirchhofových zák.","type":"atom","absencetext":null,"has_absent":"false","absent_info_text":"","removed_info":""}],"48":[{"lesson":"4","group":"1.EE celá","room":"308","subject":"ZE","subject_text":"Základy elektrotechniky","teacher":"","teacher_text":"","change_info":"","theme":"Řešení obvodů s více zdroji pomocí Kirchhofových zákonů","type":"atom","absencetext":null,"has_absent":"false","absent_info_text":"","removed_info":""}]}