{"18":[{"lesson":"7","group":"4.EB 1","room":"215","subject":"L: ESc","subject_text":"Elektrické stroje a přístroje cvičení","teacher":"Ra","teacher_text":"Ra","change_info":"","theme":"","type":"atom","absencetext":null,"has_absent":"false","absent_info_text":"","removed_info":""},{"lesson":"7","group":"4.EB 2","room":"215","subject":"S: ESc","subject_text":"Elektrické stroje a přístroje cvičení","teacher":"Ra","teacher_text":"Ra","change_info":"","theme":"","type":"atom","absencetext":null,"has_absent":"false","absent_info_text":"","removed_info":""}],"19":[{"lesson":"8","group":"4.EB 1","room":"215","subject":"L: ESc","subject_text":"Elektrické stroje a přístroje cvičení","teacher":"Ra","teacher_text":"Ra","change_info":"","theme":"","type":"atom","absencetext":null,"has_absent":"false","absent_info_text":"","removed_info":""},{"lesson":"8","group":"4.EB 2","room":"215","subject":"S: ESc","subject_text":"Elektrické stroje a přístroje cvičení","teacher":"Ra","teacher_text":"Ra","change_info":"","theme":"","type":"atom","absencetext":null,"has_absent":"false","absent_info_text":"","removed_info":""}],"22":[{"lesson":"0","group":"2.EM P1","room":"215","subject":"PRA","subject_text":"Praxe","teacher":"Kn","teacher_text":"Kn","change_info":"","theme":"","type":"atom","absencetext":null,"has_absent":"false","absent_info_text":"","removed_info":""}],"23":[{"lesson":"1","group":"2.EM P1","room":"215","subject":"PRA","subject_text":"Praxe","teacher":"Kn","teacher_text":"Kn","change_info":"","theme":"","type":"atom","absencetext":null,"has_absent":"false","absent_info_text":"","removed_info":""}],"24":[{"lesson":"2","group":"2.EM P1","room":"215","subject":"PRA","subject_text":"Praxe","teacher":"Kn","teacher_text":"Kn","change_info":"","theme":"","type":"atom","absencetext":null,"has_absent":"false","absent_info_text":"","removed_info":""}],"37":[{"lesson":"4","group":"1.EE PD1","room":"215","subject":"PRA","subject_text":"Praxe","teacher":"Kn","teacher_text":"Kn","change_info":"","theme":"","type":"atom","absencetext":null,"has_absent":"false","absent_info_text":"","removed_info":""}],"38":[{"lesson":"5","group":"1.EE PD1","room":"215","subject":"PRA","subject_text":"Praxe","teacher":"Kn","teacher_text":"Kn","change_info":"","theme":"","type":"atom","absencetext":null,"has_absent":"false","absent_info_text":"","removed_info":""}],"39":[{"lesson":"6","group":"1.EE PD1","room":"215","subject":"PRA","subject_text":"Praxe","teacher":"Kn","teacher_text":"Kn","change_info":"","theme":"","type":"atom","absencetext":null,"has_absent":"false","absent_info_text":"","removed_info":""}],"41":[{"lesson":"8","group":"3.ER P2","room":"215","subject":"EMc","subject_text":"Elktrické měření-cvičení","teacher":"Kn","teacher_text":"Kn","change_info":"","theme":"","type":"atom","absencetext":null,"has_absent":"false","absent_info_text":"","removed_info":""}],"42":[{"lesson":"9","group":"3.ER P2","room":"215","subject":"EMc","subject_text":"Elktrické měření-cvičení","teacher":"Kn","teacher_text":"Kn","change_info":"","theme":"","type":"atom","absencetext":null,"has_absent":"false","absent_info_text":"","removed_info":""}]}