{"7":[{"lesson":"7","group":"4.EA celá","room":"406","subject":"EN","subject_text":"Elektronická zařízení","teacher":"Ke","teacher_text":"Ke","change_info":"","theme":"Analogové modulace, stereofonní signál, analogové televizní a rozhalsové vysílání a příjem","type":"atom","absencetext":null,"has_absent":"false","absent_info_text":"","removed_info":""}],"12":[{"lesson":"1","group":"4.EA celá","room":"406","subject":"MT","subject_text":"Mikroprocesorová technika","teacher":"Ke","teacher_text":"Ke","change_info":"","theme":"DNS sever, spojování, síťování","type":"atom","absencetext":null,"has_absent":"false","absent_info_text":"","removed_info":""}],"13":[{"lesson":"2","group":"4.EA celá","room":"406","subject":"EN","subject_text":"Elektronická zařízení","teacher":"Su","teacher_text":"Su","change_info":"","theme":"Impulsní modulace v základním pásmu, s nosnou vlnou, vícestavové modulace","type":"atom","absencetext":null,"has_absent":"false","absent_info_text":"","removed_info":""}],"14":[{"lesson":"3","group":"4.EA celá","room":"406","subject":"AT","subject_text":"Automatizační technika","teacher":"Sy","teacher_text":"Sy","change_info":"","theme":"Aproximační převodník, pokračování","type":"atom","absencetext":null,"has_absent":"false","absent_info_text":"","removed_info":""}],"15":[{"lesson":"4","group":"4.EA celá","room":"406","subject":"MA","subject_text":"Matematika","teacher":"Ha","teacher_text":"Ha","change_info":"","theme":"Binomická věta","type":"atom","absencetext":null,"has_absent":"false","absent_info_text":"","removed_info":""}],"16":[{"lesson":"5","group":"4.EA 1","room":"406","subject":"AJ","subject_text":"Anglický jazyk","teacher":"Ds","teacher_text":"Ds","change_info":"","theme":"London - sights","type":"atom","absencetext":null,"has_absent":"false","absent_info_text":"","removed_info":""}],"17":[{"lesson":"6","group":"4.EA celá","room":"406","subject":"CL","subject_text":"Český jazyk a literatura","teacher":"Šu","teacher_text":"Šu","change_info":"","theme":"Beat generation","type":"atom","absencetext":null,"has_absent":"false","absent_info_text":"","removed_info":""}],"23":[{"lesson":"1","group":"4.EA 1","room":"406","subject":"MA","subject_text":"Matematika","teacher":"Ha","teacher_text":"Ha","change_info":"","theme":"Binomická věta","type":"atom","absencetext":null,"has_absent":"false","absent_info_text":"","removed_info":""}],"24":[{"lesson":"2","group":"4.EA 2","room":"406","subject":"MA","subject_text":"Matematika","teacher":"Ha","teacher_text":"Ha","change_info":"","theme":"Binomická věta","type":"atom","absencetext":null,"has_absent":"false","absent_info_text":"","removed_info":""}],"27":[{"lesson":"5","group":"4.EA celá","room":"406","subject":"AT","subject_text":"Automatizační technika","teacher":"Sy","teacher_text":"Sy","change_info":"","theme":"Integracní převodníky.","type":"atom","absencetext":null,"has_absent":"false","absent_info_text":"","removed_info":""}],"28":[{"lesson":"6","group":"4.EA celá","room":"406","subject":"EN","subject_text":"Elektronická zařízení","teacher":"Su","teacher_text":"Su","change_info":"","theme":"Impulsní modulace v základním pásmu, s nosnou vlnou, vícestavové modulace","type":"atom","absencetext":null,"has_absent":"false","absent_info_text":"","removed_info":""}],"36":[{"lesson":"3","group":"4.EA celá","room":"406","subject":"MA","subject_text":"Matematika","teacher":"Ha","teacher_text":"Ha","change_info":"","theme":"Binomická věta","type":"atom","absencetext":null,"has_absent":"false","absent_info_text":"","removed_info":""}],"37":[{"lesson":"4","group":"4.EA celá","room":"406","subject":"EN","subject_text":"Elektronická zařízení","teacher":"Su","teacher_text":"Su","change_info":"","theme":"Impulsní modulace v základním pásmu, s nosnou vlnou, vícestavové modulace","type":"atom","absencetext":null,"has_absent":"false","absent_info_text":"","removed_info":""}],"44":[{"lesson":"0","group":"4.EA 2","room":"406","subject":"AJ","subject_text":"Anglický jazyk","teacher":"By","teacher_text":"By","change_info":"","theme":"Revision test passive voice","type":"atom","absencetext":null,"has_absent":"false","absent_info_text":"","removed_info":""}],"45":[{"lesson":"1","group":"4.EA celá","room":"406","subject":"EM","subject_text":"Elektrická měření","teacher":"Su","teacher_text":"Su","change_info":"","theme":"Spektrální analyzátory-analog.+číslicové","type":"atom","absencetext":null,"has_absent":"false","absent_info_text":"","removed_info":""}],"46":[{"lesson":"2","group":"4.EA celá","room":"406","subject":"CL","subject_text":"Český jazyk a literatura","teacher":"Šu","teacher_text":"Šu","change_info":"","theme":"Test - opakování - čes. lit. po r. 1989; J. Kerouac - haiku","type":"atom","absencetext":null,"has_absent":"false","absent_info_text":"","removed_info":""}],"47":[{"lesson":"3","group":"4.EA celá","room":"406","subject":"EN","subject_text":"Elektronická zařízení","teacher":"Ke","teacher_text":"Ke","change_info":"","theme":"GSM, pozemní pohyblivá služba","type":"atom","absencetext":null,"has_absent":"false","absent_info_text":"","removed_info":""}],"48":[{"lesson":"4","group":"4.EA 1","room":"406","subject":"AJ","subject_text":"Anglický jazyk","teacher":"Ds","teacher_text":"Ds","change_info":"","theme":"Food and drinks, gastronomy","type":"atom","absencetext":null,"has_absent":"false","absent_info_text":"","removed_info":""}],"49":[{"lesson":"5","group":"4.EA celá","room":"406","subject":"MT","subject_text":"Mikroprocesorová technika","teacher":"Ke","teacher_text":"Ke","change_info":"","theme":"DNS sever, spojování, síťování","type":"atom","absencetext":null,"has_absent":"false","absent_info_text":"","removed_info":""}]}