{"1":[{"lesson":"1","group":"3.EM 1","room":"113","subject":"AJ","subject_text":"Anglický jazyk","teacher":"","teacher_text":"","change_info":"","theme":"","type":"atom","absencetext":null,"has_absent":"false","absent_info_text":"","removed_info":""}],"2":[{"lesson":"2","group":"1.S 1","room":"207","subject":"AJ","subject_text":"Anglický jazyk","teacher":"","teacher_text":"","change_info":"","theme":"","type":"atom","absencetext":null,"has_absent":"false","absent_info_text":"","removed_info":""}],"5":[{"lesson":"5","group":"2.EE 1","room":"313","subject":"AJ","subject_text":"Anglický jazyk","teacher":"","teacher_text":"","change_info":"","theme":"","type":"atom","absencetext":null,"has_absent":"false","absent_info_text":"","removed_info":""}],"7":[{"lesson":"7","group":"4.EB 1","room":"304","subject":"AJ","subject_text":"Anglický jazyk","teacher":"","teacher_text":"","change_info":"","theme":"","type":"atom","absencetext":null,"has_absent":"false","absent_info_text":"","removed_info":""}],"8":[{"lesson":"8","group":"1.EM 1","room":"108","subject":"AJ","subject_text":"Anglický jazyk","teacher":"","teacher_text":"","change_info":"","theme":"","type":"atom","absencetext":null,"has_absent":"false","absent_info_text":"","removed_info":""}],"12":[{"lesson":"1","group":"4.EB 2","room":"304","subject":"AJ","subject_text":"Anglický jazyk","teacher":"","teacher_text":"","change_info":"","theme":"","type":"atom","absencetext":null,"has_absent":"false","absent_info_text":"","removed_info":""}],"13":[{"lesson":"2","group":"4.EB 1","room":"304","subject":"AJ","subject_text":"Anglický jazyk","teacher":"","teacher_text":"","change_info":"","theme":"","type":"atom","absencetext":null,"has_absent":"false","absent_info_text":"","removed_info":""}],"14":[{"lesson":"3","group":"4.SB 1","room":"210","subject":"AJ","subject_text":"Anglický jazyk","teacher":"","teacher_text":"","change_info":"","theme":"","type":"atom","absencetext":null,"has_absent":"false","absent_info_text":"","removed_info":""}],"16":[{"lesson":"5","group":"4.EA 1","room":"406","subject":"AJ","subject_text":"Anglický jazyk","teacher":"","teacher_text":"","change_info":"","theme":"","type":"atom","absencetext":null,"has_absent":"false","absent_info_text":"","removed_info":""}],"19":[{"lesson":"8","group":"1.ER 1","room":"302","subject":"AJ","subject_text":"Anglický jazyk","teacher":"","teacher_text":"","change_info":"","theme":"","type":"atom","absencetext":null,"has_absent":"false","absent_info_text":"","removed_info":""}],"23":[{"lesson":"1","group":"1.EM 1","room":"108","subject":"AJ","subject_text":"Anglický jazyk","teacher":"","teacher_text":"","change_info":"","theme":"","type":"atom","absencetext":null,"has_absent":"false","absent_info_text":"","removed_info":""}],"24":[{"lesson":"2","group":"1.S 1","room":"111","subject":"AJ","subject_text":"Anglický jazyk","teacher":"","teacher_text":"","change_info":"","theme":"","type":"atom","absencetext":null,"has_absent":"false","absent_info_text":"","removed_info":""}],"26":[{"lesson":"4","group":"2.EE 1","room":"313","subject":"AJ","subject_text":"Anglický jazyk","teacher":"","teacher_text":"","change_info":"","theme":"","type":"atom","absencetext":null,"has_absent":"false","absent_info_text":"","removed_info":""}],"27":[{"lesson":"5","group":"1.ER 1","room":"213","subject":"TV","subject_text":"Tělesná výchova","teacher":"","teacher_text":"","change_info":"","theme":"","type":"atom","absencetext":null,"has_absent":"false","absent_info_text":"","removed_info":""}],"28":[{"lesson":"6","group":"1.ER 1","room":"213","subject":"TV","subject_text":"Tělesná výchova","teacher":"","teacher_text":"","change_info":"","theme":"","type":"atom","absencetext":null,"has_absent":"false","absent_info_text":"","removed_info":""}],"34":[{"lesson":"1","group":"1.EM 1","room":"108","subject":"AJ","subject_text":"Anglický jazyk","teacher":"","teacher_text":"","change_info":"","theme":"","type":"atom","absencetext":null,"has_absent":"false","absent_info_text":"","removed_info":""}],"36":[{"lesson":"","group":"","room":"","subject":"","subject_text":"","teacher":null,"teacher_text":"","change_info":"","theme":null,"type":"removed","absencetext":null,"has_absent":"","absent_info_text":"","removed_info":"Absence třídy (4.EB, AJ)"}],"37":[{"lesson":"4","group":"2.EE 1","room":"104","subject":"AJ","subject_text":"Anglický jazyk","teacher":"","teacher_text":"","change_info":"","theme":"","type":"atom","absencetext":null,"has_absent":"false","absent_info_text":"","removed_info":""},{"lesson":"4","group":"2.EE 2","room":"104","subject":"AJ","subject_text":"Anglický jazyk","teacher":"","teacher_text":"","change_info":"Spojeno: 2.EE(2), AJ, Dušek Ivan, 104 (2.EE(2), MA, Ploch Jiří, 313)","theme":"","type":"atom","absencetext":null,"has_absent":"false","absent_info_text":"","removed_info":""}],"39":[{"lesson":"6","group":"3.EM 1","room":"308","subject":"AJ","subject_text":"Anglický jazyk","teacher":"","teacher_text":"","change_info":"","theme":"","type":"atom","absencetext":null,"has_absent":"false","absent_info_text":"","removed_info":""},{"lesson":"6","group":"3.EM 2","room":"308","subject":"AJ","subject_text":"Anglický jazyk","teacher":"","teacher_text":"","change_info":"Spojeno: 3.EM(2), AJ, Dušek Ivan, 308 (3.EM(2), MA, Ploch Jiří, 113)","theme":"","type":"atom","absencetext":null,"has_absent":"false","absent_info_text":"","removed_info":""}],"41":[{"lesson":"8","group":"1.ER 1","room":"302","subject":"AJ","subject_text":"Anglický jazyk","teacher":"","teacher_text":"","change_info":"","theme":"","type":"atom","absencetext":null,"has_absent":"false","absent_info_text":"","removed_info":""}],"44":[{"lesson":"0","group":"1.S 1","room":"213","subject":"TV","subject_text":"Tělesná výchova","teacher":"","teacher_text":"","change_info":"","theme":"","type":"atom","absencetext":null,"has_absent":"false","absent_info_text":"","removed_info":""}],"45":[{"lesson":"1","group":"1.S 1","room":"213","subject":"TV","subject_text":"Tělesná výchova","teacher":"","teacher_text":"","change_info":"","theme":"","type":"atom","absencetext":null,"has_absent":"false","absent_info_text":"","removed_info":""}],"46":[{"lesson":"2","group":"1.ER 1","room":"302","subject":"AJ","subject_text":"Anglický jazyk","teacher":"","teacher_text":"","change_info":"","theme":"","type":"atom","absencetext":null,"has_absent":"false","absent_info_text":"","removed_info":""}],"48":[{"lesson":"4","group":"4.EA 1","room":"406","subject":"AJ","subject_text":"Anglický jazyk","teacher":"","teacher_text":"","change_info":"","theme":"","type":"atom","absencetext":null,"has_absent":"false","absent_info_text":"","removed_info":""}],"49":[{"lesson":"5","group":"1.S 1","room":"207","subject":"AJ","subject_text":"Anglický jazyk","teacher":"","teacher_text":"","change_info":"","theme":"","type":"atom","absencetext":null,"has_absent":"false","absent_info_text":"","removed_info":""}],"50":[{"lesson":"6","group":"4.SB 1","room":"203","subject":"\r\n                                                            Lék\r\n                                                        ","subject_text":"Anglický jazyk","teacher":"","teacher_text":"","change_info":"Spojeno: 4.SB(1), Ohnsorg Petra (4.SB(1), Dušek Ivan)","theme":"","type":"atom","absencetext":null,"has_absent":"true","absent_info_text":"Lék | Lékař","removed_info":""}]}