{"0":[{"lesson":"0","group":"4.EA 1","room":"D12","subject":"IT","subject_text":"Informační technologie","teacher":"Sk","teacher_text":"Sk","change_info":"","theme":"PHP cykly","type":"atom","absencetext":null,"has_absent":"false","absent_info_text":"","removed_info":""}],"1":[{"lesson":"1","group":"4.EA 1","room":"D12","subject":"IT","subject_text":"Informační technologie","teacher":"Sk","teacher_text":"Sk","change_info":"","theme":"PHP cykly","type":"atom","absencetext":null,"has_absent":"false","absent_info_text":"","removed_info":""}],"2":[{"lesson":"2","group":"4.EA 2","room":"D12","subject":"IT","subject_text":"Informační technologie","teacher":"Sk","teacher_text":"Sk","change_info":"","theme":"PHP cykly","type":"atom","absencetext":null,"has_absent":"false","absent_info_text":"","removed_info":""}],"3":[{"lesson":"3","group":"4.EA 2","room":"D12","subject":"IT","subject_text":"Informační technologie","teacher":"Sk","teacher_text":"Sk","change_info":"","theme":"PHP cykly","type":"atom","absencetext":null,"has_absent":"false","absent_info_text":"","removed_info":""}],"7":[{"lesson":"7","group":"3.ER P3","room":"D12","subject":"PRA","subject_text":"Praxe","teacher":"Si","teacher_text":"Si","change_info":"","theme":"Práce na projektu","type":"atom","absencetext":null,"has_absent":"false","absent_info_text":"","removed_info":""}],"8":[{"lesson":"8","group":"3.ER P3","room":"D12","subject":"PRA","subject_text":"Praxe","teacher":"Si","teacher_text":"Si","change_info":"","theme":"Práce na projektu","type":"atom","absencetext":null,"has_absent":"false","absent_info_text":"","removed_info":""}],"9":[{"lesson":"9","group":"3.ER P3","room":"D12","subject":"PRA","subject_text":"Praxe","teacher":"Si","teacher_text":"Si","change_info":"","theme":"Práce na projektu","type":"atom","absencetext":null,"has_absent":"false","absent_info_text":"","removed_info":""}],"18":[{"lesson":"7","group":"3.EM 1","room":"D12","subject":"STRc","subject_text":"Strojírenství - cvičení","teacher":"St","teacher_text":"St","change_info":"","theme":"Návrh koncepce vozidla","type":"atom","absencetext":null,"has_absent":"false","absent_info_text":"","removed_info":""}],"19":[{"lesson":"8","group":"3.EM 2","room":"D12","subject":"STRc","subject_text":"Strojírenství - cvičení","teacher":"St","teacher_text":"St","change_info":"","theme":"Návrh koncepce vozidla","type":"atom","absencetext":null,"has_absent":"false","absent_info_text":"","removed_info":""}],"22":[{"lesson":"0","group":"2.EE P3","room":"D12","subject":"PRA","subject_text":"Praxe","teacher":"Pe","teacher_text":"Pe","change_info":"","theme":"","type":"atom","absencetext":null,"has_absent":"false","absent_info_text":"","removed_info":""}],"23":[{"lesson":"1","group":"2.EE P3","room":"D12","subject":"PRA","subject_text":"Praxe","teacher":"Pe","teacher_text":"Pe","change_info":"","theme":"","type":"atom","absencetext":null,"has_absent":"false","absent_info_text":"","removed_info":""}],"24":[{"lesson":"2","group":"2.EE P3","room":"D12","subject":"PRA","subject_text":"Praxe","teacher":"Pe","teacher_text":"Pe","change_info":"","theme":"","type":"atom","absencetext":null,"has_absent":"false","absent_info_text":"","removed_info":""}],"28":[{"lesson":"6","group":"3.EM 2","room":"D12","subject":"ADc","subject_text":"Automatizace dopravy cvičení","teacher":"Si","teacher_text":"Si","change_info":"","theme":"Měření frekvenčních charakteristik","type":"atom","absencetext":null,"has_absent":"false","absent_info_text":"","removed_info":""}],"29":[{"lesson":"7","group":"3.EM 2","room":"D12","subject":"ADc","subject_text":"Automatizace dopravy cvičení","teacher":"Si","teacher_text":"Si","change_info":"","theme":"Zpracování naměřených hodnot","type":"atom","absencetext":null,"has_absent":"false","absent_info_text":"","removed_info":""}],"35":[{"lesson":"2","group":"1.EM 2","room":"D12","subject":"ELTc","subject_text":"Elektrotechnika - cvičení","teacher":"Si","teacher_text":"Si","change_info":"","theme":"Závislost odporu na teplotě","type":"atom","absencetext":null,"has_absent":"false","absent_info_text":"","removed_info":""}],"36":[{"lesson":"3","group":"1.EM 2","room":"D12","subject":"ELTc","subject_text":"Elektrotechnika - cvičení","teacher":"Si","teacher_text":"Si","change_info":"","theme":"Závislost odporu na teplotě","type":"atom","absencetext":null,"has_absent":"false","absent_info_text":"","removed_info":""}],"37":[{"lesson":"4","group":"2.EM 1","room":"D12","subject":"ELTc","subject_text":"Elektrotechnika - cvičení","teacher":"Si","teacher_text":"Si","change_info":"","theme":"Střídavé obvody- výpočty","type":"atom","absencetext":null,"has_absent":"false","absent_info_text":"","removed_info":""}],"38":[{"lesson":"5","group":"2.EM 1","room":"D12","subject":"ELTc","subject_text":"Elektrotechnika - cvičení","teacher":"Si","teacher_text":"Si","change_info":"","theme":"Střídavé obvody - měření","type":"atom","absencetext":null,"has_absent":"false","absent_info_text":"","removed_info":""}],"41":[{"lesson":"8","group":"3.EM 1","room":"D12","subject":"EVc","subject_text":"Elektronika vozidel - cvičení","teacher":"Si","teacher_text":"Si","change_info":"","theme":"Výpočet obvodů s diodami","type":"atom","absencetext":null,"has_absent":"false","absent_info_text":"","removed_info":""}],"42":[{"lesson":"9","group":"3.EM 1","room":"D12","subject":"EVc","subject_text":"Elektronika vozidel - cvičení","teacher":"Si","teacher_text":"Si","change_info":"","theme":"Výpočty obvůdů s diodami","type":"atom","absencetext":null,"has_absent":"false","absent_info_text":"","removed_info":""}],"44":[{"lesson":"0","group":"3.EE P1","room":"D12","subject":"PRA","subject_text":"Praxe","teacher":"Ko","teacher_text":"Ko","change_info":"","theme":"Ovládání topení, žaluzií","type":"atom","absencetext":null,"has_absent":"false","absent_info_text":"","removed_info":""}],"45":[{"lesson":"1","group":"3.EE P1","room":"D12","subject":"PRA","subject_text":"Praxe","teacher":"Ko","teacher_text":"Ko","change_info":"","theme":"Ovládání topení, žaluzií","type":"atom","absencetext":null,"has_absent":"false","absent_info_text":"","removed_info":""}],"46":[{"lesson":"2","group":"3.EE P1","room":"D12","subject":"PRA","subject_text":"Praxe","teacher":"Ko","teacher_text":"Ko","change_info":"","theme":"Ovládání topení, žaluzií, vebové rozhraní","type":"atom","absencetext":null,"has_absent":"false","absent_info_text":"","removed_info":""}]}