{"1":[{"lesson":"1","group":"3.EE celá","room":"311","subject":"EM","subject_text":"Elektrická měření","teacher":"Su","teacher_text":"Su","change_info":"","theme":"","type":"atom","absencetext":null,"has_absent":"false","absent_info_text":"","removed_info":""}],"2":[{"lesson":"2","group":"3.EE 2","room":"311","subject":"AJ","subject_text":"Anglický jazyk","teacher":"Og","teacher_text":"Og","change_info":"","theme":"","type":"atom","absencetext":null,"has_absent":"false","absent_info_text":"","removed_info":""}],"3":[{"lesson":"3","group":"3.EE celá","room":"311","subject":"EKc","subject_text":"Ekonomika cvičení","teacher":"Pu","teacher_text":"Pu","change_info":"","theme":"","type":"atom","absencetext":null,"has_absent":"false","absent_info_text":"","removed_info":""}],"4":[{"lesson":"4","group":"3.EE celá","room":"311","subject":"CL","subject_text":"Český jazyk a literatura","teacher":"Pz","teacher_text":"Pz","change_info":"","theme":"","type":"atom","absencetext":null,"has_absent":"false","absent_info_text":"","removed_info":""}],"5":[{"lesson":"5","group":"2.EE 2","room":"311","subject":"AJ","subject_text":"Anglický jazyk","teacher":"Sch","teacher_text":"Sch","change_info":"","theme":"","type":"atom","absencetext":null,"has_absent":"false","absent_info_text":"","removed_info":""}],"12":[{"lesson":"1","group":"3.EE 1","room":"311","subject":"AJ","subject_text":"Anglický jazyk","teacher":"Og","teacher_text":"Og","change_info":"","theme":"","type":"atom","absencetext":null,"has_absent":"false","absent_info_text":"","removed_info":""}],"13":[{"lesson":"2","group":"3.EE celá","room":"311","subject":"MA","subject_text":"Matematika","teacher":"Ml","teacher_text":"Ml","change_info":"","theme":"","type":"atom","absencetext":null,"has_absent":"false","absent_info_text":"","removed_info":""}],"14":[{"lesson":"3","group":"3.EE celá","room":"311","subject":"ES","subject_text":"Elektrické stroje a přístroje","teacher":"Ha","teacher_text":"Ha","change_info":"","theme":"","type":"atom","absencetext":null,"has_absent":"false","absent_info_text":"","removed_info":""}],"15":[{"lesson":"4","group":"3.EE celá","room":"311","subject":"EE","subject_text":"Elektroenergetika","teacher":"Vs","teacher_text":"Vs","change_info":"","theme":"","type":"atom","absencetext":null,"has_absent":"false","absent_info_text":"","removed_info":""}],"16":[{"lesson":"5","group":"3.EE celá","room":"311","subject":"AT","subject_text":"Automatizační technika","teacher":"Si","teacher_text":"Si","change_info":"","theme":"","type":"atom","absencetext":null,"has_absent":"false","absent_info_text":"","removed_info":""}],"17":[{"lesson":"6","group":"3.EE celá","room":"311","subject":"ET","subject_text":"Elektronika","teacher":"Se","teacher_text":"Se","change_info":"","theme":"","type":"atom","absencetext":null,"has_absent":"false","absent_info_text":"","removed_info":""}],"22":[{"lesson":"0","group":"3.EE celá","room":"311","subject":"ZSV","subject_text":"Základy společenských věd","teacher":"Fd","teacher_text":"Fd","change_info":"","theme":"","type":"atom","absencetext":null,"has_absent":"false","absent_info_text":"","removed_info":""}],"23":[{"lesson":"1","group":"3.EE celá","room":"311","subject":"MA","subject_text":"Matematika","teacher":"Ml","teacher_text":"Ml","change_info":"","theme":"","type":"atom","absencetext":null,"has_absent":"false","absent_info_text":"","removed_info":""}],"24":[{"lesson":"2","group":"3.EE celá","room":"311","subject":"EM","subject_text":"Elektrická měření","teacher":"Su","teacher_text":"Su","change_info":"","theme":"","type":"atom","absencetext":null,"has_absent":"false","absent_info_text":"","removed_info":""}],"25":[{"lesson":"3","group":"3.EE celá","room":"311","subject":"EK","subject_text":"Ekonomika","teacher":"Pu","teacher_text":"Pu","change_info":"","theme":"","type":"atom","absencetext":null,"has_absent":"false","absent_info_text":"","removed_info":""}],"26":[{"lesson":"4","group":"3.EE celá","room":"311","subject":"EE","subject_text":"Elektroenergetika","teacher":"Vs","teacher_text":"Vs","change_info":"","theme":"","type":"atom","absencetext":null,"has_absent":"false","absent_info_text":"","removed_info":""}],"34":[{"lesson":"1","group":"3.EE celá","room":"311","subject":"EK","subject_text":"Ekonomika","teacher":"Pu","teacher_text":"Pu","change_info":"","theme":"","type":"atom","absencetext":null,"has_absent":"false","absent_info_text":"","removed_info":""}],"35":[{"lesson":"2","group":"3.EE celá","room":"311","subject":"ES","subject_text":"Elektrické stroje a přístroje","teacher":"Ha","teacher_text":"Ha","change_info":"","theme":"","type":"atom","absencetext":null,"has_absent":"false","absent_info_text":"","removed_info":""}],"36":[{"lesson":"3","group":"3.EE celá","room":"311","subject":"CL","subject_text":"Český jazyk a literatura","teacher":"Pz","teacher_text":"Pz","change_info":"","theme":"","type":"atom","absencetext":null,"has_absent":"false","absent_info_text":"","removed_info":""}],"37":[{"lesson":"4","group":"3.EE celá","room":"311","subject":"ET","subject_text":"Elektronika","teacher":"Se","teacher_text":"Se","change_info":"","theme":"","type":"atom","absencetext":null,"has_absent":"false","absent_info_text":"","removed_info":""}],"39":[{"lesson":"6","group":"3.EE 1","room":"311","subject":"MA","subject_text":"Matematika","teacher":"Ml","teacher_text":"Ml","change_info":"","theme":"","type":"atom","absencetext":null,"has_absent":"false","absent_info_text":"","removed_info":""}],"40":[{"lesson":"7","group":"3.EE 2","room":"311","subject":"MA","subject_text":"Matematika","teacher":"Ml","teacher_text":"Ml","change_info":"","theme":"","type":"atom","absencetext":null,"has_absent":"false","absent_info_text":"","removed_info":""}],"46":[{"lesson":"2","group":"4.SA celá","room":"311","subject":"ST","subject_text":"Strojírenská technologie","teacher":"Va","teacher_text":"Va","change_info":"","theme":"","type":"atom","absencetext":null,"has_absent":"false","absent_info_text":"","removed_info":""}],"47":[{"lesson":"3","group":"3.EE celá","room":"311","subject":"CL","subject_text":"Český jazyk a literatura","teacher":"Pz","teacher_text":"Pz","change_info":"","theme":"","type":"atom","absencetext":null,"has_absent":"false","absent_info_text":"","removed_info":""}],"48":[{"lesson":"4","group":"3.EE celá","room":"311","subject":"ES","subject_text":"Elektrické stroje a přístroje","teacher":"Ha","teacher_text":"Ha","change_info":"","theme":"","type":"atom","absencetext":null,"has_absent":"false","absent_info_text":"","removed_info":""}],"49":[{"lesson":"5","group":"3.EE celá","room":"311","subject":"AT","subject_text":"Automatizační technika","teacher":"Si","teacher_text":"Si","change_info":"","theme":"","type":"atom","absencetext":null,"has_absent":"false","absent_info_text":"","removed_info":""}]}