{"2":[{"lesson":"2","group":"4.SA celá","room":"203","subject":"MA","subject_text":"Matematika","teacher":"Pl","teacher_text":"Pl","change_info":"Suplování: MA, Ploch Jiří (SS, Kp)","theme":"Kombinatorika - úvod","type":"atom","absencetext":null,"has_absent":"false","absent_info_text":"","removed_info":""}],"3":[{"lesson":"3","group":"3.S celá","room":"203","subject":"ST","subject_text":"Strojírenská technologie","teacher":"Kr","teacher_text":"Kr","change_info":"Suplování: ST, Krejsa Vladimír (SS, Kp)","theme":"frézování","type":"atom","absencetext":null,"has_absent":"false","absent_info_text":"","removed_info":""}],"4":[{"lesson":"4","group":"4.SB celá","room":"203","subject":"SS","subject_text":"Stavba a provoz strojů","teacher":"St","teacher_text":"St","change_info":"Suplování: Strnad Stanislav (Kp)","theme":"Pístová čerpadla","type":"atom","absencetext":null,"has_absent":"false","absent_info_text":"","removed_info":""}],"6":[{"lesson":"6","group":"4.SB 2","room":"203","subject":"KM","subject_text":"Kontrola a měření","teacher":"Fr","teacher_text":"Fr","change_info":"Spojeno: Franta Lukáš, 203 (Kroupa Petr, 106)","theme":"Příprava úloh na měření","type":"atom","absencetext":null,"has_absent":"false","absent_info_text":"","removed_info":""},{"lesson":"6","group":"4.SB 1","room":"203","subject":"KM","subject_text":"Kontrola a měření","teacher":"Fr","teacher_text":"Fr","change_info":"Změna místnosti: 203 (117)","theme":"Příprava úloh měření","type":"atom","absencetext":null,"has_absent":"false","absent_info_text":"","removed_info":""}],"7":[{"lesson":"7","group":"4.SB 2","room":"203","subject":"KM","subject_text":"Kontrola a měření","teacher":"Fr","teacher_text":"Fr","change_info":"Spojeno: Franta Lukáš, 203 (Kroupa Petr, 106)","theme":"Příprava úloh na měření","type":"atom","absencetext":null,"has_absent":"false","absent_info_text":"","removed_info":""},{"lesson":"7","group":"4.SB 1","room":"203","subject":"KM","subject_text":"Kontrola a měření","teacher":"Fr","teacher_text":"Fr","change_info":"Změna místnosti: 203 (117)","theme":"Příprava úloh měření","type":"atom","absencetext":null,"has_absent":"false","absent_info_text":"","removed_info":""}],"12":[{"lesson":"1","group":"3.S celá","room":"203","subject":"SS","subject_text":"Stavba a provoz strojů","teacher":"Fr","teacher_text":"Fr","change_info":"Suplování: Franta Lukáš (Kp)","theme":"OzubeníVN s vyrovnanou korekcí","type":"atom","absencetext":null,"has_absent":"false","absent_info_text":"","removed_info":""}],"13":[{"lesson":"2","group":"4.SB celá","room":"203","subject":"ST","subject_text":"Strojírenská technologie","teacher":"Če","teacher_text":"Če","change_info":"","theme":"","type":"atom","absencetext":null,"has_absent":"false","absent_info_text":"","removed_info":""}],"14":[{"lesson":"3","group":"2.S celá","room":"203","subject":"EL","subject_text":"Elektrotechnika","teacher":"Su","teacher_text":"Su","change_info":"Suplování: EL, Stuchlý Jaroslav (ME, Kp)","theme":"Magnetické pole (vznik, zobrazení,Indukce,vlastnosti látek)","type":"atom","absencetext":null,"has_absent":"false","absent_info_text":"","removed_info":""}],"15":[{"lesson":"4","group":"4.SA TS1","room":"203","subject":"AJ","subject_text":"Anglický jazyk","teacher":"Ds","teacher_text":"Ds","change_info":"Suplování: AJ, Dušek Ivan, 203 (KPP, Čk, 118)","theme":"Revision","type":"atom","absencetext":null,"has_absent":"false","absent_info_text":"","removed_info":""},{"lesson":"4","group":"4.SA TS2","room":"203","subject":"AJ","subject_text":"Anglický jazyk","teacher":"Ds","teacher_text":"Ds","change_info":"Spojeno: AJ, Dušek Ivan, 203 (KPP, Mareš Radek, 303)","theme":"Revision","type":"atom","absencetext":null,"has_absent":"false","absent_info_text":"","removed_info":""}],"16":[{"lesson":"5","group":"4.SA celá","room":"203","subject":"SS","subject_text":"Stavba a provoz strojů","teacher":"St","teacher_text":"St","change_info":"Suplování: Strnad Stanislav (Kp)","theme":"Pístová čerpadla","type":"atom","absencetext":null,"has_absent":"false","absent_info_text":"","removed_info":""}],"18":[{"lesson":"7","group":"4.SB celá","room":"203","subject":"AU","subject_text":"Automatizace","teacher":"Bk","teacher_text":"Bk","change_info":"","theme":"Logické ventily","type":"atom","absencetext":null,"has_absent":"false","absent_info_text":"","removed_info":""}],"25":[{"lesson":"3","group":"4.SB celá","room":"203","subject":"ST","subject_text":"Strojírenská technologie","teacher":"Če","teacher_text":"Če","change_info":"Suplování: ST, Čermák Ludvík (SS, Kp)","theme":"","type":"atom","absencetext":null,"has_absent":"false","absent_info_text":"","removed_info":""}],"26":[{"lesson":"4","group":"4.SB celá","room":"203","subject":"ST","subject_text":"Strojírenská technologie","teacher":"Če","teacher_text":"Če","change_info":"Suplování: ST, Čermák Ludvík (SS, Kp)","theme":"","type":"atom","absencetext":null,"has_absent":"false","absent_info_text":"","removed_info":""}],"27":[{"lesson":"5","group":"4.SB celá","room":"203","subject":"MA","subject_text":"Matematika","teacher":"Ha","teacher_text":"Ha","change_info":"","theme":"","type":"atom","absencetext":null,"has_absent":"false","absent_info_text":"","removed_info":""}],"28":[{"lesson":"6","group":"4.SB celá","room":"203","subject":"AU","subject_text":"Automatizace","teacher":"Bk","teacher_text":"Bk","change_info":"","theme":"","type":"atom","absencetext":null,"has_absent":"false","absent_info_text":"","removed_info":""}],"34":[{"lesson":"1","group":"4.SB 2","room":"203","subject":"AJ","subject_text":"Anglický jazyk","teacher":"Og","teacher_text":"Og","change_info":"","theme":"","type":"atom","absencetext":null,"has_absent":"false","absent_info_text":"","removed_info":""}],"35":[{"lesson":"2","group":"4.SB celá","room":"203","subject":"ST","subject_text":"Strojírenská technologie","teacher":"Če","teacher_text":"Če","change_info":"","theme":"","type":"atom","absencetext":null,"has_absent":"false","absent_info_text":"","removed_info":""}],"36":[{"lesson":"3","group":"4.SB 1","room":"203","subject":"STc","subject_text":"Strojírenská technol. cvičení","teacher":"Če","teacher_text":"Če","change_info":"","theme":"","type":"atom","absencetext":null,"has_absent":"false","absent_info_text":"","removed_info":""},{"lesson":"3","group":"4.SB 2","room":"203","subject":"STc","subject_text":"Strojírenská technol. cvičení","teacher":"Če","teacher_text":"Če","change_info":"Spojeno: STc, Čermák Ludvík, 203 (SSc, Mareš Radek, 303)","theme":"","type":"atom","absencetext":null,"has_absent":"false","absent_info_text":"","removed_info":""}],"37":[{"lesson":"4","group":"4.SB 1","room":"203","subject":"STc","subject_text":"Strojírenská technol. cvičení","teacher":"Če","teacher_text":"Če","change_info":"","theme":"","type":"atom","absencetext":null,"has_absent":"false","absent_info_text":"","removed_info":""},{"lesson":"4","group":"4.SB 2","room":"203","subject":"STc","subject_text":"Strojírenská technol. cvičení","teacher":"Če","teacher_text":"Če","change_info":"Spojeno: STc, Čermák Ludvík, 203 (SSc, Mareš Radek, 303)","theme":"","type":"atom","absencetext":null,"has_absent":"false","absent_info_text":"","removed_info":""}],"39":[{"lesson":"6","group":"4.SA celá","room":"203","subject":"CL","subject_text":"Český jazyk a literatura","teacher":"Šu","teacher_text":"Šu","change_info":"Přesun z 7.11., 5: CL, Šustrová Pavlína, 203","theme":"","type":"atom","absencetext":null,"has_absent":"false","absent_info_text":"","removed_info":""}],"40":[{"lesson":"7","group":"2.S celá","room":"203","subject":"SS","subject_text":"Stavba a provoz strojů","teacher":"Fr","teacher_text":"Fr","change_info":"Suplování: SS, Franta Lukáš (ME, Kp)","theme":"","type":"atom","absencetext":null,"has_absent":"false","absent_info_text":"","removed_info":""}],"45":[{"lesson":"1","group":"4.SB celá","room":"203","subject":"MA","subject_text":"Matematika","teacher":"Ha","teacher_text":"Ha","change_info":"Přidáno do rozvrhu: MA, Hána Jiří, 203","theme":"","type":"atom","absencetext":null,"has_absent":"false","absent_info_text":"","removed_info":""}],"46":[{"lesson":"2","group":"4.SB celá","room":"203","subject":"CL","subject_text":"Český jazyk a literatura","teacher":"Pz","teacher_text":"Pz","change_info":"Přidáno do rozvrhu: CL, Petržalová Ludmila, 203","theme":"Opakování k MZ (lit. 2R)","type":"atom","absencetext":null,"has_absent":"false","absent_info_text":"","removed_info":""}],"47":[{"lesson":"3","group":"4.SB celá","room":"203","subject":"ZSV","subject_text":"Základy společenských věd","teacher":"Šu","teacher_text":"Šu","change_info":"","theme":"","type":"atom","absencetext":null,"has_absent":"false","absent_info_text":"","removed_info":""}],"48":[{"lesson":"4","group":"4.SB celá","room":"203","subject":"CL","subject_text":"Český jazyk a literatura","teacher":"Pz","teacher_text":"Pz","change_info":"","theme":"České divadlo po roce 1945 do současnosti","type":"atom","absencetext":null,"has_absent":"false","absent_info_text":"","removed_info":""}],"49":[{"lesson":"5","group":"4.SB celá","room":"203","subject":"ST","subject_text":"Strojírenská technologie","teacher":"Če","teacher_text":"Če","change_info":"","theme":"","type":"atom","absencetext":null,"has_absent":"false","absent_info_text":"","removed_info":""}],"50":[{"lesson":"6","group":"4.SB 1","room":"203","subject":"AJ","subject_text":"Anglický jazyk","teacher":"Ds","teacher_text":"Ds","change_info":"","theme":"","type":"atom","absencetext":null,"has_absent":"false","absent_info_text":"","removed_info":""}]}