{"1":[{"lesson":"1","group":"1.S 1","room":"203","subject":"MEc","subject_text":"Mechanika-cvičení","teacher":"Čk","teacher_text":"Čk","change_info":"Změna místnosti: 203 (111)","theme":"","type":"atom","absencetext":null,"has_absent":"false","absent_info_text":"","removed_info":""}],"2":[{"lesson":"2","group":"4.SA celá","room":"203","subject":"SS","subject_text":"Stavba a provoz strojů","teacher":"Kp","teacher_text":"Kp","change_info":"","theme":"","type":"atom","absencetext":null,"has_absent":"false","absent_info_text":"","removed_info":""}],"3":[{"lesson":"3","group":"4.SB celá","room":"203","subject":"MA","subject_text":"Matematika","teacher":"Ha","teacher_text":"Ha","change_info":"Změna místnosti: 203 (111)","theme":"","type":"atom","absencetext":null,"has_absent":"false","absent_info_text":"","removed_info":""}],"4":[{"lesson":"4","group":"4.SB celá","room":"203","subject":"SS","subject_text":"Stavba a provoz strojů","teacher":"Kp","teacher_text":"Kp","change_info":"","theme":"","type":"atom","absencetext":null,"has_absent":"false","absent_info_text":"","removed_info":""}],"5":[{"lesson":"5","group":"1.EM celá","room":"203","subject":"STR","subject_text":"Strojírenství","teacher":"St","teacher_text":"St","change_info":"Změna místnosti: 203 (108)","theme":"","type":"atom","absencetext":null,"has_absent":"false","absent_info_text":"","removed_info":""}],"12":[{"lesson":"1","group":"3.S celá","room":"203","subject":"SS","subject_text":"Stavba a provoz strojů","teacher":"Kp","teacher_text":"Kp","change_info":"","theme":"","type":"atom","absencetext":null,"has_absent":"false","absent_info_text":"","removed_info":""}],"13":[{"lesson":"2","group":"4.SB celá","room":"203","subject":"ST","subject_text":"Strojírenská technologie","teacher":"Če","teacher_text":"Če","change_info":"","theme":"","type":"atom","absencetext":null,"has_absent":"false","absent_info_text":"","removed_info":""}],"14":[{"lesson":"3","group":"2.S celá","room":"203","subject":"ME","subject_text":"Mechanika","teacher":"Kp","teacher_text":"Kp","change_info":"","theme":"","type":"atom","absencetext":null,"has_absent":"false","absent_info_text":"","removed_info":""}],"15":[{"lesson":"4","group":"2.EM 2","room":"203","subject":"AJ","subject_text":"Anglický jazyk","teacher":"Og","teacher_text":"Og","change_info":"","theme":"","type":"atom","absencetext":null,"has_absent":"false","absent_info_text":"","removed_info":""}],"16":[{"lesson":"5","group":"4.SA celá","room":"203","subject":"SS","subject_text":"Stavba a provoz strojů","teacher":"Kp","teacher_text":"Kp","change_info":"","theme":"","type":"atom","absencetext":null,"has_absent":"false","absent_info_text":"","removed_info":""}],"18":[{"lesson":"7","group":"4.SB celá","room":"203","subject":"AU","subject_text":"Automatizace","teacher":"Bk","teacher_text":"Bk","change_info":"","theme":"","type":"atom","absencetext":null,"has_absent":"false","absent_info_text":"","removed_info":""}],"25":[{"lesson":"3","group":"4.SB celá","room":"203","subject":"SS","subject_text":"Stavba a provoz strojů","teacher":"Kp","teacher_text":"Kp","change_info":"","theme":"","type":"atom","absencetext":null,"has_absent":"false","absent_info_text":"","removed_info":""}],"26":[{"lesson":"4","group":"4.SB celá","room":"203","subject":"SS","subject_text":"Stavba a provoz strojů","teacher":"Kp","teacher_text":"Kp","change_info":"","theme":"","type":"atom","absencetext":null,"has_absent":"false","absent_info_text":"","removed_info":""}],"27":[{"lesson":"5","group":"4.SB celá","room":"203","subject":"MA","subject_text":"Matematika","teacher":"Ha","teacher_text":"Ha","change_info":"","theme":"","type":"atom","absencetext":null,"has_absent":"false","absent_info_text":"","removed_info":""}],"28":[{"lesson":"6","group":"4.SB celá","room":"203","subject":"AU","subject_text":"Automatizace","teacher":"Bk","teacher_text":"Bk","change_info":"","theme":"","type":"atom","absencetext":null,"has_absent":"false","absent_info_text":"","removed_info":""}]}