{"2":[{"lesson":"2","group":"4.SA celá","room":"203","subject":"SS","subject_text":"Stavba a provoz strojů","teacher":"Kp","teacher_text":"Kp","change_info":"","theme":"Měřící metody dotykovými měřidly.","type":"atom","absencetext":null,"has_absent":"false","absent_info_text":"","removed_info":""}],"3":[{"lesson":"3","group":"3.S celá","room":"203","subject":"SS","subject_text":"Stavba a provoz strojů","teacher":"Kp","teacher_text":"Kp","change_info":"","theme":"","type":"atom","absencetext":null,"has_absent":"false","absent_info_text":"","removed_info":""}],"4":[{"lesson":"4","group":"4.SB celá","room":"203","subject":"SS","subject_text":"Stavba a provoz strojů","teacher":"Kp","teacher_text":"Kp","change_info":"","theme":"","type":"atom","absencetext":null,"has_absent":"false","absent_info_text":"","removed_info":""}],"12":[{"lesson":"1","group":"3.S celá","room":"203","subject":"SS","subject_text":"Stavba a provoz strojů","teacher":"Kp","teacher_text":"Kp","change_info":"","theme":"","type":"atom","absencetext":null,"has_absent":"false","absent_info_text":"","removed_info":""}],"13":[{"lesson":"2","group":"4.SB celá","room":"203","subject":"ST","subject_text":"Strojírenská technologie","teacher":"Če","teacher_text":"Če","change_info":"","theme":"","type":"atom","absencetext":null,"has_absent":"false","absent_info_text":"","removed_info":""}],"14":[{"lesson":"3","group":"2.S celá","room":"203","subject":"ME","subject_text":"Mechanika","teacher":"Kp","teacher_text":"Kp","change_info":"","theme":"","type":"atom","absencetext":null,"has_absent":"false","absent_info_text":"","removed_info":""}],"15":[{"lesson":"4","group":"2.EM 2","room":"203","subject":"AJ","subject_text":"Anglický jazyk","teacher":"Og","teacher_text":"Og","change_info":"","theme":"","type":"atom","absencetext":null,"has_absent":"false","absent_info_text":"","removed_info":""}],"16":[{"lesson":"5","group":"4.SA celá","room":"203","subject":"SS","subject_text":"Stavba a provoz strojů","teacher":"Kp","teacher_text":"Kp","change_info":"","theme":"","type":"atom","absencetext":null,"has_absent":"false","absent_info_text":"","removed_info":""}],"18":[{"lesson":"7","group":"4.SB celá","room":"203","subject":"AU","subject_text":"Automatizace","teacher":"Bk","teacher_text":"Bk","change_info":"","theme":"","type":"atom","absencetext":null,"has_absent":"false","absent_info_text":"","removed_info":""}],"19":[{"lesson":"8","group":"4.SB celá","room":"203","subject":"MA","subject_text":"Matematika","teacher":"Ha","teacher_text":"Ha","change_info":"","theme":"","type":"atom","absencetext":null,"has_absent":"false","absent_info_text":"","removed_info":""}],"25":[{"lesson":"3","group":"4.SB celá","room":"203","subject":"SS","subject_text":"Stavba a provoz strojů","teacher":"Kp","teacher_text":"Kp","change_info":"","theme":"","type":"atom","absencetext":null,"has_absent":"false","absent_info_text":"","removed_info":""}],"26":[{"lesson":"4","group":"4.SB celá","room":"203","subject":"SS","subject_text":"Stavba a provoz strojů","teacher":"Kp","teacher_text":"Kp","change_info":"","theme":"","type":"atom","absencetext":null,"has_absent":"false","absent_info_text":"","removed_info":""}],"27":[{"lesson":"5","group":"4.SB celá","room":"203","subject":"ZSV","subject_text":"Základy společenských věd","teacher":"Šu","teacher_text":"Šu","change_info":"","theme":"","type":"atom","absencetext":null,"has_absent":"false","absent_info_text":"","removed_info":""}],"28":[{"lesson":"6","group":"4.SB celá","room":"203","subject":"AU","subject_text":"Automatizace","teacher":"Bk","teacher_text":"Bk","change_info":"","theme":"","type":"atom","absencetext":null,"has_absent":"false","absent_info_text":"","removed_info":""}],"34":[{"lesson":"1","group":"4.SB 2","room":"203","subject":"AJ","subject_text":"Anglický jazyk","teacher":"Og","teacher_text":"Og","change_info":"","theme":"","type":"atom","absencetext":null,"has_absent":"false","absent_info_text":"","removed_info":""}],"35":[{"lesson":"2","group":"4.SB celá","room":"203","subject":"ST","subject_text":"Strojírenská technologie","teacher":"Če","teacher_text":"Če","change_info":"","theme":"","type":"atom","absencetext":null,"has_absent":"false","absent_info_text":"","removed_info":""}],"36":[{"lesson":"3","group":"4.SB 1","room":"203","subject":"STc","subject_text":"Strojírenská technol. cvičení","teacher":"Če","teacher_text":"Če","change_info":"","theme":"","type":"atom","absencetext":null,"has_absent":"false","absent_info_text":"","removed_info":""}],"37":[{"lesson":"4","group":"4.SB 1","room":"203","subject":"STc","subject_text":"Strojírenská technol. cvičení","teacher":"Če","teacher_text":"Če","change_info":"","theme":"","type":"atom","absencetext":null,"has_absent":"false","absent_info_text":"","removed_info":""}],"45":[{"lesson":"1","group":"4.SB 2","room":"203","subject":"CL","subject_text":"Český jazyk a literatura","teacher":"Pz","teacher_text":"Pz","change_info":"","theme":"","type":"atom","absencetext":null,"has_absent":"false","absent_info_text":"","removed_info":""}],"46":[{"lesson":"2","group":"4.SB 1","room":"203","subject":"CL","subject_text":"Český jazyk a literatura","teacher":"Pz","teacher_text":"Pz","change_info":"","theme":"","type":"atom","absencetext":null,"has_absent":"false","absent_info_text":"","removed_info":""}],"47":[{"lesson":"3","group":"4.SB 1","room":"203","subject":"AJ","subject_text":"Anglický jazyk","teacher":"Ds","teacher_text":"Ds","change_info":"","theme":"","type":"atom","absencetext":null,"has_absent":"false","absent_info_text":"","removed_info":""}],"48":[{"lesson":"4","group":"4.SB celá","room":"203","subject":"CL","subject_text":"Český jazyk a literatura","teacher":"Pz","teacher_text":"Pz","change_info":"","theme":"","type":"atom","absencetext":null,"has_absent":"false","absent_info_text":"","removed_info":""}],"49":[{"lesson":"5","group":"4.SB celá","room":"203","subject":"ST","subject_text":"Strojírenská technologie","teacher":"Če","teacher_text":"Če","change_info":"","theme":"","type":"atom","absencetext":null,"has_absent":"false","absent_info_text":"","removed_info":""}]}