{"1":[{"lesson":"1","group":"1.ER celá","room":"302","subject":"CH","subject_text":"Chemie","teacher":"","teacher_text":"","change_info":"","theme":"Chemické výpočty - objemový zlomek, látkové množství","type":"atom","absencetext":null,"has_absent":"false","absent_info_text":"","removed_info":""}],"2":[{"lesson":"2","group":"1.EE celá","room":"308","subject":"MA","subject_text":"Matematika","teacher":"","teacher_text":"","change_info":"","theme":"Výrazy","type":"atom","absencetext":null,"has_absent":"false","absent_info_text":"","removed_info":""}],"3":[{"lesson":"3","group":"2.ER 2","room":"104","subject":"MA","subject_text":"Matematika","teacher":"","teacher_text":"","change_info":"","theme":"Test","type":"atom","absencetext":null,"has_absent":"false","absent_info_text":"","removed_info":""}],"4":[{"lesson":"4","group":"2.ER 1","room":"104","subject":"MA","subject_text":"Matematika","teacher":"","teacher_text":"","change_info":"","theme":"Test","type":"atom","absencetext":null,"has_absent":"false","absent_info_text":"","removed_info":""}],"5":[{"lesson":"5","group":"1.EE celá","room":"308","subject":"CH","subject_text":"Chemie","teacher":"","teacher_text":"","change_info":"","theme":"Chemické výpočty - objemový zlomek","type":"atom","absencetext":null,"has_absent":"false","absent_info_text":"","removed_info":""}],"6":[{"lesson":"6","group":"1.S celá","room":"207","subject":"CH","subject_text":"Chemie","teacher":"","teacher_text":"","change_info":"","theme":"Hmotnostní a objemový zlomek","type":"atom","absencetext":null,"has_absent":"false","absent_info_text":"","removed_info":""}],"12":[{"lesson":"1","group":"1.EE celá","room":"308","subject":"MA","subject_text":"Matematika","teacher":"","teacher_text":"","change_info":"","theme":"Mnohočleny - početní operace","type":"atom","absencetext":null,"has_absent":"false","absent_info_text":"","removed_info":""}],"13":[{"lesson":"2","group":"3.EE celá","room":"311","subject":"MA","subject_text":"Matematika","teacher":"","teacher_text":"","change_info":"","theme":"Kružnice a přímka","type":"atom","absencetext":null,"has_absent":"false","absent_info_text":"","removed_info":""}],"15":[{"lesson":"4","group":"2.ER celá","room":"104","subject":"MA","subject_text":"Matematika","teacher":"","teacher_text":"","change_info":"","theme":"Goniometrie - úvod","type":"atom","absencetext":null,"has_absent":"false","absent_info_text":"","removed_info":""}],"18":[{"lesson":"7","group":"3.S 2","room":"201","subject":"MA","subject_text":"Matematika","teacher":"","teacher_text":"","change_info":"","theme":"Hledání kružnic","type":"atom","absencetext":null,"has_absent":"false","absent_info_text":"","removed_info":""}],"19":[{"lesson":"8","group":"1.EM celá","room":"108","subject":"CH","subject_text":"Chemie","teacher":"","teacher_text":"","change_info":"","theme":"Test","type":"atom","absencetext":null,"has_absent":"false","absent_info_text":"","removed_info":""}],"23":[{"lesson":"1","group":"3.EE celá","room":"311","subject":"MA","subject_text":"Matematika","teacher":"","teacher_text":"","change_info":"","theme":"Přímka a kružnice","type":"atom","absencetext":null,"has_absent":"false","absent_info_text":"","removed_info":""}],"24":[{"lesson":"2","group":"1.EE 1","room":"304","subject":"MA","subject_text":"Matematika","teacher":"","teacher_text":"","change_info":"","theme":"Test","type":"atom","absencetext":null,"has_absent":"false","absent_info_text":"","removed_info":""}],"25":[{"lesson":"3","group":"1.EE 2","room":"304","subject":"MA","subject_text":"Matematika","teacher":"","teacher_text":"","change_info":"","theme":"Test","type":"atom","absencetext":null,"has_absent":"false","absent_info_text":"","removed_info":""}],"26":[{"lesson":"4","group":"2.ER celá","room":"104","subject":"MA","subject_text":"Matematika","teacher":"","teacher_text":"","change_info":"","theme":"Sinus, kosinus - jednotková kružnice","type":"atom","absencetext":null,"has_absent":"false","absent_info_text":"","removed_info":""}],"27":[{"lesson":"","group":"","room":"","subject":"","subject_text":"","teacher":null,"teacher_text":"","change_info":"","theme":null,"type":"removed","absencetext":null,"has_absent":"","absent_info_text":"","removed_info":"Výměna na 20.11., 6. hod (3.S+, MA)"}],"28":[{"lesson":"6","group":"3.S celá","room":"201","subject":"MA","subject_text":"Matematika","teacher":"","teacher_text":"","change_info":"Výměna z 20.11., 5: 3.S, MA, 201","theme":"Elipsa","type":"atom","absencetext":null,"has_absent":"false","absent_info_text":"","removed_info":""}],"35":[{"lesson":"","group":"","room":"","subject":"","subject_text":"","teacher":null,"teacher_text":"","change_info":"","theme":null,"type":"removed","absencetext":null,"has_absent":"","absent_info_text":"","removed_info":"Výměna na 28.11., 1. hod (1.EE+, MA)"}],"39":[{"lesson":"6","group":"3.EE 1","room":"311","subject":"MA","subject_text":"Matematika","teacher":"","teacher_text":"","change_info":"","theme":"Tečna ke kružnici","type":"atom","absencetext":null,"has_absent":"false","absent_info_text":"","removed_info":""}],"40":[{"lesson":"7","group":"3.EE 2","room":"311","subject":"MA","subject_text":"Matematika","teacher":"","teacher_text":"","change_info":"","theme":"Tečna ke kružnici","type":"atom","absencetext":null,"has_absent":"false","absent_info_text":"","removed_info":""}],"41":[{"lesson":"8","group":"1.S celá","room":"207","subject":"CH","subject_text":"Chemie","teacher":"","teacher_text":"","change_info":"","theme":"Látkové množství","type":"atom","absencetext":null,"has_absent":"false","absent_info_text":"","removed_info":""}],"45":[{"lesson":"1","group":"1.EE celá","room":"308","subject":"CH","subject_text":"Chemie","teacher":"","teacher_text":"","change_info":"","theme":"Látkové množství","type":"atom","absencetext":null,"has_absent":"false","absent_info_text":"","removed_info":""}],"46":[{"lesson":"2","group":"3.S 1","room":"111","subject":"MA","subject_text":"Matematika","teacher":"","teacher_text":"","change_info":"","theme":"Hedání elipsy","type":"atom","absencetext":null,"has_absent":"false","absent_info_text":"","removed_info":""}],"47":[{"lesson":"3","group":"2.ER celá","room":"104","subject":"MA","subject_text":"Matematika","teacher":"","teacher_text":"","change_info":"","theme":"Tangens, kotangent - jednotková kružnice, grafy funkcí","type":"atom","absencetext":null,"has_absent":"false","absent_info_text":"","removed_info":""}],"48":[{"lesson":"4","group":"1.ER celá","room":"302","subject":"CH","subject_text":"Chemie","teacher":"","teacher_text":"","change_info":"","theme":"Látkové množství","type":"atom","absencetext":null,"has_absent":"false","absent_info_text":"","removed_info":""}],"49":[{"lesson":"5","group":"3.S celá","room":"201","subject":"MA","subject_text":"Matematika","teacher":"","teacher_text":"","change_info":"","theme":"Elipsa - obecná rovnice","type":"atom","absencetext":null,"has_absent":"false","absent_info_text":"","removed_info":""}]}