{"1":[{"lesson":"1","group":"3.EM 2","room":"220","subject":"AJk","subject_text":"Anglický jazyk konverzace","teacher":"","teacher_text":"","change_info":"","theme":"Characteristics of USA","type":"atom","absencetext":null,"has_absent":"false","absent_info_text":"","removed_info":""}],"2":[{"lesson":"2","group":"3.EE 1","room":"220","subject":"AJk","subject_text":"Anglický jazyk konverzace","teacher":"","teacher_text":"","change_info":"","theme":"Characteristics of USA","type":"atom","absencetext":null,"has_absent":"false","absent_info_text":"","removed_info":""}],"3":[{"lesson":"3","group":"4.SA 1","room":"220","subject":"AJk","subject_text":"Anglický jazyk konverzace","teacher":"","teacher_text":"","change_info":"","theme":"Characteristics of USA","type":"atom","absencetext":null,"has_absent":"false","absent_info_text":"","removed_info":""}],"4":[{"lesson":"4","group":"3.S 1","room":"220","subject":"AJk","subject_text":"Anglický jazyk konverzace","teacher":"","teacher_text":"","change_info":"","theme":"Characteristics of USA","type":"atom","absencetext":null,"has_absent":"false","absent_info_text":"","removed_info":""}],"11":[{"lesson":"0","group":"3.EM 1","room":"220","subject":"AJk","subject_text":"Anglický jazyk konverzace","teacher":"","teacher_text":"","change_info":"","theme":"","type":"atom","absencetext":null,"has_absent":"false","absent_info_text":"","removed_info":""}],"12":[{"lesson":"1","group":"3.EE 1","room":"311","subject":"AJk","subject_text":"Anglický jazyk konverzace","teacher":"","teacher_text":"","change_info":"Spojeno: 3.EE(1), AJk, Quagliata Giuseppe (3.EE(1), AJ, Ohnsorg Petra)","theme":"","type":"atom","absencetext":null,"has_absent":"false","absent_info_text":"","removed_info":""},{"lesson":"1","group":"3.EE 2","room":"311","subject":"AJk","subject_text":"Anglický jazyk konverzace","teacher":"","teacher_text":"","change_info":"Změna místnosti: 311 (220)","theme":"","type":"atom","absencetext":null,"has_absent":"false","absent_info_text":"","removed_info":""}],"13":[{"lesson":"2","group":"4.EB 2","room":"220","subject":"AJk","subject_text":"Anglický jazyk konverzace","teacher":"","teacher_text":"","change_info":"","theme":"","type":"atom","absencetext":null,"has_absent":"false","absent_info_text":"","removed_info":""}],"14":[{"lesson":"3","group":"4.SB 2","room":"220","subject":"AJk","subject_text":"Anglický jazyk konverzace","teacher":"","teacher_text":"","change_info":"","theme":"","type":"atom","absencetext":null,"has_absent":"false","absent_info_text":"","removed_info":""}],"15":[{"lesson":"4","group":"3.ER 2","room":"220","subject":"AJk","subject_text":"Anglický jazyk konverzace","teacher":"","teacher_text":"","change_info":"","theme":"","type":"atom","absencetext":null,"has_absent":"false","absent_info_text":"","removed_info":""}],"34":[{"lesson":"1","group":"4.SB 2","room":"203","subject":"AJk","subject_text":"Anglický jazyk konverzace","teacher":"","teacher_text":"","change_info":"Spojeno: 4.SB(2), AJk, Quagliata Giuseppe (4.SB(2), AJ, Ohnsorg Petra)","theme":"","type":"atom","absencetext":null,"has_absent":"false","absent_info_text":"","removed_info":""},{"lesson":"1","group":"4.SB 1","room":"203","subject":"AJk","subject_text":"Anglický jazyk konverzace","teacher":"","teacher_text":"","change_info":"Změna místnosti: 203 (220)","theme":"","type":"atom","absencetext":null,"has_absent":"false","absent_info_text":"","removed_info":""}],"35":[{"lesson":"2","group":"3.ER 2","room":"212","subject":"AJk","subject_text":"Anglický jazyk konverzace","teacher":"","teacher_text":"","change_info":"Spojeno: 3.ER(2), AJk, Quagliata Giuseppe (3.ER(2), AJ, Ohnsorg Petra)","theme":"","type":"atom","absencetext":null,"has_absent":"false","absent_info_text":"","removed_info":""},{"lesson":"2","group":"3.ER 1","room":"212","subject":"AJk","subject_text":"Anglický jazyk konverzace","teacher":"","teacher_text":"","change_info":"Změna místnosti: 212 (220)","theme":"","type":"atom","absencetext":null,"has_absent":"false","absent_info_text":"","removed_info":""}],"36":[{"lesson":"3","group":"4.EB 1","room":"220","subject":"AJk","subject_text":"Anglický jazyk konverzace","teacher":"","teacher_text":"","change_info":"","theme":"","type":"atom","absencetext":null,"has_absent":"false","absent_info_text":"","removed_info":""}],"44":[{"lesson":"0","group":"4.EA 1","room":"220","subject":"AJk","subject_text":"Anglický jazyk konverzace","teacher":"","teacher_text":"","change_info":"","theme":"","type":"atom","absencetext":null,"has_absent":"false","absent_info_text":"","removed_info":""}],"45":[{"lesson":"1","group":"4.SA 2","room":"220","subject":"AJk","subject_text":"Anglický jazyk konverzace","teacher":"","teacher_text":"","change_info":"","theme":"","type":"atom","absencetext":null,"has_absent":"false","absent_info_text":"","removed_info":""}],"46":[{"lesson":"2","group":"3.S 2","room":"220","subject":"AJk","subject_text":"Anglický jazyk konverzace","teacher":"","teacher_text":"","change_info":"","theme":"","type":"atom","absencetext":null,"has_absent":"false","absent_info_text":"","removed_info":""}],"48":[{"lesson":"4","group":"4.EA 2","room":"220","subject":"AJk","subject_text":"Anglický jazyk konverzace","teacher":"","teacher_text":"","change_info":"","theme":"","type":"atom","absencetext":null,"has_absent":"false","absent_info_text":"","removed_info":""}]}