{"0":[{"lesson":"0","group":"","room":"213","subject":"TV","subject_text":"Tělesná výchova","teacher":"Bi","teacher_text":"Bi","change_info":"","theme":"Základy první pomoci","type":"atom","absencetext":null,"has_absent":"false","absent_info_text":"","removed_info":""}],"1":[{"lesson":"1","group":"","room":"213","subject":"TV","subject_text":"Tělesná výchova","teacher":"Bi","teacher_text":"Bi","change_info":"","theme":"Základy první pomoci","type":"atom","absencetext":null,"has_absent":"false","absent_info_text":"","removed_info":""}],"2":[{"lesson":"2","group":"","room":"201","subject":"CL","subject_text":"Český jazyk a literatura","teacher":"Pz","teacher_text":"Pz","change_info":"","theme":"České divadlo po roce 1945 do současnosti","type":"atom","absencetext":null,"has_absent":"false","absent_info_text":"","removed_info":""}],"3":[{"lesson":"3","group":"","room":"111","subject":"MA","subject_text":"Matematika","teacher":"Ha","teacher_text":"Ha","change_info":"","theme":"Kombinatorické pravidlo součinu","type":"atom","absencetext":null,"has_absent":"false","absent_info_text":"","removed_info":""}],"4":[{"lesson":"4","group":"","room":"203","subject":"SS","subject_text":"Stavba a provoz strojů","teacher":"St","teacher_text":"St","change_info":"Suplování: Strnad Stanislav (Kp)","theme":"Pístová čerpadla","type":"atom","absencetext":null,"has_absent":"false","absent_info_text":"","removed_info":""}],"6":[{"lesson":"6","group":"2","room":"203","subject":"KM","subject_text":"Kontrola a měření","teacher":"Fr","teacher_text":"Fr","change_info":"Spojeno: Franta Lukáš, 203 (Kroupa Petr, 106)","theme":"Příprava úloh na měření","type":"atom","absencetext":null,"has_absent":"false","absent_info_text":"","removed_info":""},{"lesson":"6","group":"1","room":"203","subject":"KM","subject_text":"Kontrola a měření","teacher":"Fr","teacher_text":"Fr","change_info":"Změna místnosti: 203 (117)","theme":"Příprava úloh měření","type":"atom","absencetext":null,"has_absent":"false","absent_info_text":"","removed_info":""}],"7":[{"lesson":"7","group":"2","room":"203","subject":"KM","subject_text":"Kontrola a měření","teacher":"Fr","teacher_text":"Fr","change_info":"Spojeno: Franta Lukáš, 203 (Kroupa Petr, 106)","theme":"Příprava úloh na měření","type":"atom","absencetext":null,"has_absent":"false","absent_info_text":"","removed_info":""},{"lesson":"7","group":"1","room":"203","subject":"KM","subject_text":"Kontrola a měření","teacher":"Fr","teacher_text":"Fr","change_info":"Změna místnosti: 203 (117)","theme":"Příprava úloh měření","type":"atom","absencetext":null,"has_absent":"false","absent_info_text":"","removed_info":""}],"11":[{"lesson":"0","group":"TS1","room":"D21","subject":"CRS","subject_text":"Číslicové řízení strojů","teacher":"Mi","teacher_text":"Mi","change_info":"","theme":"TNC640 - FK program + Transformace souřadnic","type":"atom","absencetext":null,"has_absent":"false","absent_info_text":"","removed_info":""},{"lesson":"0","group":"EU","room":"313","subject":"PE","subject_text":"Podniková ekonomika","teacher":"Pu","teacher_text":"Pu","change_info":"","theme":"Prověrka","type":"atom","absencetext":null,"has_absent":"false","absent_info_text":"","removed_info":""},{"lesson":"0","group":"TS2","room":"D21","subject":"CRS","subject_text":"Číslicové řízení strojů","teacher":"Mi","teacher_text":"Mi","change_info":"Spojeno: CRS, Mikoláš Pavel, D21 (KPP, Mareš Radek, 303)","theme":"TNC 640 - programování - postupový list-  Součást Úloha 2021","type":"atom","absencetext":null,"has_absent":"false","absent_info_text":"","removed_info":""}],"12":[{"lesson":"1","group":"TS1","room":"D21","subject":"CRS","subject_text":"Číslicové řízení strojů","teacher":"Mi","teacher_text":"Mi","change_info":"","theme":"TNC640 - FK program + Transformace souřadnic","type":"atom","absencetext":null,"has_absent":"false","absent_info_text":"","removed_info":""},{"lesson":"1","group":"EU","room":"313","subject":"PE","subject_text":"Podniková ekonomika","teacher":"Pu","teacher_text":"Pu","change_info":"","theme":"Poměrní ukazatele","type":"atom","absencetext":null,"has_absent":"false","absent_info_text":"","removed_info":""},{"lesson":"1","group":"TS2","room":"D21","subject":"CRS","subject_text":"Číslicové řízení strojů","teacher":"Mi","teacher_text":"Mi","change_info":"Spojeno: CRS, Mikoláš Pavel, D21 (KPP, Mareš Radek, 303)","theme":"TNC 640 - programování - postupový list-  Součást Úloha 2021","type":"atom","absencetext":null,"has_absent":"false","absent_info_text":"","removed_info":""}],"13":[{"lesson":"2","group":"","room":"203","subject":"ST","subject_text":"Strojírenská technologie","teacher":"Če","teacher_text":"Če","change_info":"","theme":"","type":"atom","absencetext":null,"has_absent":"false","absent_info_text":"","removed_info":""}],"14":[{"lesson":"3","group":"1","room":"210","subject":"AJ","subject_text":"Anglický jazyk","teacher":"Ds","teacher_text":"Ds","change_info":"","theme":"Means of transport","type":"atom","absencetext":null,"has_absent":"false","absent_info_text":"","removed_info":""},{"lesson":"3","group":"2","room":"220","subject":"AJk","subject_text":"Anglický jazyk konverzace","teacher":"Qu","teacher_text":"Qu","change_info":"","theme":"Czech culture","type":"atom","absencetext":null,"has_absent":"false","absent_info_text":"","removed_info":""}],"15":[{"lesson":"4","group":"1","room":"D21","subject":"AUc","subject_text":"Automatizace cvičení","teacher":"Bk","teacher_text":"Bk","change_info":"","theme":"Kombinační řízení. Škrticí  ventil","type":"atom","absencetext":null,"has_absent":"false","absent_info_text":"","removed_info":""},{"lesson":"4","group":"2","room":"D8","subject":"AUc","subject_text":"Automatizace cvičení","teacher":"Pt","teacher_text":"Pt","change_info":"","theme":"Releová technika","type":"atom","absencetext":null,"has_absent":"false","absent_info_text":"","removed_info":""}],"16":[{"lesson":"5","group":"1","room":"D21","subject":"AUc","subject_text":"Automatizace cvičení","teacher":"Bk","teacher_text":"Bk","change_info":"","theme":"Kombinační řízení. Škrticí  ventil","type":"atom","absencetext":null,"has_absent":"false","absent_info_text":"","removed_info":""},{"lesson":"5","group":"2","room":"D8","subject":"AUc","subject_text":"Automatizace cvičení","teacher":"Pt","teacher_text":"Pt","change_info":"","theme":"Releová technika","type":"atom","absencetext":null,"has_absent":"false","absent_info_text":"","removed_info":""}],"18":[{"lesson":"7","group":"","room":"203","subject":"AU","subject_text":"Automatizace","teacher":"Bk","teacher_text":"Bk","change_info":"","theme":"Logické ventily","type":"atom","absencetext":null,"has_absent":"false","absent_info_text":"","removed_info":""}],"23":[{"lesson":"1","group":"TS2","room":"D21","subject":"CRS","subject_text":"Číslicové řízení strojů","teacher":"Mi","teacher_text":"Mi","change_info":"","theme":"","type":"atom","absencetext":null,"has_absent":"false","absent_info_text":"","removed_info":""},{"lesson":"1","group":"TS1","room":"D21","subject":"CRS","subject_text":"Číslicové řízení strojů","teacher":"Mi","teacher_text":"Mi","change_info":"Spojeno: CRS, Mikoláš Pavel, D21 (KPP, Čejka Vilém, 118)","theme":"","type":"atom","absencetext":null,"has_absent":"false","absent_info_text":"","removed_info":""},{"lesson":"1","group":"EU","room":"106","subject":"UC","subject_text":"Účetnictví","teacher":"Pu","teacher_text":"Pu","change_info":"Suplování: Paurová Dana (Kp)","theme":"","type":"atom","absencetext":null,"has_absent":"false","absent_info_text":"","removed_info":""}],"24":[{"lesson":"2","group":"TS2","room":"D21","subject":"CRS","subject_text":"Číslicové řízení strojů","teacher":"Mi","teacher_text":"Mi","change_info":"","theme":"","type":"atom","absencetext":null,"has_absent":"false","absent_info_text":"","removed_info":""},{"lesson":"2","group":"TS1","room":"D21","subject":"CRS","subject_text":"Číslicové řízení strojů","teacher":"Mi","teacher_text":"Mi","change_info":"Spojeno: CRS, Mikoláš Pavel, D21 (KPP, Čejka Vilém, 118)","theme":"","type":"atom","absencetext":null,"has_absent":"false","absent_info_text":"","removed_info":""},{"lesson":"2","group":"EU","room":"106","subject":"UC","subject_text":"Účetnictví","teacher":"Pu","teacher_text":"Pu","change_info":"Suplování: Paurová Dana (Kp)","theme":"","type":"atom","absencetext":null,"has_absent":"false","absent_info_text":"","removed_info":""}],"25":[{"lesson":"3","group":"","room":"203","subject":"ST","subject_text":"Strojírenská technologie","teacher":"Če","teacher_text":"Če","change_info":"Suplování: ST, Čermák Ludvík (SS, Kp)","theme":"","type":"atom","absencetext":null,"has_absent":"false","absent_info_text":"","removed_info":""}],"26":[{"lesson":"4","group":"","room":"203","subject":"ST","subject_text":"Strojírenská technologie","teacher":"Če","teacher_text":"Če","change_info":"Suplování: ST, Čermák Ludvík (SS, Kp)","theme":"","type":"atom","absencetext":null,"has_absent":"false","absent_info_text":"","removed_info":""}],"27":[{"lesson":"5","group":"","room":"203","subject":"MA","subject_text":"Matematika","teacher":"Ha","teacher_text":"Ha","change_info":"","theme":"","type":"atom","absencetext":null,"has_absent":"false","absent_info_text":"","removed_info":""}],"28":[{"lesson":"6","group":"","room":"203","subject":"AU","subject_text":"Automatizace","teacher":"Bk","teacher_text":"Bk","change_info":"","theme":"","type":"atom","absencetext":null,"has_absent":"false","absent_info_text":"","removed_info":""}],"34":[{"lesson":"1","group":"2","room":"203","subject":"AJ","subject_text":"Anglický jazyk","teacher":"Og","teacher_text":"Og","change_info":"","theme":"","type":"atom","absencetext":null,"has_absent":"false","absent_info_text":"","removed_info":""},{"lesson":"1","group":"1","room":"220","subject":"AJk","subject_text":"Anglický jazyk konverzace","teacher":"Qu","teacher_text":"Qu","change_info":"","theme":"","type":"atom","absencetext":null,"has_absent":"false","absent_info_text":"","removed_info":""}],"35":[{"lesson":"2","group":"","room":"203","subject":"ST","subject_text":"Strojírenská technologie","teacher":"Če","teacher_text":"Če","change_info":"","theme":"","type":"atom","absencetext":null,"has_absent":"false","absent_info_text":"","removed_info":""}],"36":[{"lesson":"3","group":"1","room":"203","subject":"STc","subject_text":"Strojírenská technol. cvičení","teacher":"Če","teacher_text":"Če","change_info":"","theme":"","type":"atom","absencetext":null,"has_absent":"false","absent_info_text":"","removed_info":""},{"lesson":"3","group":"2","room":"203","subject":"STc","subject_text":"Strojírenská technol. cvičení","teacher":"Če","teacher_text":"Če","change_info":"Spojeno: STc, Čermák Ludvík, 203 (SSc, Mareš Radek, 303)","theme":"","type":"atom","absencetext":null,"has_absent":"false","absent_info_text":"","removed_info":""}],"37":[{"lesson":"4","group":"1","room":"203","subject":"STc","subject_text":"Strojírenská technol. cvičení","teacher":"Če","teacher_text":"Če","change_info":"","theme":"","type":"atom","absencetext":null,"has_absent":"false","absent_info_text":"","removed_info":""},{"lesson":"4","group":"2","room":"203","subject":"STc","subject_text":"Strojírenská technol. cvičení","teacher":"Če","teacher_text":"Če","change_info":"Spojeno: STc, Čermák Ludvík, 203 (SSc, Mareš Radek, 303)","theme":"","type":"atom","absencetext":null,"has_absent":"false","absent_info_text":"","removed_info":""}],"38":[{"lesson":"5","group":"1","room":"108","subject":"STc","subject_text":"Strojírenská technol. cvičení","teacher":"Va","teacher_text":"Va","change_info":"Spojeno: STc, Vávra Václav, 108 (SSc, Čejka Vilém, 111)","theme":"","type":"atom","absencetext":null,"has_absent":"false","absent_info_text":"","removed_info":""},{"lesson":"5","group":"2","room":"108","subject":"STc","subject_text":"Strojírenská technol. cvičení","teacher":"Va","teacher_text":"Va","change_info":"Změna místnosti: 108 (117)","theme":"","type":"atom","absencetext":null,"has_absent":"false","absent_info_text":"","removed_info":""}],"39":[{"lesson":"6","group":"1","room":"108","subject":"STc","subject_text":"Strojírenská technol. cvičení","teacher":"Va","teacher_text":"Va","change_info":"Spojeno: STc, Vávra Václav, 108 (SSc, Čejka Vilém, 111)","theme":"","type":"atom","absencetext":null,"has_absent":"false","absent_info_text":"","removed_info":""},{"lesson":"6","group":"2","room":"108","subject":"STc","subject_text":"Strojírenská technol. cvičení","teacher":"Va","teacher_text":"Va","change_info":"Změna místnosti: 108 (117)","theme":"","type":"atom","absencetext":null,"has_absent":"false","absent_info_text":"","removed_info":""}],"45":[{"lesson":"1","group":"","room":"203","subject":"MA","subject_text":"Matematika","teacher":"Ha","teacher_text":"Ha","change_info":"Přidáno do rozvrhu: MA, Hána Jiří, 203","theme":"","type":"atom","absencetext":null,"has_absent":"false","absent_info_text":"","removed_info":""}],"46":[{"lesson":"2","group":"","room":"203","subject":"CL","subject_text":"Český jazyk a literatura","teacher":"Pz","teacher_text":"Pz","change_info":"Přidáno do rozvrhu: CL, Petržalová Ludmila, 203","theme":"Opakování k MZ (lit. 2R)","type":"atom","absencetext":null,"has_absent":"false","absent_info_text":"","removed_info":""}],"47":[{"lesson":"3","group":"","room":"203","subject":"ZSV","subject_text":"Základy společenských věd","teacher":"Šu","teacher_text":"Šu","change_info":"","theme":"","type":"atom","absencetext":null,"has_absent":"false","absent_info_text":"","removed_info":""}],"48":[{"lesson":"4","group":"","room":"203","subject":"CL","subject_text":"Český jazyk a literatura","teacher":"Pz","teacher_text":"Pz","change_info":"","theme":"České divadlo po roce 1945 do současnosti","type":"atom","absencetext":null,"has_absent":"false","absent_info_text":"","removed_info":""}],"49":[{"lesson":"5","group":"","room":"203","subject":"ST","subject_text":"Strojírenská technologie","teacher":"Če","teacher_text":"Če","change_info":"","theme":"","type":"atom","absencetext":null,"has_absent":"false","absent_info_text":"","removed_info":""}],"50":[{"lesson":"6","group":"1","room":"203","subject":"AJ","subject_text":"Anglický jazyk","teacher":"Ds","teacher_text":"Ds","change_info":"","theme":"","type":"atom","absencetext":null,"has_absent":"false","absent_info_text":"","removed_info":""},{"lesson":"6","group":"2","room":"220","subject":"AJ","subject_text":"Anglický jazyk","teacher":"Og","teacher_text":"Og","change_info":"","theme":"","type":"atom","absencetext":null,"has_absent":"false","absent_info_text":"","removed_info":""}]}