{"0":[{"lesson":"0","group":"","room":"213","subject":"TV","subject_text":"Tělesná výchova","teacher":"Bi","teacher_text":"Bi","change_info":"","theme":"","type":"atom","absencetext":null,"has_absent":"false","absent_info_text":"","removed_info":""}],"1":[{"lesson":"1","group":"","room":"213","subject":"TV","subject_text":"Tělesná výchova","teacher":"Bi","teacher_text":"Bi","change_info":"","theme":"","type":"atom","absencetext":null,"has_absent":"false","absent_info_text":"","removed_info":""}],"2":[{"lesson":"2","group":"","room":"201","subject":"CL","subject_text":"Český jazyk a literatura","teacher":"Pz","teacher_text":"Pz","change_info":"","theme":"Světová lit. po 1945 - beatníci","type":"atom","absencetext":null,"has_absent":"false","absent_info_text":"","removed_info":""}],"3":[{"lesson":"3","group":"","room":"203","subject":"MA","subject_text":"Matematika","teacher":"Ha","teacher_text":"Ha","change_info":"Změna místnosti: 203 (111)","theme":"","type":"atom","absencetext":null,"has_absent":"false","absent_info_text":"","removed_info":""}],"4":[{"lesson":"4","group":"","room":"203","subject":"SS","subject_text":"Stavba a provoz strojů","teacher":"Kp","teacher_text":"Kp","change_info":"","theme":"","type":"atom","absencetext":null,"has_absent":"false","absent_info_text":"","removed_info":""}],"6":[{"lesson":"6","group":"1","room":"117","subject":"KM","subject_text":"Kontrola a měření","teacher":"Fr","teacher_text":"Fr","change_info":"","theme":"","type":"atom","absencetext":null,"has_absent":"false","absent_info_text":"","removed_info":""},{"lesson":"6","group":"2","room":"106","subject":"KM","subject_text":"Kontrola a měření","teacher":"Kp","teacher_text":"Kp","change_info":"","theme":"","type":"atom","absencetext":null,"has_absent":"false","absent_info_text":"","removed_info":""}],"7":[{"lesson":"7","group":"1","room":"117","subject":"KM","subject_text":"Kontrola a měření","teacher":"Fr","teacher_text":"Fr","change_info":"","theme":"","type":"atom","absencetext":null,"has_absent":"false","absent_info_text":"","removed_info":""},{"lesson":"7","group":"2","room":"106","subject":"KM","subject_text":"Kontrola a měření","teacher":"Kp","teacher_text":"Kp","change_info":"","theme":"","type":"atom","absencetext":null,"has_absent":"false","absent_info_text":"","removed_info":""}],"11":[{"lesson":"0","group":"TS1","room":"D21","subject":"CRS","subject_text":"Číslicové řízení strojů","teacher":"Mi","teacher_text":"Mi","change_info":"","theme":"","type":"atom","absencetext":null,"has_absent":"false","absent_info_text":"","removed_info":""},{"lesson":"0","group":"TS2","room":"303","subject":"KPP","subject_text":"Konstruování pomocí počítačů","teacher":"Mr","teacher_text":"Mr","change_info":"","theme":"","type":"atom","absencetext":null,"has_absent":"false","absent_info_text":"","removed_info":""},{"lesson":"0","group":"EU","room":"313","subject":"PE","subject_text":"Podniková ekonomika","teacher":"Pu","teacher_text":"Pu","change_info":"","theme":"","type":"atom","absencetext":null,"has_absent":"false","absent_info_text":"","removed_info":""}],"12":[{"lesson":"1","group":"TS1","room":"D21","subject":"CRS","subject_text":"Číslicové řízení strojů","teacher":"Mi","teacher_text":"Mi","change_info":"","theme":"","type":"atom","absencetext":null,"has_absent":"false","absent_info_text":"","removed_info":""},{"lesson":"1","group":"TS2","room":"303","subject":"KPP","subject_text":"Konstruování pomocí počítačů","teacher":"Mr","teacher_text":"Mr","change_info":"","theme":"","type":"atom","absencetext":null,"has_absent":"false","absent_info_text":"","removed_info":""},{"lesson":"1","group":"EU","room":"313","subject":"PE","subject_text":"Podniková ekonomika","teacher":"Pu","teacher_text":"Pu","change_info":"","theme":"","type":"atom","absencetext":null,"has_absent":"false","absent_info_text":"","removed_info":""}],"13":[{"lesson":"2","group":"","room":"203","subject":"ST","subject_text":"Strojírenská technologie","teacher":"Če","teacher_text":"Če","change_info":"","theme":"","type":"atom","absencetext":null,"has_absent":"false","absent_info_text":"","removed_info":""}],"14":[{"lesson":"","group":"","room":"","subject":"ŠA","subject_text":"Školní akce","teacher":null,"teacher_text":"","change_info":"","theme":null,"type":"absent","absencetext":null,"has_absent":"","absent_info_text":"","removed_info":""}],"15":[{"lesson":"","group":"","room":"","subject":"ŠA","subject_text":"Školní akce","teacher":null,"teacher_text":"","change_info":"","theme":null,"type":"absent","absencetext":null,"has_absent":"","absent_info_text":"","removed_info":""}],"16":[{"lesson":"5","group":"1","room":"D21","subject":"AUc","subject_text":"Automatizace cvičení","teacher":"Bk","teacher_text":"Bk","change_info":"","theme":"","type":"atom","absencetext":null,"has_absent":"false","absent_info_text":"","removed_info":""},{"lesson":"5","group":"2","room":"D8","subject":"AUc","subject_text":"Automatizace cvičení","teacher":"Pt","teacher_text":"Pt","change_info":"","theme":"","type":"atom","absencetext":null,"has_absent":"false","absent_info_text":"","removed_info":""}],"18":[{"lesson":"7","group":"","room":"203","subject":"AU","subject_text":"Automatizace","teacher":"Bk","teacher_text":"Bk","change_info":"","theme":"","type":"atom","absencetext":null,"has_absent":"false","absent_info_text":"","removed_info":""}],"23":[{"lesson":"1","group":"TS2","room":"D21","subject":"CRS","subject_text":"Číslicové řízení strojů","teacher":"Mi","teacher_text":"Mi","change_info":"","theme":"","type":"atom","absencetext":null,"has_absent":"false","absent_info_text":"","removed_info":""},{"lesson":"1","group":"TS1","room":"118","subject":"KPP","subject_text":"Konstruování pomocí počítačů","teacher":"Čk","teacher_text":"Čk","change_info":"","theme":"","type":"atom","absencetext":null,"has_absent":"false","absent_info_text":"","removed_info":""},{"lesson":"1","group":"EU","room":"106","subject":"UC","subject_text":"Účetnictví","teacher":"Kp","teacher_text":"Kp","change_info":"","theme":"","type":"atom","absencetext":null,"has_absent":"false","absent_info_text":"","removed_info":""}],"24":[{"lesson":"2","group":"TS2","room":"D21","subject":"CRS","subject_text":"Číslicové řízení strojů","teacher":"Mi","teacher_text":"Mi","change_info":"","theme":"","type":"atom","absencetext":null,"has_absent":"false","absent_info_text":"","removed_info":""},{"lesson":"2","group":"TS1","room":"118","subject":"KPP","subject_text":"Konstruování pomocí počítačů","teacher":"Čk","teacher_text":"Čk","change_info":"","theme":"","type":"atom","absencetext":null,"has_absent":"false","absent_info_text":"","removed_info":""},{"lesson":"2","group":"EU","room":"106","subject":"UC","subject_text":"Účetnictví","teacher":"Kp","teacher_text":"Kp","change_info":"","theme":"","type":"atom","absencetext":null,"has_absent":"false","absent_info_text":"","removed_info":""}],"25":[{"lesson":"3","group":"","room":"203","subject":"SS","subject_text":"Stavba a provoz strojů","teacher":"Kp","teacher_text":"Kp","change_info":"","theme":"","type":"atom","absencetext":null,"has_absent":"false","absent_info_text":"","removed_info":""}],"26":[{"lesson":"4","group":"","room":"203","subject":"SS","subject_text":"Stavba a provoz strojů","teacher":"Kp","teacher_text":"Kp","change_info":"","theme":"","type":"atom","absencetext":null,"has_absent":"false","absent_info_text":"","removed_info":""}],"27":[{"lesson":"5","group":"","room":"203","subject":"MA","subject_text":"Matematika","teacher":"Ha","teacher_text":"Ha","change_info":"","theme":"","type":"atom","absencetext":null,"has_absent":"false","absent_info_text":"","removed_info":""}],"28":[{"lesson":"6","group":"","room":"203","subject":"AU","subject_text":"Automatizace","teacher":"Bk","teacher_text":"Bk","change_info":"","theme":"","type":"atom","absencetext":null,"has_absent":"false","absent_info_text":"","removed_info":""}],"34":[{"lesson":"","group":"","room":"","subject":"TH","subject_text":"Třídnická hodina","teacher":null,"teacher_text":"","change_info":"","theme":null,"type":"absent","absencetext":null,"has_absent":"","absent_info_text":"","removed_info":""}],"35":[{"lesson":"","group":"","room":"","subject":"TH","subject_text":"Třídnická hodina","teacher":null,"teacher_text":"","change_info":"","theme":null,"type":"absent","absencetext":null,"has_absent":"","absent_info_text":"","removed_info":""}],"36":[{"lesson":"","group":"","room":"","subject":"TH","subject_text":"Třídnická hodina","teacher":null,"teacher_text":"","change_info":"","theme":null,"type":"absent","absencetext":null,"has_absent":"","absent_info_text":"","removed_info":""}],"37":[{"lesson":"","group":"","room":"","subject":"ŠA","subject_text":"Školní akce","teacher":null,"teacher_text":"","change_info":"","theme":null,"type":"absent","absencetext":null,"has_absent":"","absent_info_text":"","removed_info":""}],"38":[{"lesson":"","group":"","room":"","subject":"ŠA","subject_text":"Školní akce","teacher":null,"teacher_text":"","change_info":"","theme":null,"type":"absent","absencetext":null,"has_absent":"","absent_info_text":"","removed_info":""}],"39":[{"lesson":"","group":"","room":"","subject":"ŠA","subject_text":"Školní akce","teacher":null,"teacher_text":"","change_info":"","theme":null,"type":"absent","absencetext":null,"has_absent":"","absent_info_text":"","removed_info":""}],"45":[{"lesson":"","group":"","room":"","subject":"ŠA","subject_text":"Školní akce","teacher":null,"teacher_text":"","change_info":"","theme":null,"type":"absent","absencetext":null,"has_absent":"","absent_info_text":"","removed_info":""}],"46":[{"lesson":"","group":"","room":"","subject":"ŠA","subject_text":"Školní akce","teacher":null,"teacher_text":"","change_info":"","theme":null,"type":"absent","absencetext":null,"has_absent":"","absent_info_text":"","removed_info":""}],"47":[{"lesson":"","group":"","room":"","subject":"ŠA","subject_text":"Školní akce","teacher":null,"teacher_text":"","change_info":"","theme":null,"type":"absent","absencetext":null,"has_absent":"","absent_info_text":"","removed_info":""}],"48":[{"lesson":"","group":"","room":"","subject":"ŠA","subject_text":"Školní akce","teacher":null,"teacher_text":"","change_info":"","theme":null,"type":"absent","absencetext":null,"has_absent":"","absent_info_text":"","removed_info":""}],"49":[{"lesson":"","group":"","room":"","subject":"ŠA","subject_text":"Školní akce","teacher":null,"teacher_text":"","change_info":"","theme":null,"type":"absent","absencetext":null,"has_absent":"","absent_info_text":"","removed_info":""}],"50":[{"lesson":"","group":"","room":"","subject":"ŠA","subject_text":"Školní akce","teacher":null,"teacher_text":"","change_info":"","theme":null,"type":"absent","absencetext":null,"has_absent":"","absent_info_text":"","removed_info":""}]}