{"0":[{"lesson":"","group":"","room":"","subject":"Služ","subject_text":"Služení cesta","teacher":null,"teacher_text":"","change_info":"","theme":null,"type":"absent","absencetext":null,"has_absent":"","absent_info_text":"","removed_info":""}],"1":[{"lesson":"","group":"","room":"","subject":"Služ","subject_text":"Služení cesta","teacher":null,"teacher_text":"","change_info":"","theme":null,"type":"absent","absencetext":null,"has_absent":"","absent_info_text":"","removed_info":""}],"2":[{"lesson":"","group":"","room":"","subject":"","subject_text":"","teacher":null,"teacher_text":"","change_info":"","theme":null,"type":"removed","absencetext":null,"has_absent":"","absent_info_text":"","removed_info":"Supluje: MA, Ploch Jiří (4.SA, SS)"}],"3":[{"lesson":"","group":"","room":"","subject":"","subject_text":"","teacher":null,"teacher_text":"","change_info":"","theme":null,"type":"removed","absencetext":null,"has_absent":"","absent_info_text":"","removed_info":"Supluje: ST, Krejsa Vladimír (3.S, SS)"}],"4":[{"lesson":"4","group":"4.SB celá","room":"203","subject":"\r\n                                                            Služ\r\n                                                        ","subject_text":"Stavba a provoz strojů","teacher":"","teacher_text":"","change_info":"Suplování: Strnad Stanislav - za odpadlou","theme":"Pístová čerpadla","type":"atom","absencetext":null,"has_absent":"true","absent_info_text":"Služ | Služení cesta","removed_info":""}],"5":[{"lesson":"","group":"","room":"","subject":"Služ","subject_text":"Služení cesta","teacher":null,"teacher_text":"","change_info":"","theme":null,"type":"absent","absencetext":null,"has_absent":"","absent_info_text":"","removed_info":""}],"6":[{"lesson":"6","group":"4.SB 2","room":"203","subject":"\r\n                                                            Služ\r\n                                                        ","subject_text":"Kontrola a měření","teacher":"","teacher_text":"","change_info":"Spojeno: 4.SB(2), Franta Lukáš, 203 (4.SB(2), Kroupa Petr, 106)","theme":"Příprava úloh na měření","type":"atom","absencetext":null,"has_absent":"true","absent_info_text":"Služ | Služení cesta","removed_info":""}],"7":[{"lesson":"7","group":"4.SB 2","room":"203","subject":"\r\n                                                            Služ\r\n                                                        ","subject_text":"Kontrola a měření","teacher":"","teacher_text":"","change_info":"Spojeno: 4.SB(2), Franta Lukáš, 203 (4.SB(2), Kroupa Petr, 106)","theme":"Příprava úloh na měření","type":"atom","absencetext":null,"has_absent":"true","absent_info_text":"Služ | Služení cesta","removed_info":""}],"8":[{"lesson":"","group":"","room":"","subject":"","subject_text":"","teacher":null,"teacher_text":"","change_info":"","theme":null,"type":"removed","absencetext":null,"has_absent":"","absent_info_text":"","removed_info":"Zrušeno (4.SA(EU), UC)"}],"9":[{"lesson":"","group":"","room":"","subject":"","subject_text":"","teacher":null,"teacher_text":"","change_info":"","theme":null,"type":"removed","absencetext":null,"has_absent":"","absent_info_text":"","removed_info":"Zrušeno (4.SA(EU), UC)"}],"10":[{"lesson":"","group":"","room":"","subject":"Služ","subject_text":"Služení cesta","teacher":null,"teacher_text":"","change_info":"","theme":null,"type":"absent","absencetext":null,"has_absent":"","absent_info_text":"","removed_info":""}],"11":[{"lesson":"","group":"","room":"","subject":"Služ","subject_text":"Služení cesta","teacher":null,"teacher_text":"","change_info":"","theme":null,"type":"absent","absencetext":null,"has_absent":"","absent_info_text":"","removed_info":""}],"12":[{"lesson":"1","group":"3.S celá","room":"203","subject":"\r\n                                                            Služ\r\n                                                        ","subject_text":"Stavba a provoz strojů","teacher":"","teacher_text":"","change_info":"Suplování: Franta Lukáš - za odpadlou","theme":"OzubeníVN s vyrovnanou korekcí","type":"atom","absencetext":null,"has_absent":"true","absent_info_text":"Služ | Služení cesta","removed_info":""}],"13":[{"lesson":"","group":"","room":"","subject":"Služ","subject_text":"Služení cesta","teacher":null,"teacher_text":"","change_info":"","theme":null,"type":"absent","absencetext":null,"has_absent":"","absent_info_text":"","removed_info":""}],"14":[{"lesson":"","group":"","room":"","subject":"","subject_text":"","teacher":null,"teacher_text":"","change_info":"","theme":null,"type":"removed","absencetext":null,"has_absent":"","absent_info_text":"","removed_info":"Supluje: EL, Stuchlý Jaroslav (2.S, ME)"}],"15":[{"lesson":"","group":"","room":"","subject":"Služ","subject_text":"Služení cesta","teacher":null,"teacher_text":"","change_info":"","theme":null,"type":"absent","absencetext":null,"has_absent":"","absent_info_text":"","removed_info":""}],"16":[{"lesson":"5","group":"4.SA celá","room":"203","subject":"\r\n                                                            Služ\r\n                                                        ","subject_text":"Stavba a provoz strojů","teacher":"","teacher_text":"","change_info":"Suplování: Strnad Stanislav - přespočetná hod.","theme":"Pístová čerpadla","type":"atom","absencetext":null,"has_absent":"true","absent_info_text":"Služ | Služení cesta","removed_info":""}],"17":[{"lesson":"","group":"","room":"","subject":"Služ","subject_text":"Služení cesta","teacher":null,"teacher_text":"","change_info":"","theme":null,"type":"absent","absencetext":null,"has_absent":"","absent_info_text":"","removed_info":""}],"18":[{"lesson":"","group":"","room":"","subject":"Služ","subject_text":"Služení cesta","teacher":null,"teacher_text":"","change_info":"","theme":null,"type":"absent","absencetext":null,"has_absent":"","absent_info_text":"","removed_info":""}],"19":[{"lesson":"","group":"","room":"","subject":"Služ","subject_text":"Služení cesta","teacher":null,"teacher_text":"","change_info":"","theme":null,"type":"absent","absencetext":null,"has_absent":"","absent_info_text":"","removed_info":""}],"20":[{"lesson":"","group":"","room":"","subject":"Služ","subject_text":"Služení cesta","teacher":null,"teacher_text":"","change_info":"","theme":null,"type":"absent","absencetext":null,"has_absent":"","absent_info_text":"","removed_info":""}],"21":[{"lesson":"","group":"","room":"","subject":"Služ","subject_text":"Služení cesta","teacher":null,"teacher_text":"","change_info":"","theme":null,"type":"absent","absencetext":null,"has_absent":"","absent_info_text":"","removed_info":""}],"22":[{"lesson":"","group":"","room":"","subject":"","subject_text":"","teacher":null,"teacher_text":"","change_info":"","theme":null,"type":"removed","absencetext":null,"has_absent":"","absent_info_text":"","removed_info":"Supluje: CL, Šustrová Pavlína (2.S, ME)"}],"23":[{"lesson":"1","group":"4.SB EU","room":"106","subject":"\r\n                                                            Služ\r\n                                                        ","subject_text":"Účetnictví","teacher":"","teacher_text":"","change_info":"Suplování: Paurová Dana - do úvazku","theme":"Opakování druhů účtů","type":"atom","absencetext":null,"has_absent":"true","absent_info_text":"Služ | Služení cesta","removed_info":""}],"24":[{"lesson":"2","group":"4.SB EU","room":"106","subject":"\r\n                                                            Služ\r\n                                                        ","subject_text":"Účetnictví","teacher":"","teacher_text":"","change_info":"Suplování: Paurová Dana - do úvazku","theme":"Účtování základních účetních operací","type":"atom","absencetext":null,"has_absent":"true","absent_info_text":"Služ | Služení cesta","removed_info":""}],"25":[{"lesson":"","group":"","room":"","subject":"","subject_text":"","teacher":null,"teacher_text":"","change_info":"","theme":null,"type":"removed","absencetext":null,"has_absent":"","absent_info_text":"","removed_info":"Supluje: ST, Čermák Ludvík (4.SB, SS)"}],"26":[{"lesson":"","group":"","room":"","subject":"","subject_text":"","teacher":null,"teacher_text":"","change_info":"","theme":null,"type":"removed","absencetext":null,"has_absent":"","absent_info_text":"","removed_info":"Supluje: ST, Čermák Ludvík (4.SB, SS)"}],"27":[{"lesson":"","group":"","room":"","subject":"Služ","subject_text":"Služení cesta","teacher":null,"teacher_text":"","change_info":"","theme":null,"type":"absent","absencetext":null,"has_absent":"","absent_info_text":"","removed_info":""}],"28":[{"lesson":"","group":"","room":"","subject":"Služ","subject_text":"Služení cesta","teacher":null,"teacher_text":"","change_info":"","theme":null,"type":"absent","absencetext":null,"has_absent":"","absent_info_text":"","removed_info":""}],"29":[{"lesson":"","group":"","room":"","subject":"Služ","subject_text":"Služení cesta","teacher":null,"teacher_text":"","change_info":"","theme":null,"type":"absent","absencetext":null,"has_absent":"","absent_info_text":"","removed_info":""}],"30":[{"lesson":"","group":"","room":"","subject":"Služ","subject_text":"Služení cesta","teacher":null,"teacher_text":"","change_info":"","theme":null,"type":"absent","absencetext":null,"has_absent":"","absent_info_text":"","removed_info":""}],"31":[{"lesson":"","group":"","room":"","subject":"Služ","subject_text":"Služení cesta","teacher":null,"teacher_text":"","change_info":"","theme":null,"type":"absent","absencetext":null,"has_absent":"","absent_info_text":"","removed_info":""}],"32":[{"lesson":"","group":"","room":"","subject":"Služ","subject_text":"Služení cesta","teacher":null,"teacher_text":"","change_info":"","theme":null,"type":"absent","absencetext":null,"has_absent":"","absent_info_text":"","removed_info":""}],"33":[{"lesson":"","group":"","room":"","subject":"Služ","subject_text":"Služení cesta","teacher":null,"teacher_text":"","change_info":"","theme":null,"type":"absent","absencetext":null,"has_absent":"","absent_info_text":"","removed_info":""}],"34":[{"lesson":"","group":"","room":"","subject":"Služ","subject_text":"Služení cesta","teacher":null,"teacher_text":"","change_info":"","theme":null,"type":"absent","absencetext":null,"has_absent":"","absent_info_text":"","removed_info":""}],"35":[{"lesson":"","group":"","room":"","subject":"Služ","subject_text":"Služení cesta","teacher":null,"teacher_text":"","change_info":"","theme":null,"type":"absent","absencetext":null,"has_absent":"","absent_info_text":"","removed_info":""}],"36":[{"lesson":"","group":"","room":"","subject":"Služ","subject_text":"Služení cesta","teacher":null,"teacher_text":"","change_info":"","theme":null,"type":"absent","absencetext":null,"has_absent":"","absent_info_text":"","removed_info":""}],"37":[{"lesson":"","group":"","room":"","subject":"","subject_text":"","teacher":null,"teacher_text":"","change_info":"","theme":null,"type":"removed","absencetext":null,"has_absent":"","absent_info_text":"","removed_info":"Supluje: ST, Vávra Václav (4.SA, SS)"}],"38":[{"lesson":"","group":"","room":"","subject":"Služ","subject_text":"Služení cesta","teacher":null,"teacher_text":"","change_info":"","theme":null,"type":"absent","absencetext":null,"has_absent":"","absent_info_text":"","removed_info":""}],"39":[{"lesson":"","group":"","room":"","subject":"Služ","subject_text":"Služení cesta","teacher":null,"teacher_text":"","change_info":"","theme":null,"type":"absent","absencetext":null,"has_absent":"","absent_info_text":"","removed_info":""}],"40":[{"lesson":"","group":"","room":"","subject":"","subject_text":"","teacher":null,"teacher_text":"","change_info":"","theme":null,"type":"removed","absencetext":null,"has_absent":"","absent_info_text":"","removed_info":"Supluje: SS, Franta Lukáš (2.S, ME)"}],"41":[{"lesson":"","group":"","room":"","subject":"Služ","subject_text":"Služení cesta","teacher":null,"teacher_text":"","change_info":"","theme":null,"type":"absent","absencetext":null,"has_absent":"","absent_info_text":"","removed_info":""}],"42":[{"lesson":"","group":"","room":"","subject":"Služ","subject_text":"Služení cesta","teacher":null,"teacher_text":"","change_info":"","theme":null,"type":"absent","absencetext":null,"has_absent":"","absent_info_text":"","removed_info":""}],"43":[{"lesson":"","group":"","room":"","subject":"Služ","subject_text":"Služení cesta","teacher":null,"teacher_text":"","change_info":"","theme":null,"type":"absent","absencetext":null,"has_absent":"","absent_info_text":"","removed_info":""}],"44":[{"lesson":"","group":"","room":"","subject":"Služ","subject_text":"Služení cesta","teacher":null,"teacher_text":"","change_info":"","theme":null,"type":"absent","absencetext":null,"has_absent":"","absent_info_text":"","removed_info":""}],"45":[{"lesson":"","group":"","room":"","subject":"Služ","subject_text":"Služení cesta","teacher":null,"teacher_text":"","change_info":"","theme":null,"type":"absent","absencetext":null,"has_absent":"","absent_info_text":"","removed_info":""}],"46":[{"lesson":"","group":"","room":"","subject":"Služ","subject_text":"Služení cesta","teacher":null,"teacher_text":"","change_info":"","theme":null,"type":"absent","absencetext":null,"has_absent":"","absent_info_text":"","removed_info":""}],"47":[{"lesson":"","group":"","room":"","subject":"Služ","subject_text":"Služení cesta","teacher":null,"teacher_text":"","change_info":"","theme":null,"type":"absent","absencetext":null,"has_absent":"","absent_info_text":"","removed_info":""}],"48":[{"lesson":"","group":"","room":"","subject":"Služ","subject_text":"Služení cesta","teacher":null,"teacher_text":"","change_info":"","theme":null,"type":"absent","absencetext":null,"has_absent":"","absent_info_text":"","removed_info":""}],"49":[{"lesson":"","group":"","room":"","subject":"Služ","subject_text":"Služení cesta","teacher":null,"teacher_text":"","change_info":"","theme":null,"type":"absent","absencetext":null,"has_absent":"","absent_info_text":"","removed_info":""}],"50":[{"lesson":"","group":"","room":"","subject":"Služ","subject_text":"Služení cesta","teacher":null,"teacher_text":"","change_info":"","theme":null,"type":"absent","absencetext":null,"has_absent":"","absent_info_text":"","removed_info":""}],"51":[{"lesson":"","group":"","room":"","subject":"Služ","subject_text":"Služení cesta","teacher":null,"teacher_text":"","change_info":"","theme":null,"type":"absent","absencetext":null,"has_absent":"","absent_info_text":"","removed_info":""}],"52":[{"lesson":"","group":"","room":"","subject":"Služ","subject_text":"Služení cesta","teacher":null,"teacher_text":"","change_info":"","theme":null,"type":"absent","absencetext":null,"has_absent":"","absent_info_text":"","removed_info":""}],"53":[{"lesson":"","group":"","room":"","subject":"Služ","subject_text":"Služení cesta","teacher":null,"teacher_text":"","change_info":"","theme":null,"type":"absent","absencetext":null,"has_absent":"","absent_info_text":"","removed_info":""}],"54":[{"lesson":"","group":"","room":"","subject":"Služ","subject_text":"Služení cesta","teacher":null,"teacher_text":"","change_info":"","theme":null,"type":"absent","absencetext":null,"has_absent":"","absent_info_text":"","removed_info":""}]}