{"18":[{"lesson":"7","group":"1.EE 2","room":"303","subject":"IT","subject_text":"Informační technologie","teacher":"Pt","teacher_text":"Pt","change_info":"","theme":"Podmínky v Python","type":"atom","absencetext":null,"has_absent":"false","absent_info_text":"","removed_info":""}],"19":[{"lesson":"8","group":"1.EE 2","room":"303","subject":"IT","subject_text":"Informační technologie","teacher":"Pt","teacher_text":"Pt","change_info":"","theme":"Podmínky v Python","type":"atom","absencetext":null,"has_absent":"false","absent_info_text":"","removed_info":""}],"28":[{"lesson":"6","group":"2.S 1","room":"303","subject":"IT","subject_text":"Informační technologie","teacher":"Rů","teacher_text":"Rů","change_info":"","theme":"","type":"atom","absencetext":null,"has_absent":"false","absent_info_text":"","removed_info":""}],"29":[{"lesson":"7","group":"2.S 1","room":"303","subject":"IT","subject_text":"Informační technologie","teacher":"Rů","teacher_text":"Rů","change_info":"","theme":"","type":"atom","absencetext":null,"has_absent":"false","absent_info_text":"","removed_info":""}],"38":[{"lesson":"","group":"","room":"","subject":"Absc","subject_text":"Obecná absence místnosti","teacher":null,"teacher_text":"","change_info":"","theme":null,"type":"absent","absencetext":null,"has_absent":"","absent_info_text":"","removed_info":""}],"39":[{"lesson":"","group":"","room":"","subject":"Absc","subject_text":"Obecná absence místnosti","teacher":null,"teacher_text":"","change_info":"","theme":null,"type":"absent","absencetext":null,"has_absent":"","absent_info_text":"","removed_info":""}],"45":[{"lesson":"1","group":"3.EM 1","room":"303","subject":"IT","subject_text":"Informační technologie","teacher":"Fr","teacher_text":"Fr","change_info":"","theme":"","type":"atom","absencetext":null,"has_absent":"false","absent_info_text":"","removed_info":""}],"46":[{"lesson":"2","group":"3.EM 1","room":"303","subject":"IT","subject_text":"Informační technologie","teacher":"Fr","teacher_text":"Fr","change_info":"","theme":"","type":"atom","absencetext":null,"has_absent":"false","absent_info_text":"","removed_info":""}]}