{"11":[{"lesson":"0","group":"4.SB TS2","room":"303","subject":"KPP","subject_text":"Konstruování pomocí počítačů","teacher":"Mr","teacher_text":"Mr","change_info":"","theme":"","type":"atom","absencetext":null,"has_absent":"false","absent_info_text":"","removed_info":""}],"12":[{"lesson":"1","group":"4.SB TS2","room":"303","subject":"KPP","subject_text":"Konstruování pomocí počítačů","teacher":"Mr","teacher_text":"Mr","change_info":"","theme":"","type":"atom","absencetext":null,"has_absent":"false","absent_info_text":"","removed_info":""}],"14":[{"lesson":"3","group":"4.SA TS2","room":"303","subject":"KPP","subject_text":"Konstruování pomocí počítačů","teacher":"Mr","teacher_text":"Mr","change_info":"","theme":"","type":"atom","absencetext":null,"has_absent":"false","absent_info_text":"","removed_info":""}],"15":[{"lesson":"4","group":"4.SA TS2","room":"303","subject":"KPP","subject_text":"Konstruování pomocí počítačů","teacher":"Mr","teacher_text":"Mr","change_info":"","theme":"","type":"atom","absencetext":null,"has_absent":"false","absent_info_text":"","removed_info":""}],"18":[{"lesson":"7","group":"1.EE 1","room":"303","subject":"IT","subject_text":"Informační technologie","teacher":"Pt","teacher_text":"Pt","change_info":"","theme":"","type":"atom","absencetext":null,"has_absent":"false","absent_info_text":"","removed_info":""}],"19":[{"lesson":"8","group":"1.EE 1","room":"303","subject":"IT","subject_text":"Informační technologie","teacher":"Pt","teacher_text":"Pt","change_info":"","theme":"","type":"atom","absencetext":null,"has_absent":"false","absent_info_text":"","removed_info":""}],"23":[{"lesson":"1","group":"4.EB 2","room":"303","subject":"IT","subject_text":"Informační technologie","teacher":"St","teacher_text":"St","change_info":"","theme":"","type":"atom","absencetext":null,"has_absent":"false","absent_info_text":"","removed_info":""}],"24":[{"lesson":"2","group":"4.EB 2","room":"303","subject":"IT","subject_text":"Informační technologie","teacher":"St","teacher_text":"St","change_info":"","theme":"","type":"atom","absencetext":null,"has_absent":"false","absent_info_text":"","removed_info":""}],"28":[{"lesson":"6","group":"2.S 1","room":"303","subject":"IT","subject_text":"Informační technologie","teacher":"Rů","teacher_text":"Rů","change_info":"","theme":"","type":"atom","absencetext":null,"has_absent":"false","absent_info_text":"","removed_info":""}],"29":[{"lesson":"7","group":"2.S 1","room":"303","subject":"IT","subject_text":"Informační technologie","teacher":"Rů","teacher_text":"Rů","change_info":"","theme":"","type":"atom","absencetext":null,"has_absent":"false","absent_info_text":"","removed_info":""}],"33":[{"lesson":"0","group":"3.S P2","room":"303","subject":"KPP","subject_text":"Konstruování pomocí počítačů","teacher":"Mr","teacher_text":"Mr","change_info":"","theme":"","type":"atom","absencetext":null,"has_absent":"false","absent_info_text":"","removed_info":""}],"34":[{"lesson":"1","group":"3.S P2","room":"303","subject":"KPP","subject_text":"Konstruování pomocí počítačů","teacher":"Mr","teacher_text":"Mr","change_info":"","theme":"","type":"atom","absencetext":null,"has_absent":"false","absent_info_text":"","removed_info":""}],"36":[{"lesson":"3","group":"4.SB 2","room":"303","subject":"SSc","subject_text":"Stavba a provoz str. cvičení","teacher":"Mr","teacher_text":"Mr","change_info":"","theme":"","type":"atom","absencetext":null,"has_absent":"false","absent_info_text":"","removed_info":""}],"37":[{"lesson":"4","group":"4.SB 2","room":"303","subject":"SSc","subject_text":"Stavba a provoz str. cvičení","teacher":"Mr","teacher_text":"Mr","change_info":"","theme":"","type":"atom","absencetext":null,"has_absent":"false","absent_info_text":"","removed_info":""}],"45":[{"lesson":"1","group":"3.EM 2","room":"303","subject":"IT","subject_text":"Informační technologie","teacher":"Fr","teacher_text":"Fr","change_info":"","theme":"","type":"atom","absencetext":null,"has_absent":"false","absent_info_text":"","removed_info":""}],"46":[{"lesson":"2","group":"3.EM 2","room":"303","subject":"IT","subject_text":"Informační technologie","teacher":"Fr","teacher_text":"Fr","change_info":"","theme":"","type":"atom","absencetext":null,"has_absent":"false","absent_info_text":"","removed_info":""}]}