{"2":[{"lesson":"2","group":"4.SA celá","room":"203","subject":"MA","subject_text":"Matematika","teacher":"","teacher_text":"","change_info":"Suplování: MA - za odpadlou (SS, Kp)","theme":"Kombinatorika - úvod","type":"atom","absencetext":null,"has_absent":"false","absent_info_text":"","removed_info":""}],"3":[{"lesson":"3","group":"2.EE celá","room":"313","subject":"MA","subject_text":"Matematika","teacher":"","teacher_text":"","change_info":"","theme":"Goniometrické rovnice, součtové vzorce","type":"atom","absencetext":null,"has_absent":"false","absent_info_text":"","removed_info":""}],"4":[{"lesson":"4","group":"3.EM celá","room":"113","subject":"MA","subject_text":"Matematika","teacher":"","teacher_text":"","change_info":"","theme":"Oprava testu","type":"atom","absencetext":null,"has_absent":"false","absent_info_text":"","removed_info":""}],"5":[{"lesson":"5","group":"4.SA celá","room":"201","subject":"MA","subject_text":"Matematika","teacher":"","teacher_text":"","change_info":"","theme":"Variace","type":"atom","absencetext":null,"has_absent":"false","absent_info_text":"","removed_info":""}],"8":[{"lesson":"8","group":"1.S 1","room":"307","subject":"FY","subject_text":"Fyzika","teacher":"","teacher_text":"","change_info":"","theme":"Odporové síly","type":"atom","absencetext":null,"has_absent":"false","absent_info_text":"","removed_info":""}],"9":[{"lesson":"9","group":"1.S 1","room":"307","subject":"FY","subject_text":"Fyzika","teacher":"","teacher_text":"","change_info":"","theme":"Odporové síly","type":"atom","absencetext":null,"has_absent":"false","absent_info_text":"","removed_info":""}],"11":[{"lesson":"0","group":"1.ER 1","room":"307","subject":"FY","subject_text":"Fyzika","teacher":"","teacher_text":"","change_info":"","theme":"Odporové síly","type":"atom","absencetext":null,"has_absent":"false","absent_info_text":"","removed_info":""}],"12":[{"lesson":"1","group":"1.ER 1","room":"307","subject":"FY","subject_text":"Fyzika","teacher":"","teacher_text":"","change_info":"","theme":"Odporové síly","type":"atom","absencetext":null,"has_absent":"false","absent_info_text":"","removed_info":""}],"13":[{"lesson":"2","group":"3.EM celá","room":"113","subject":"MA","subject_text":"Matematika","teacher":"","teacher_text":"","change_info":"Výměna z 27.11., 4: 3.EM, MA, 113","theme":"Vzájemná poloha přímky a kružnice","type":"atom","absencetext":null,"has_absent":"false","absent_info_text":"","removed_info":""}],"14":[{"lesson":"3","group":"4.EB 2","room":"304","subject":"MA","subject_text":"Matematika","teacher":"","teacher_text":"","change_info":"","theme":"Variace","type":"atom","absencetext":null,"has_absent":"false","absent_info_text":"","removed_info":""}],"15":[{"lesson":"4","group":"4.EB 1","room":"304","subject":"MA","subject_text":"Matematika","teacher":"","teacher_text":"","change_info":"","theme":"Variace","type":"atom","absencetext":null,"has_absent":"false","absent_info_text":"","removed_info":""}],"16":[{"lesson":"5","group":"4.EB celá","room":"304","subject":"MA","subject_text":"Matematika","teacher":"","teacher_text":"","change_info":"Suplování: MA - za odpadlou (EE, Vs)","theme":"Variace","type":"atom","absencetext":null,"has_absent":"false","absent_info_text":"","removed_info":""}],"19":[{"lesson":"8","group":"1.S celá","room":"207","subject":"FY","subject_text":"Fyzika","teacher":"","teacher_text":"","change_info":"","theme":"Odporové síly","type":"atom","absencetext":null,"has_absent":"false","absent_info_text":"","removed_info":""}],"22":[{"lesson":"","group":"","room":"","subject":"Exk","subject_text":"Exkurze","teacher":null,"teacher_text":"","change_info":"","theme":null,"type":"absent","absencetext":null,"has_absent":"","absent_info_text":"","removed_info":""}],"23":[{"lesson":"","group":"","room":"","subject":"Exk","subject_text":"Exkurze","teacher":null,"teacher_text":"","change_info":"","theme":null,"type":"absent","absencetext":null,"has_absent":"","absent_info_text":"","removed_info":""}],"24":[{"lesson":"","group":"","room":"","subject":"","subject_text":"","teacher":null,"teacher_text":"","change_info":"","theme":null,"type":"removed","absencetext":null,"has_absent":"","absent_info_text":"","removed_info":"Supluje: TK, Vávra Václav (1.ER, FY)"}],"25":[{"lesson":"","group":"","room":"","subject":"","subject_text":"","teacher":null,"teacher_text":"","change_info":"","theme":null,"type":"removed","absencetext":null,"has_absent":"","absent_info_text":"","removed_info":"Supluje: AU, Petrásek Jan (4.SA, MA)"}],"26":[{"lesson":"","group":"","room":"","subject":"","subject_text":"","teacher":null,"teacher_text":"","change_info":"","theme":null,"type":"removed","absencetext":null,"has_absent":"","absent_info_text":"","removed_info":"Supluje: AD, Šimek Petr (3.EM, MA)"}],"27":[{"lesson":"","group":"","room":"","subject":"","subject_text":"","teacher":null,"teacher_text":"","change_info":"","theme":null,"type":"removed","absencetext":null,"has_absent":"","absent_info_text":"","removed_info":"Supluje: ZE, Stuchlý Jaroslav (2.EE, MA)"}],"28":[{"lesson":"","group":"","room":"","subject":"Exk","subject_text":"Exkurze","teacher":null,"teacher_text":"","change_info":"","theme":null,"type":"absent","absencetext":null,"has_absent":"","absent_info_text":"","removed_info":""}],"29":[{"lesson":"","group":"","room":"","subject":"Exk","subject_text":"Exkurze","teacher":null,"teacher_text":"","change_info":"","theme":null,"type":"absent","absencetext":null,"has_absent":"","absent_info_text":"","removed_info":""}],"30":[{"lesson":"","group":"","room":"","subject":"Exk","subject_text":"Exkurze","teacher":null,"teacher_text":"","change_info":"","theme":null,"type":"absent","absencetext":null,"has_absent":"","absent_info_text":"","removed_info":""}],"31":[{"lesson":"","group":"","room":"","subject":"Exk","subject_text":"Exkurze","teacher":null,"teacher_text":"","change_info":"","theme":null,"type":"absent","absencetext":null,"has_absent":"","absent_info_text":"","removed_info":""}],"32":[{"lesson":"","group":"","room":"","subject":"Exk","subject_text":"Exkurze","teacher":null,"teacher_text":"","change_info":"","theme":null,"type":"absent","absencetext":null,"has_absent":"","absent_info_text":"","removed_info":""}],"34":[{"lesson":"1","group":"4.EB celá","room":"304","subject":"MA","subject_text":"Matematika","teacher":"","teacher_text":"","change_info":"","theme":"","type":"atom","absencetext":null,"has_absent":"false","absent_info_text":"","removed_info":""}],"35":[{"lesson":"2","group":"1.ER celá","room":"302","subject":"FY","subject_text":"Fyzika","teacher":"","teacher_text":"","change_info":"","theme":"","type":"atom","absencetext":null,"has_absent":"false","absent_info_text":"","removed_info":""}],"36":[{"lesson":"3","group":"2.EE 1","room":"313","subject":"MA","subject_text":"Matematika","teacher":"","teacher_text":"","change_info":"","theme":"","type":"atom","absencetext":null,"has_absent":"false","absent_info_text":"","removed_info":""}],"37":[{"lesson":"4","group":"2.EE 2","room":"313","subject":"MA","subject_text":"Matematika","teacher":"","teacher_text":"","change_info":"","theme":"","type":"atom","absencetext":null,"has_absent":"false","absent_info_text":"","removed_info":""}],"38":[{"lesson":"5","group":"4.EB celá","room":"304","subject":"MA","subject_text":"Matematika","teacher":"","teacher_text":"","change_info":"Výměna z 28.11., 1: 4.EB, MA, 304","theme":"","type":"atom","absencetext":null,"has_absent":"false","absent_info_text":"","removed_info":""}],"39":[{"lesson":"6","group":"3.EM 2","room":"113","subject":"MA","subject_text":"Matematika","teacher":"","teacher_text":"","change_info":"","theme":"","type":"atom","absencetext":null,"has_absent":"false","absent_info_text":"","removed_info":""}],"40":[{"lesson":"7","group":"3.EM 1","room":"113","subject":"MA","subject_text":"Matematika","teacher":"","teacher_text":"","change_info":"","theme":"","type":"atom","absencetext":null,"has_absent":"false","absent_info_text":"","removed_info":""}],"45":[{"lesson":"1","group":"4.EB celá","room":"304","subject":"MA","subject_text":"Matematika","teacher":"","teacher_text":"","change_info":"","theme":"","type":"atom","absencetext":null,"has_absent":"false","absent_info_text":"","removed_info":""}],"46":[{"lesson":"2","group":"2.EE celá","room":"313","subject":"MA","subject_text":"Matematika","teacher":"","teacher_text":"","change_info":"","theme":"","type":"atom","absencetext":null,"has_absent":"false","absent_info_text":"","removed_info":""}],"47":[{"lesson":"3","group":"1.S celá","room":"207","subject":"FY","subject_text":"Fyzika","teacher":"","teacher_text":"","change_info":"","theme":"","type":"atom","absencetext":null,"has_absent":"false","absent_info_text":"","removed_info":""}],"48":[{"lesson":"4","group":"1.S celá","room":"207","subject":"FY","subject_text":"Fyzika","teacher":"","teacher_text":"","change_info":"Výměna z 29.11., 3: 1.S, FY, 207","theme":"","type":"atom","absencetext":null,"has_absent":"false","absent_info_text":"","removed_info":""}],"49":[{"lesson":"5","group":"4.SA celá","room":"111","subject":"MA","subject_text":"Matematika","teacher":"","teacher_text":"","change_info":"Přidáno do rozvrhu: 4.SA, MA, Ploch Jiří, 111 - za odpadlou","theme":"","type":"atom","absencetext":null,"has_absent":"false","absent_info_text":"","removed_info":""}]}