{"0":[{"lesson":"0","group":"4.SA 2","room":"D21","subject":"AUc","subject_text":"Automatizace cvičení","teacher":"Pt","teacher_text":"Pt","change_info":"","theme":"Cestné rozvaděče","type":"atom","absencetext":null,"has_absent":"false","absent_info_text":"","removed_info":""}],"1":[{"lesson":"1","group":"4.SA 2","room":"D21","subject":"AUc","subject_text":"Automatizace cvičení","teacher":"Pt","teacher_text":"Pt","change_info":"","theme":"Cestné rozvaděče","type":"atom","absencetext":null,"has_absent":"false","absent_info_text":"","removed_info":""}],"8":[{"lesson":"8","group":"4.SA TS2","room":"D21","subject":"CRS","subject_text":"Číslicové řízení strojů","teacher":"La","teacher_text":"La","change_info":"","theme":"Základy kreslení v systému - Kovoprog","type":"atom","absencetext":null,"has_absent":"false","absent_info_text":"","removed_info":""}],"9":[{"lesson":"9","group":"4.SA TS2","room":"D21","subject":"CRS","subject_text":"Číslicové řízení strojů","teacher":"La","teacher_text":"La","change_info":"","theme":"Základy kreslení v systému - Kovoprog","type":"atom","absencetext":null,"has_absent":"false","absent_info_text":"","removed_info":""}],"11":[{"lesson":"0","group":"4.SB TS1","room":"D21","subject":"CRS","subject_text":"Číslicové řízení strojů","teacher":"Mi","teacher_text":"Mi","change_info":"","theme":"","type":"atom","absencetext":null,"has_absent":"false","absent_info_text":"","removed_info":""}],"12":[{"lesson":"1","group":"4.SB TS1","room":"D21","subject":"CRS","subject_text":"Číslicové řízení strojů","teacher":"Mi","teacher_text":"Mi","change_info":"","theme":"","type":"atom","absencetext":null,"has_absent":"false","absent_info_text":"","removed_info":""}],"15":[{"lesson":"4","group":"4.SB 1","room":"D21","subject":"AUc","subject_text":"Automatizace cvičení","teacher":"Bk","teacher_text":"Bk","change_info":"","theme":"","type":"atom","absencetext":null,"has_absent":"false","absent_info_text":"","removed_info":""}],"16":[{"lesson":"5","group":"4.SB 1","room":"D21","subject":"AUc","subject_text":"Automatizace cvičení","teacher":"Bk","teacher_text":"Bk","change_info":"","theme":"","type":"atom","absencetext":null,"has_absent":"false","absent_info_text":"","removed_info":""}],"23":[{"lesson":"1","group":"4.SB TS2","room":"D21","subject":"CRS","subject_text":"Číslicové řízení strojů","teacher":"Mi","teacher_text":"Mi","change_info":"","theme":"","type":"atom","absencetext":null,"has_absent":"false","absent_info_text":"","removed_info":""}],"24":[{"lesson":"2","group":"4.SB TS2","room":"D21","subject":"CRS","subject_text":"Číslicové řízení strojů","teacher":"Mi","teacher_text":"Mi","change_info":"","theme":"","type":"atom","absencetext":null,"has_absent":"false","absent_info_text":"","removed_info":""}],"40":[{"lesson":"7","group":"3.S P1","room":"D21","subject":"CRS","subject_text":"Číslicové řízení strojů","teacher":"Mi","teacher_text":"Mi","change_info":"","theme":"","type":"atom","absencetext":null,"has_absent":"false","absent_info_text":"","removed_info":""}],"41":[{"lesson":"8","group":"3.S P1","room":"D21","subject":"CRS","subject_text":"Číslicové řízení strojů","teacher":"Mi","teacher_text":"Mi","change_info":"","theme":"","type":"atom","absencetext":null,"has_absent":"false","absent_info_text":"","removed_info":""}]}