{"1":[{"lesson":"1","group":"3.ER celá","room":"212","subject":"EKc","subject_text":"Ekonomika cvičení","teacher":"","teacher_text":"","change_info":"","theme":"Rozvrhování režijních nákladů","type":"atom","absencetext":null,"has_absent":"false","absent_info_text":"","removed_info":""}],"3":[{"lesson":"3","group":"3.EE celá","room":"311","subject":"EKc","subject_text":"Ekonomika cvičení","teacher":"","teacher_text":"","change_info":"","theme":"Rozvrhování režijních nákladů","type":"atom","absencetext":null,"has_absent":"false","absent_info_text":"","removed_info":""}],"8":[{"lesson":"8","group":"3.S celá","room":"201","subject":"EK","subject_text":"Ekonomika","teacher":"","teacher_text":"","change_info":"","theme":"Zákoník práce - pracovní smlouva","type":"atom","absencetext":null,"has_absent":"false","absent_info_text":"","removed_info":""}],"11":[{"lesson":"0","group":"4.SB EU","room":"313","subject":"PE","subject_text":"Podniková ekonomika","teacher":"","teacher_text":"","change_info":"","theme":"Prověrka","type":"atom","absencetext":null,"has_absent":"false","absent_info_text":"","removed_info":""}],"12":[{"lesson":"1","group":"4.SB EU","room":"313","subject":"PE","subject_text":"Podniková ekonomika","teacher":"","teacher_text":"","change_info":"","theme":"Poměrní ukazatele","type":"atom","absencetext":null,"has_absent":"false","absent_info_text":"","removed_info":""}],"13":[{"lesson":"","group":"","room":"","subject":"","subject_text":"","teacher":null,"teacher_text":"","change_info":"","theme":null,"type":"removed","absencetext":null,"has_absent":"","absent_info_text":"","removed_info":"Výměna na 27.11., 4. hod (3.EM+, EK)"}],"14":[{"lesson":"3","group":"4.SA EU","room":"302","subject":"PE","subject_text":"Podniková ekonomika","teacher":"","teacher_text":"","change_info":"","theme":"Prověrka","type":"atom","absencetext":null,"has_absent":"false","absent_info_text":"","removed_info":""}],"15":[{"lesson":"4","group":"4.SA EU","room":"302","subject":"PE","subject_text":"Podniková ekonomika","teacher":"","teacher_text":"","change_info":"","theme":"Poměrní ukazatelé","type":"atom","absencetext":null,"has_absent":"false","absent_info_text":"","removed_info":""}],"17":[{"lesson":"6","group":"3.S celá","room":"201","subject":"EKc","subject_text":"Ekonomika cvičení","teacher":"","teacher_text":"","change_info":"","theme":"Rozvrhování režijních nákladů","type":"atom","absencetext":null,"has_absent":"false","absent_info_text":"","removed_info":""}],"22":[{"lesson":"0","group":"3.EM celá","room":"113","subject":"EKc","subject_text":"Ekonomika cvičení","teacher":"","teacher_text":"","change_info":"","theme":"Rozvrhování režijních nákladů","type":"atom","absencetext":null,"has_absent":"false","absent_info_text":"","removed_info":""}],"23":[{"lesson":"1","group":"4.SB EU","room":"106","subject":"UC","subject_text":"Účetnictví","teacher":"","teacher_text":"","change_info":"Suplování - do úvazku (Kp)","theme":"Opakování druhů účtů","type":"atom","absencetext":null,"has_absent":"false","absent_info_text":"","removed_info":""}],"24":[{"lesson":"2","group":"4.SB EU","room":"106","subject":"UC","subject_text":"Účetnictví","teacher":"","teacher_text":"","change_info":"Suplování - do úvazku (Kp)","theme":"Účtování základních účetních operací","type":"atom","absencetext":null,"has_absent":"false","absent_info_text":"","removed_info":""}],"25":[{"lesson":"3","group":"3.EE celá","room":"311","subject":"EK","subject_text":"Ekonomika","teacher":"","teacher_text":"","change_info":"","theme":"Zákoník práce","type":"atom","absencetext":null,"has_absent":"false","absent_info_text":"","removed_info":""}],"29":[{"lesson":"7","group":"3.EE 2","room":"311","subject":"EK","subject_text":"Ekonomika","teacher":"","teacher_text":"","change_info":"Suplování: EK, 311 - do úvazku (IT, Br, 502)","theme":"Pracovní smlouvy","type":"atom","absencetext":null,"has_absent":"false","absent_info_text":"","removed_info":""},{"lesson":"7","group":"3.EE 1","room":"311","subject":"EK","subject_text":"Ekonomika","teacher":"","teacher_text":"","change_info":"Spojeno: 3.EE(1), EK, Paurová Dana, 311 (3.EE(1), IT, Čejka Vilém, 118)","theme":"Pracovní smlouva","type":"atom","absencetext":null,"has_absent":"false","absent_info_text":"","removed_info":""}],"34":[{"lesson":"1","group":"3.EE celá","room":"311","subject":"EK","subject_text":"Ekonomika","teacher":"","teacher_text":"","change_info":"","theme":"Ukončení pracovního poměru","type":"atom","absencetext":null,"has_absent":"false","absent_info_text":"","removed_info":""}],"37":[{"lesson":"4","group":"3.ER celá","room":"212","subject":"EK","subject_text":"Ekonomika","teacher":"","teacher_text":"","change_info":"","theme":"Ukončení pracovního poměru","type":"atom","absencetext":null,"has_absent":"false","absent_info_text":"","removed_info":""}],"47":[{"lesson":"3","group":"3.EM celá","room":"113","subject":"EK","subject_text":"Ekonomika","teacher":"","teacher_text":"","change_info":"","theme":"Ukončení pracovního poměru","type":"atom","absencetext":null,"has_absent":"false","absent_info_text":"","removed_info":""}],"48":[{"lesson":"4","group":"3.S celá","room":"201","subject":"EK","subject_text":"Ekonomika","teacher":"","teacher_text":"","change_info":"","theme":"Ukončení pracovního poměru","type":"atom","absencetext":null,"has_absent":"false","absent_info_text":"","removed_info":""}],"49":[{"lesson":"5","group":"3.ER celá","room":"212","subject":"EK","subject_text":"Ekonomika","teacher":"","teacher_text":"","change_info":"","theme":"Ukončení pracovního poměru","type":"atom","absencetext":null,"has_absent":"false","absent_info_text":"","removed_info":""}]}