{"1":[{"lesson":"1","group":"3.ER celá","room":"212","subject":"EKc","subject_text":"Ekonomika cvičení","teacher":"","teacher_text":"","change_info":"","theme":"Metody výpočtu kalkulací","type":"atom","absencetext":null,"has_absent":"false","absent_info_text":"","removed_info":""}],"3":[{"lesson":"3","group":"3.EE celá","room":"311","subject":"EKc","subject_text":"Ekonomika cvičení","teacher":"","teacher_text":"","change_info":"","theme":"Metody výpočtu kalkulací","type":"atom","absencetext":null,"has_absent":"false","absent_info_text":"","removed_info":""}],"8":[{"lesson":"8","group":"3.S celá","room":"201","subject":"EK","subject_text":"Ekonomika","teacher":"","teacher_text":"","change_info":"","theme":"Prověrka","type":"atom","absencetext":null,"has_absent":"false","absent_info_text":"","removed_info":""}],"11":[{"lesson":"0","group":"4.SB EU","room":"313","subject":"PE","subject_text":"Podniková ekonomika","teacher":"","teacher_text":"","change_info":"","theme":"Marketingový mix","type":"atom","absencetext":null,"has_absent":"false","absent_info_text":"","removed_info":""}],"12":[{"lesson":"1","group":"4.SB EU","room":"313","subject":"PE","subject_text":"Podniková ekonomika","teacher":"","teacher_text":"","change_info":"","theme":"Životní cyklus výrobku","type":"atom","absencetext":null,"has_absent":"false","absent_info_text":"","removed_info":""}],"13":[{"lesson":"2","group":"3.EM celá","room":"113","subject":"EK","subject_text":"Ekonomika","teacher":"","teacher_text":"","change_info":"","theme":"Formy mezd","type":"atom","absencetext":null,"has_absent":"false","absent_info_text":"","removed_info":""}],"14":[{"lesson":"3","group":"4.SA EU","room":"302","subject":"PE","subject_text":"Podniková ekonomika","teacher":"","teacher_text":"","change_info":"","theme":"Marketingový mix","type":"atom","absencetext":null,"has_absent":"false","absent_info_text":"","removed_info":""}],"15":[{"lesson":"4","group":"4.SA EU","room":"302","subject":"PE","subject_text":"Podniková ekonomika","teacher":"","teacher_text":"","change_info":"","theme":"Životní cyklus výrobku","type":"atom","absencetext":null,"has_absent":"false","absent_info_text":"","removed_info":""}],"16":[{"lesson":"","group":"","room":"","subject":"Služ","subject_text":"Služení cesta","teacher":null,"teacher_text":"","change_info":"","theme":null,"type":"absent","absencetext":null,"has_absent":"","absent_info_text":"","removed_info":""}],"17":[{"lesson":"","group":"","room":"","subject":"","subject_text":"","teacher":null,"teacher_text":"","change_info":"","theme":null,"type":"removed","absencetext":null,"has_absent":"","absent_info_text":"","removed_info":"Supluje: SS, Kroupa Petr (3.S, EKc)"}],"18":[{"lesson":"","group":"","room":"","subject":"Služ","subject_text":"Služení cesta","teacher":null,"teacher_text":"","change_info":"","theme":null,"type":"absent","absencetext":null,"has_absent":"","absent_info_text":"","removed_info":""}],"22":[{"lesson":"0","group":"3.EM celá","room":"113","subject":"EKc","subject_text":"Ekonomika cvičení","teacher":"","teacher_text":"","change_info":"","theme":"Metody výpočtu kalkulací","type":"atom","absencetext":null,"has_absent":"false","absent_info_text":"","removed_info":""}],"25":[{"lesson":"3","group":"3.EE celá","room":"311","subject":"EK","subject_text":"Ekonomika","teacher":"","teacher_text":"","change_info":"","theme":"Dohody o práci","type":"atom","absencetext":null,"has_absent":"false","absent_info_text":"","removed_info":""}],"34":[{"lesson":"1","group":"3.EE celá","room":"311","subject":"EK","subject_text":"Ekonomika","teacher":"","teacher_text":"","change_info":"","theme":"Formy mezd","type":"atom","absencetext":null,"has_absent":"false","absent_info_text":"","removed_info":""}],"37":[{"lesson":"4","group":"3.ER celá","room":"212","subject":"EK","subject_text":"Ekonomika","teacher":"","teacher_text":"","change_info":"","theme":"Formy mezd","type":"atom","absencetext":null,"has_absent":"false","absent_info_text":"","removed_info":""}],"47":[{"lesson":"3","group":"3.EM celá","room":"113","subject":"EK","subject_text":"Ekonomika","teacher":"","teacher_text":"","change_info":"","theme":"Pohyblivé složky mezd","type":"atom","absencetext":null,"has_absent":"false","absent_info_text":"","removed_info":""}],"48":[{"lesson":"4","group":"3.S celá","room":"201","subject":"EK","subject_text":"Ekonomika","teacher":"","teacher_text":"","change_info":"","theme":"Formy mezd","type":"atom","absencetext":null,"has_absent":"false","absent_info_text":"","removed_info":""}],"49":[{"lesson":"5","group":"3.ER celá","room":"212","subject":"EK","subject_text":"Ekonomika","teacher":"","teacher_text":"","change_info":"","theme":"Pohyblivé složky mezd","type":"atom","absencetext":null,"has_absent":"false","absent_info_text":"","removed_info":""}]}