{"2":[{"lesson":"2","group":"1.EM 2","room":"502","subject":"STRc","subject_text":"Strojírenství - cvičení","teacher":"","teacher_text":"","change_info":"","theme":"Modelování kotouče","type":"atom","absencetext":null,"has_absent":"false","absent_info_text":"","removed_info":""}],"3":[{"lesson":"3","group":"1.EM 2","room":"502","subject":"STRc","subject_text":"Strojírenství - cvičení","teacher":"","teacher_text":"","change_info":"","theme":"Modelování kotouče","type":"atom","absencetext":null,"has_absent":"false","absent_info_text":"","removed_info":""}],"4":[{"lesson":"4","group":"4.SB celá","room":"203","subject":"SS","subject_text":"Stavba a provoz strojů","teacher":"","teacher_text":"","change_info":"Suplování - za odpadlou (Kp)","theme":"Pístová čerpadla","type":"atom","absencetext":null,"has_absent":"false","absent_info_text":"","removed_info":""}],"5":[{"lesson":"5","group":"1.EM celá","room":"108","subject":"STR","subject_text":"Strojírenství","teacher":"","teacher_text":"","change_info":"","theme":"Písemná práce","type":"atom","absencetext":null,"has_absent":"false","absent_info_text":"","removed_info":""}],"6":[{"lesson":"6","group":"1.EM celá","room":"108","subject":"STR","subject_text":"Strojírenství","teacher":"","teacher_text":"","change_info":"","theme":"Kótování","type":"atom","absencetext":null,"has_absent":"false","absent_info_text":"","removed_info":""}],"14":[{"lesson":"3","group":"3.EM celá","room":"113","subject":"STR","subject_text":"Strojírenství","teacher":"","teacher_text":"","change_info":"","theme":"Bezpečnost silničních vozidel","type":"atom","absencetext":null,"has_absent":"false","absent_info_text":"","removed_info":""}],"15":[{"lesson":"4","group":"3.EM celá","room":"113","subject":"STR","subject_text":"Strojírenství","teacher":"","teacher_text":"","change_info":"","theme":"Bezpečnost silničních vozidel","type":"atom","absencetext":null,"has_absent":"false","absent_info_text":"","removed_info":""}],"16":[{"lesson":"5","group":"4.SA celá","room":"203","subject":"SS","subject_text":"Stavba a provoz strojů","teacher":"","teacher_text":"","change_info":"Suplování - přespočetná hod. (Kp)","theme":"Pístová čerpadla","type":"atom","absencetext":null,"has_absent":"false","absent_info_text":"","removed_info":""}],"18":[{"lesson":"7","group":"3.EM 1","room":"D12","subject":"STRc","subject_text":"Strojírenství - cvičení","teacher":"","teacher_text":"","change_info":"","theme":"Návrh koncepce vozidla","type":"atom","absencetext":null,"has_absent":"false","absent_info_text":"","removed_info":""}],"19":[{"lesson":"8","group":"3.EM 2","room":"D12","subject":"STRc","subject_text":"Strojírenství - cvičení","teacher":"","teacher_text":"","change_info":"","theme":"Návrh koncepce vozidla","type":"atom","absencetext":null,"has_absent":"false","absent_info_text":"","removed_info":""}],"23":[{"lesson":"","group":"","room":"","subject":"","subject_text":"","teacher":null,"teacher_text":"","change_info":"","theme":null,"type":"removed","absencetext":null,"has_absent":"","absent_info_text":"","removed_info":"Absence třídy (4.EB, IT)"}],"24":[{"lesson":"","group":"","room":"","subject":"","subject_text":"","teacher":null,"teacher_text":"","change_info":"","theme":null,"type":"removed","absencetext":null,"has_absent":"","absent_info_text":"","removed_info":"Absence třídy (4.EB, IT)"}],"28":[{"lesson":"6","group":"2.EM celá","room":"210","subject":"STR","subject_text":"Strojírenství","teacher":"","teacher_text":"","change_info":"","theme":"Třecí převody","type":"atom","absencetext":null,"has_absent":"false","absent_info_text":"","removed_info":""}],"29":[{"lesson":"7","group":"2.EM celá","room":"210","subject":"STR","subject_text":"Strojírenství","teacher":"","teacher_text":"","change_info":"","theme":"Řemenové převody","type":"atom","absencetext":null,"has_absent":"false","absent_info_text":"","removed_info":""}],"33":[{"lesson":"0","group":"4.SA 2","room":"117","subject":"SSc","subject_text":"Stavba a provoz str. cvičení","teacher":"","teacher_text":"","change_info":"","theme":"Pásové dopravníky","type":"atom","absencetext":null,"has_absent":"false","absent_info_text":"","removed_info":""}],"34":[{"lesson":"1","group":"4.SA 2","room":"117","subject":"SSc","subject_text":"Stavba a provoz str. cvičení","teacher":"","teacher_text":"","change_info":"","theme":"Pásové dopravníky","type":"atom","absencetext":null,"has_absent":"false","absent_info_text":"","removed_info":""}],"35":[{"lesson":"2","group":"1.EM 1","room":"502","subject":"STRc","subject_text":"Strojírenství - cvičení","teacher":"","teacher_text":"","change_info":"","theme":"Jednoduché objemové modely","type":"atom","absencetext":null,"has_absent":"false","absent_info_text":"","removed_info":""}],"36":[{"lesson":"3","group":"1.EM 1","room":"502","subject":"STRc","subject_text":"Strojírenství - cvičení","teacher":"","teacher_text":"","change_info":"","theme":"Jednoduché objemové modely","type":"atom","absencetext":null,"has_absent":"false","absent_info_text":"","removed_info":""}],"37":[{"lesson":"4","group":"2.EM 2","room":"502","subject":"STRc","subject_text":"Strojírenství - cvičení","teacher":"","teacher_text":"","change_info":"","theme":"Čepový spoj","type":"atom","absencetext":null,"has_absent":"false","absent_info_text":"","removed_info":""}],"38":[{"lesson":"5","group":"2.EM 2","room":"502","subject":"STRc","subject_text":"Strojírenství - cvičení","teacher":"","teacher_text":"","change_info":"","theme":"Čepový spoj","type":"atom","absencetext":null,"has_absent":"false","absent_info_text":"","removed_info":""}],"46":[{"lesson":"2","group":"1.EM celá","room":"108","subject":"STR","subject_text":"Strojírenství","teacher":"","teacher_text":"","change_info":"","theme":"Kótování","type":"atom","absencetext":null,"has_absent":"false","absent_info_text":"","removed_info":""}],"47":[{"lesson":"3","group":"2.EM celá","room":"210","subject":"STR","subject_text":"Strojírenství","teacher":"","teacher_text":"","change_info":"","theme":"Řemenové převody","type":"atom","absencetext":null,"has_absent":"false","absent_info_text":"","removed_info":""}],"49":[{"lesson":"5","group":"2.EM 1","room":"502","subject":"STRc","subject_text":"Strojírenství - cvičení","teacher":"","teacher_text":"","change_info":"","theme":"Samostatná práce","type":"atom","absencetext":null,"has_absent":"false","absent_info_text":"","removed_info":""}],"50":[{"lesson":"6","group":"2.EM 1","room":"502","subject":"STRc","subject_text":"Strojírenství - cvičení","teacher":"","teacher_text":"","change_info":"","theme":"Samostatná práce","type":"atom","absencetext":null,"has_absent":"false","absent_info_text":"","removed_info":""}]}