{"2":[{"lesson":"2","group":"1.EM 2","room":"502","subject":"STRc","subject_text":"Strojírenství - cvičení","teacher":"","teacher_text":"","change_info":"","theme":"Mechanismus","type":"atom","absencetext":null,"has_absent":"false","absent_info_text":"","removed_info":""}],"3":[{"lesson":"3","group":"1.EM 2","room":"502","subject":"STRc","subject_text":"Strojírenství - cvičení","teacher":"","teacher_text":"","change_info":"","theme":"Mechanismus","type":"atom","absencetext":null,"has_absent":"false","absent_info_text":"","removed_info":""}],"6":[{"lesson":"6","group":"1.EM celá","room":"108","subject":"STR","subject_text":"Strojírenství","teacher":"","teacher_text":"","change_info":"","theme":"Výpočtový návrh strojních částí","type":"atom","absencetext":null,"has_absent":"false","absent_info_text":"","removed_info":""}],"7":[{"lesson":"7","group":"1.EM celá","room":"108","subject":"STR","subject_text":"Strojírenství","teacher":"","teacher_text":"","change_info":"","theme":"Výpočtový návrh strojních částí","type":"atom","absencetext":null,"has_absent":"false","absent_info_text":"","removed_info":""}],"14":[{"lesson":"3","group":"3.EM celá","room":"113","subject":"STR","subject_text":"Strojírenství","teacher":"","teacher_text":"","change_info":"","theme":"Rámy jednostopých vozidel","type":"atom","absencetext":null,"has_absent":"false","absent_info_text":"","removed_info":""}],"15":[{"lesson":"4","group":"3.EM celá","room":"113","subject":"STR","subject_text":"Strojírenství","teacher":"","teacher_text":"","change_info":"","theme":"Rámy jednostopých vozidel","type":"atom","absencetext":null,"has_absent":"false","absent_info_text":"","removed_info":""}],"18":[{"lesson":"7","group":"3.EM 1","room":"D12","subject":"STRc","subject_text":"Strojírenství - cvičení","teacher":"","teacher_text":"","change_info":"","theme":"Návrh brzdového systému","type":"atom","absencetext":null,"has_absent":"false","absent_info_text":"","removed_info":""}],"19":[{"lesson":"8","group":"3.EM 2","room":"D12","subject":"STRc","subject_text":"Strojírenství - cvičení","teacher":"","teacher_text":"","change_info":"","theme":"Návrh brzdového systému","type":"atom","absencetext":null,"has_absent":"false","absent_info_text":"","removed_info":""}],"23":[{"lesson":"1","group":"4.EB 1","room":"303","subject":"IT","subject_text":"Informační technologie","teacher":"","teacher_text":"","change_info":"","theme":"","type":"atom","absencetext":null,"has_absent":"false","absent_info_text":"","removed_info":""}],"24":[{"lesson":"2","group":"4.EB 1","room":"303","subject":"IT","subject_text":"Informační technologie","teacher":"","teacher_text":"","change_info":"","theme":"","type":"atom","absencetext":null,"has_absent":"false","absent_info_text":"","removed_info":""}],"27":[{"lesson":"5","group":"2.EM celá","room":"210","subject":"STR","subject_text":"Strojírenství","teacher":"","teacher_text":"","change_info":"","theme":"","type":"atom","absencetext":null,"has_absent":"false","absent_info_text":"","removed_info":""}],"28":[{"lesson":"6","group":"2.EM celá","room":"210","subject":"STR","subject_text":"Strojírenství","teacher":"","teacher_text":"","change_info":"","theme":"","type":"atom","absencetext":null,"has_absent":"false","absent_info_text":"","removed_info":""}],"33":[{"lesson":"0","group":"4.SA 2","room":"117","subject":"SSc","subject_text":"Stavba a provoz str. cvičení","teacher":"","teacher_text":"","change_info":"","theme":"","type":"atom","absencetext":null,"has_absent":"false","absent_info_text":"","removed_info":""}],"34":[{"lesson":"1","group":"4.SA 2","room":"117","subject":"SSc","subject_text":"Stavba a provoz str. cvičení","teacher":"","teacher_text":"","change_info":"","theme":"","type":"atom","absencetext":null,"has_absent":"false","absent_info_text":"","removed_info":""}],"35":[{"lesson":"2","group":"1.EM 1","room":"502","subject":"STRc","subject_text":"Strojírenství - cvičení","teacher":"","teacher_text":"","change_info":"","theme":"","type":"atom","absencetext":null,"has_absent":"false","absent_info_text":"","removed_info":""}],"36":[{"lesson":"3","group":"1.EM 1","room":"502","subject":"STRc","subject_text":"Strojírenství - cvičení","teacher":"","teacher_text":"","change_info":"","theme":"","type":"atom","absencetext":null,"has_absent":"false","absent_info_text":"","removed_info":""}],"37":[{"lesson":"4","group":"2.EM 2","room":"502","subject":"STRc","subject_text":"Strojírenství - cvičení","teacher":"","teacher_text":"","change_info":"","theme":"","type":"atom","absencetext":null,"has_absent":"false","absent_info_text":"","removed_info":""}],"38":[{"lesson":"5","group":"2.EM 2","room":"502","subject":"STRc","subject_text":"Strojírenství - cvičení","teacher":"","teacher_text":"","change_info":"","theme":"","type":"atom","absencetext":null,"has_absent":"false","absent_info_text":"","removed_info":""}],"45":[{"lesson":"1","group":"1.EM celá","room":"108","subject":"STR","subject_text":"Strojírenství","teacher":"","teacher_text":"","change_info":"","theme":"","type":"atom","absencetext":null,"has_absent":"false","absent_info_text":"","removed_info":""}],"47":[{"lesson":"3","group":"2.EM celá","room":"210","subject":"STR","subject_text":"Strojírenství","teacher":"","teacher_text":"","change_info":"","theme":"","type":"atom","absencetext":null,"has_absent":"false","absent_info_text":"","removed_info":""}],"49":[{"lesson":"5","group":"2.EM 1","room":"502","subject":"STRc","subject_text":"Strojírenství - cvičení","teacher":"","teacher_text":"","change_info":"","theme":"","type":"atom","absencetext":null,"has_absent":"false","absent_info_text":"","removed_info":""}],"50":[{"lesson":"6","group":"2.EM 1","room":"502","subject":"STRc","subject_text":"Strojírenství - cvičení","teacher":"","teacher_text":"","change_info":"","theme":"","type":"atom","absencetext":null,"has_absent":"false","absent_info_text":"","removed_info":""}]}