{"3":[{"lesson":"3","group":"1.S 1","room":"205","subject":"IT","subject_text":"Informační technologie","teacher":"Hm","teacher_text":"Hm","change_info":"","theme":"Python - samostatná práce - podmínky","type":"atom","absencetext":null,"has_absent":"false","absent_info_text":"","removed_info":""}],"4":[{"lesson":"4","group":"1.S 1","room":"205","subject":"IT","subject_text":"Informační technologie","teacher":"Šm","teacher_text":"Šm","change_info":"","theme":"Úvod do hardware - GPU, přídavné karty, úložiště","type":"atom","absencetext":null,"has_absent":"false","absent_info_text":"","removed_info":""}],"11":[{"lesson":"0","group":"1.ER 2","room":"205","subject":"IT","subject_text":"Informační technologie","teacher":"Šm","teacher_text":"Šm","change_info":"","theme":"Python - kreslení s barvou","type":"atom","absencetext":null,"has_absent":"false","absent_info_text":"","removed_info":""}],"12":[{"lesson":"1","group":"1.ER 2","room":"205","subject":"IT","subject_text":"Informační technologie","teacher":"Šm","teacher_text":"Šm","change_info":"","theme":"Python - kreslení s barvou","type":"atom","absencetext":null,"has_absent":"false","absent_info_text":"","removed_info":""}],"13":[{"lesson":"2","group":"2.EM 1","room":"205","subject":"IT","subject_text":"Informační technologie","teacher":"Pt","teacher_text":"Pt","change_info":"","theme":"Datová komprese","type":"atom","absencetext":null,"has_absent":"false","absent_info_text":"","removed_info":""}],"14":[{"lesson":"3","group":"2.EM 1","room":"205","subject":"IT","subject_text":"Informační technologie","teacher":"Pt","teacher_text":"Pt","change_info":"","theme":"Datová komprese","type":"atom","absencetext":null,"has_absent":"false","absent_info_text":"","removed_info":""}],"18":[{"lesson":"7","group":"3.ER 2","room":"205","subject":"IT","subject_text":"Informační technologie","teacher":"Pe","teacher_text":"Pe","change_info":"","theme":"Struktura Webu","type":"atom","absencetext":null,"has_absent":"false","absent_info_text":"","removed_info":""}],"19":[{"lesson":"8","group":"3.ER 2","room":"205","subject":"IT","subject_text":"Informační technologie","teacher":"Pe","teacher_text":"Pe","change_info":"","theme":"Struktura Webu","type":"atom","absencetext":null,"has_absent":"false","absent_info_text":"","removed_info":""}],"26":[{"lesson":"4","group":"1.EM 1","room":"205","subject":"IT","subject_text":"Informační technologie","teacher":"Pt","teacher_text":"Pt","change_info":"","theme":"","type":"atom","absencetext":null,"has_absent":"false","absent_info_text":"","removed_info":""}],"27":[{"lesson":"5","group":"1.EM 1","room":"205","subject":"IT","subject_text":"Informační technologie","teacher":"Šm","teacher_text":"Šm","change_info":"","theme":"","type":"atom","absencetext":null,"has_absent":"false","absent_info_text":"","removed_info":""}],"35":[{"lesson":"2","group":"2.S 2","room":"205","subject":"KPP","subject_text":"Konstruování pomocí počítačů","teacher":"Ta","teacher_text":"Ta","change_info":"","theme":"","type":"atom","absencetext":null,"has_absent":"false","absent_info_text":"","removed_info":""},{"lesson":"2","group":"2.S 1","room":"205","subject":"KPP","subject_text":"Konstruování pomocí počítačů","teacher":"Ta","teacher_text":"Ta","change_info":"Spojeno: Trojan Aleš, 205 (Čejka Vilém, 118)","theme":"","type":"atom","absencetext":null,"has_absent":"false","absent_info_text":"","removed_info":""}],"36":[{"lesson":"3","group":"2.S 2","room":"205","subject":"KPP","subject_text":"Konstruování pomocí počítačů","teacher":"Ta","teacher_text":"Ta","change_info":"","theme":"","type":"atom","absencetext":null,"has_absent":"false","absent_info_text":"","removed_info":""},{"lesson":"3","group":"2.S 1","room":"205","subject":"KPP","subject_text":"Konstruování pomocí počítačů","teacher":"Ta","teacher_text":"Ta","change_info":"Spojeno: Trojan Aleš, 205 (Čejka Vilém, 118)","theme":"","type":"atom","absencetext":null,"has_absent":"false","absent_info_text":"","removed_info":""}],"37":[{"lesson":"4","group":"2.ER 1","room":"205","subject":"IT","subject_text":"Informační technologie","teacher":"Pt","teacher_text":"Pt","change_info":"","theme":"","type":"atom","absencetext":null,"has_absent":"false","absent_info_text":"","removed_info":""}],"38":[{"lesson":"5","group":"2.ER 1","room":"205","subject":"IT","subject_text":"Informační technologie","teacher":"Pt","teacher_text":"Pt","change_info":"","theme":"","type":"atom","absencetext":null,"has_absent":"false","absent_info_text":"","removed_info":""}],"39":[{"lesson":"6","group":"2.EE 1","room":"205","subject":"IT","subject_text":"Informační technologie","teacher":"Pt","teacher_text":"Pt","change_info":"","theme":"","type":"atom","absencetext":null,"has_absent":"false","absent_info_text":"","removed_info":""}],"40":[{"lesson":"7","group":"2.EE 1","room":"205","subject":"IT","subject_text":"Informační technologie","teacher":"Pt","teacher_text":"Pt","change_info":"","theme":"","type":"atom","absencetext":null,"has_absent":"false","absent_info_text":"","removed_info":""}],"45":[{"lesson":"1","group":"3.EM 2","room":"205","subject":"IT","subject_text":"Informační technologie","teacher":"Pe","teacher_text":"Pe","change_info":"","theme":"","type":"atom","absencetext":null,"has_absent":"false","absent_info_text":"","removed_info":""}],"46":[{"lesson":"2","group":"3.EM 2","room":"205","subject":"IT","subject_text":"Informační technologie","teacher":"Pe","teacher_text":"Pe","change_info":"","theme":"","type":"atom","absencetext":null,"has_absent":"false","absent_info_text":"","removed_info":""}],"49":[{"lesson":"5","group":"1.EE 1","room":"205","subject":"IT","subject_text":"Informační technologie","teacher":"Pt","teacher_text":"Pt","change_info":"","theme":"","type":"atom","absencetext":null,"has_absent":"false","absent_info_text":"","removed_info":""}],"50":[{"lesson":"6","group":"1.EE 1","room":"205","subject":"IT","subject_text":"Informační technologie","teacher":"Pt","teacher_text":"Pt","change_info":"","theme":"","type":"atom","absencetext":null,"has_absent":"false","absent_info_text":"","removed_info":""}]}