{"0":[{"lesson":"","group":"","room":"","subject":"Služ","subject_text":"Služení cesta","teacher":null,"teacher_text":"","change_info":"","theme":null,"type":"absent","absencetext":null,"has_absent":"","absent_info_text":"","removed_info":""}],"1":[{"lesson":"","group":"","room":"","subject":"","subject_text":"","teacher":null,"teacher_text":"","change_info":"","theme":null,"type":"removed","absencetext":null,"has_absent":"","absent_info_text":"","removed_info":"Spojení hodin: AJ, Ohnsorg Petra (1.S(1), MEc)"}],"2":[{"lesson":"","group":"","room":"","subject":"","subject_text":"","teacher":null,"teacher_text":"","change_info":"","theme":null,"type":"removed","absencetext":null,"has_absent":"","absent_info_text":"","removed_info":"Spojení hodin: AJ, Dušek Ivan (1.S(2), MEc)"}],"3":[{"lesson":"","group":"","room":"","subject":"Služ","subject_text":"Služení cesta","teacher":null,"teacher_text":"","change_info":"","theme":null,"type":"absent","absencetext":null,"has_absent":"","absent_info_text":"","removed_info":""}],"4":[{"lesson":"","group":"","room":"","subject":"Služ","subject_text":"Služení cesta","teacher":null,"teacher_text":"","change_info":"","theme":null,"type":"absent","absencetext":null,"has_absent":"","absent_info_text":"","removed_info":""}],"5":[{"lesson":"","group":"","room":"","subject":"","subject_text":"","teacher":null,"teacher_text":"","change_info":"","theme":null,"type":"removed","absencetext":null,"has_absent":"","absent_info_text":"","removed_info":"Supluje: CL, Fedorová Alena (3.S, ME)"}],"6":[{"lesson":"","group":"","room":"","subject":"Služ","subject_text":"Služení cesta","teacher":null,"teacher_text":"","change_info":"","theme":null,"type":"absent","absencetext":null,"has_absent":"","absent_info_text":"","removed_info":""}],"7":[{"lesson":"","group":"","room":"","subject":"Služ","subject_text":"Služení cesta","teacher":null,"teacher_text":"","change_info":"","theme":null,"type":"absent","absencetext":null,"has_absent":"","absent_info_text":"","removed_info":""}],"8":[{"lesson":"","group":"","room":"","subject":"Služ","subject_text":"Služení cesta","teacher":null,"teacher_text":"","change_info":"","theme":null,"type":"absent","absencetext":null,"has_absent":"","absent_info_text":"","removed_info":""}],"9":[{"lesson":"","group":"","room":"","subject":"Služ","subject_text":"Služení cesta","teacher":null,"teacher_text":"","change_info":"","theme":null,"type":"absent","absencetext":null,"has_absent":"","absent_info_text":"","removed_info":""}],"10":[{"lesson":"","group":"","room":"","subject":"Služ","subject_text":"Služení cesta","teacher":null,"teacher_text":"","change_info":"","theme":null,"type":"absent","absencetext":null,"has_absent":"","absent_info_text":"","removed_info":""}],"11":[{"lesson":"","group":"","room":"","subject":"","subject_text":"","teacher":null,"teacher_text":"","change_info":"","theme":null,"type":"removed","absencetext":null,"has_absent":"","absent_info_text":"","removed_info":"Supluje: MA, Helm Jan (1.S, ME)"}],"12":[{"lesson":"","group":"","room":"","subject":"","subject_text":"","teacher":null,"teacher_text":"","change_info":"","theme":null,"type":"removed","absencetext":null,"has_absent":"","absent_info_text":"","removed_info":"Spojení hodin: STc, Vávra Václav (4.SA(1), SSc)"}],"13":[{"lesson":"","group":"","room":"","subject":"","subject_text":"","teacher":null,"teacher_text":"","change_info":"","theme":null,"type":"removed","absencetext":null,"has_absent":"","absent_info_text":"","removed_info":"Spojení hodin: STc, Vávra Václav (4.SA(1), SSc)"}],"14":[{"lesson":"","group":"","room":"","subject":"","subject_text":"","teacher":null,"teacher_text":"","change_info":"","theme":null,"type":"removed","absencetext":null,"has_absent":"","absent_info_text":"","removed_info":"Spojení hodin: ST, Krejsa Vladimír (4.SA(TS1), KPP)"}],"15":[{"lesson":"","group":"","room":"","subject":"","subject_text":"","teacher":null,"teacher_text":"","change_info":"","theme":null,"type":"removed","absencetext":null,"has_absent":"","absent_info_text":"","removed_info":"Supluje: AJ, Dušek Ivan (4.SA(TS1), KPP)"}],"16":[{"lesson":"","group":"","room":"","subject":"Služ","subject_text":"Služení cesta","teacher":null,"teacher_text":"","change_info":"","theme":null,"type":"absent","absencetext":null,"has_absent":"","absent_info_text":"","removed_info":""}],"17":[{"lesson":"","group":"","room":"","subject":"Služ","subject_text":"Služení cesta","teacher":null,"teacher_text":"","change_info":"","theme":null,"type":"absent","absencetext":null,"has_absent":"","absent_info_text":"","removed_info":""}],"18":[{"lesson":"","group":"","room":"","subject":"Služ","subject_text":"Služení cesta","teacher":null,"teacher_text":"","change_info":"","theme":null,"type":"absent","absencetext":null,"has_absent":"","absent_info_text":"","removed_info":""}],"19":[{"lesson":"","group":"","room":"","subject":"Služ","subject_text":"Služení cesta","teacher":null,"teacher_text":"","change_info":"","theme":null,"type":"absent","absencetext":null,"has_absent":"","absent_info_text":"","removed_info":""}],"20":[{"lesson":"","group":"","room":"","subject":"Služ","subject_text":"Služení cesta","teacher":null,"teacher_text":"","change_info":"","theme":null,"type":"absent","absencetext":null,"has_absent":"","absent_info_text":"","removed_info":""}],"21":[{"lesson":"","group":"","room":"","subject":"Služ","subject_text":"Služení cesta","teacher":null,"teacher_text":"","change_info":"","theme":null,"type":"absent","absencetext":null,"has_absent":"","absent_info_text":"","removed_info":""}],"22":[{"lesson":"","group":"","room":"","subject":"Služ","subject_text":"Služení cesta","teacher":null,"teacher_text":"","change_info":"","theme":null,"type":"absent","absencetext":null,"has_absent":"","absent_info_text":"","removed_info":""}],"23":[{"lesson":"","group":"","room":"","subject":"","subject_text":"","teacher":null,"teacher_text":"","change_info":"","theme":null,"type":"removed","absencetext":null,"has_absent":"","absent_info_text":"","removed_info":"Spojení hodin: CRS, Mikoláš Pavel (4.SB(TS1), KPP)"}],"24":[{"lesson":"","group":"","room":"","subject":"","subject_text":"","teacher":null,"teacher_text":"","change_info":"","theme":null,"type":"removed","absencetext":null,"has_absent":"","absent_info_text":"","removed_info":"Spojení hodin: CRS, Mikoláš Pavel (4.SB(TS1), KPP)"}],"25":[{"lesson":"","group":"","room":"","subject":"Služ","subject_text":"Služení cesta","teacher":null,"teacher_text":"","change_info":"","theme":null,"type":"absent","absencetext":null,"has_absent":"","absent_info_text":"","removed_info":""}],"26":[{"lesson":"","group":"","room":"","subject":"","subject_text":"","teacher":null,"teacher_text":"","change_info":"","theme":null,"type":"removed","absencetext":null,"has_absent":"","absent_info_text":"","removed_info":"Supluje: ST, Krejsa Vladimír (3.S, ME)"}],"27":[{"lesson":"","group":"","room":"","subject":"Služ","subject_text":"Služení cesta","teacher":null,"teacher_text":"","change_info":"","theme":null,"type":"absent","absencetext":null,"has_absent":"","absent_info_text":"","removed_info":""}],"28":[{"lesson":"","group":"","room":"","subject":"","subject_text":"","teacher":null,"teacher_text":"","change_info":"","theme":null,"type":"removed","absencetext":null,"has_absent":"","absent_info_text":"","removed_info":"Spojení hodin: ES, Hána Jiří (3.EE(1), IT)"}],"29":[{"lesson":"","group":"","room":"","subject":"","subject_text":"","teacher":null,"teacher_text":"","change_info":"","theme":null,"type":"removed","absencetext":null,"has_absent":"","absent_info_text":"","removed_info":"Spojení hodin: EK, Paurová Dana (3.EE(1), IT)"}],"30":[{"lesson":"","group":"","room":"","subject":"Služ","subject_text":"Služení cesta","teacher":null,"teacher_text":"","change_info":"","theme":null,"type":"absent","absencetext":null,"has_absent":"","absent_info_text":"","removed_info":""}],"31":[{"lesson":"","group":"","room":"","subject":"Služ","subject_text":"Služení cesta","teacher":null,"teacher_text":"","change_info":"","theme":null,"type":"absent","absencetext":null,"has_absent":"","absent_info_text":"","removed_info":""}],"32":[{"lesson":"","group":"","room":"","subject":"Služ","subject_text":"Služení cesta","teacher":null,"teacher_text":"","change_info":"","theme":null,"type":"absent","absencetext":null,"has_absent":"","absent_info_text":"","removed_info":""}],"33":[{"lesson":"","group":"","room":"","subject":"","subject_text":"","teacher":null,"teacher_text":"","change_info":"","theme":null,"type":"removed","absencetext":null,"has_absent":"","absent_info_text":"","removed_info":"Spojení hodin: SSc, Trojan Aleš (3.S(P1), KPP)"}],"34":[{"lesson":"","group":"","room":"","subject":"","subject_text":"","teacher":null,"teacher_text":"","change_info":"","theme":null,"type":"removed","absencetext":null,"has_absent":"","absent_info_text":"","removed_info":"Spojení hodin: SSc, Trojan Aleš (3.S(P1), KPP)"}],"35":[{"lesson":"2","group":"2.S 1","room":"205","subject":"\r\n                                                            Služ\r\n                                                        ","subject_text":"Konstruování pomocí počítačů","teacher":"","teacher_text":"","change_info":"Spojeno: 2.S(1), Trojan Aleš, 205 (2.S(1), Čejka Vilém, 118)","theme":"Zátěžová zkouška","type":"atom","absencetext":null,"has_absent":"true","absent_info_text":"Služ | Služení cesta","removed_info":""}],"36":[{"lesson":"3","group":"2.S 1","room":"205","subject":"\r\n                                                            Služ\r\n                                                        ","subject_text":"Konstruování pomocí počítačů","teacher":"","teacher_text":"","change_info":"Spojeno: 2.S(1), Trojan Aleš, 205 (2.S(1), Čejka Vilém, 118)","theme":"Modely pro sestavu KM","type":"atom","absencetext":null,"has_absent":"true","absent_info_text":"Služ | Služení cesta","removed_info":""}],"37":[{"lesson":"","group":"","room":"","subject":"","subject_text":"","teacher":null,"teacher_text":"","change_info":"","theme":null,"type":"removed","absencetext":null,"has_absent":"","absent_info_text":"","removed_info":"Supluje: MA, Helm Jan (1.S, ME)"}],"38":[{"lesson":"","group":"","room":"","subject":"","subject_text":"","teacher":null,"teacher_text":"","change_info":"","theme":null,"type":"removed","absencetext":null,"has_absent":"","absent_info_text":"","removed_info":"Spojení hodin: STc, Vávra Václav (4.SB(1), SSc)"}],"39":[{"lesson":"","group":"","room":"","subject":"","subject_text":"","teacher":null,"teacher_text":"","change_info":"","theme":null,"type":"removed","absencetext":null,"has_absent":"","absent_info_text":"","removed_info":"Spojení hodin: STc, Vávra Václav (4.SB(1), SSc)"}],"40":[{"lesson":"","group":"","room":"","subject":"Služ","subject_text":"Služení cesta","teacher":null,"teacher_text":"","change_info":"","theme":null,"type":"absent","absencetext":null,"has_absent":"","absent_info_text":"","removed_info":""}],"41":[{"lesson":"","group":"","room":"","subject":"Služ","subject_text":"Služení cesta","teacher":null,"teacher_text":"","change_info":"","theme":null,"type":"absent","absencetext":null,"has_absent":"","absent_info_text":"","removed_info":""}],"42":[{"lesson":"","group":"","room":"","subject":"Služ","subject_text":"Služení cesta","teacher":null,"teacher_text":"","change_info":"","theme":null,"type":"absent","absencetext":null,"has_absent":"","absent_info_text":"","removed_info":""}],"43":[{"lesson":"","group":"","room":"","subject":"Služ","subject_text":"Služení cesta","teacher":null,"teacher_text":"","change_info":"","theme":null,"type":"absent","absencetext":null,"has_absent":"","absent_info_text":"","removed_info":""}],"44":[{"lesson":"","group":"","room":"","subject":"Služ","subject_text":"Služení cesta","teacher":null,"teacher_text":"","change_info":"","theme":null,"type":"absent","absencetext":null,"has_absent":"","absent_info_text":"","removed_info":""}],"45":[{"lesson":"","group":"","room":"","subject":"","subject_text":"","teacher":null,"teacher_text":"","change_info":"","theme":null,"type":"removed","absencetext":null,"has_absent":"","absent_info_text":"","removed_info":"Supluje: CRS, Mikoláš Pavel (3.S, ME)"}],"46":[{"lesson":"","group":"","room":"","subject":"Služ","subject_text":"Služení cesta","teacher":null,"teacher_text":"","change_info":"","theme":null,"type":"absent","absencetext":null,"has_absent":"","absent_info_text":"","removed_info":""}],"47":[{"lesson":"","group":"","room":"","subject":"Služ","subject_text":"Služení cesta","teacher":null,"teacher_text":"","change_info":"","theme":null,"type":"absent","absencetext":null,"has_absent":"","absent_info_text":"","removed_info":""}],"48":[{"lesson":"","group":"","room":"","subject":"Služ","subject_text":"Služení cesta","teacher":null,"teacher_text":"","change_info":"","theme":null,"type":"absent","absencetext":null,"has_absent":"","absent_info_text":"","removed_info":""}],"49":[{"lesson":"","group":"","room":"","subject":"Služ","subject_text":"Služení cesta","teacher":null,"teacher_text":"","change_info":"","theme":null,"type":"absent","absencetext":null,"has_absent":"","absent_info_text":"","removed_info":""}],"50":[{"lesson":"","group":"","room":"","subject":"Služ","subject_text":"Služení cesta","teacher":null,"teacher_text":"","change_info":"","theme":null,"type":"absent","absencetext":null,"has_absent":"","absent_info_text":"","removed_info":""}],"51":[{"lesson":"","group":"","room":"","subject":"Služ","subject_text":"Služení cesta","teacher":null,"teacher_text":"","change_info":"","theme":null,"type":"absent","absencetext":null,"has_absent":"","absent_info_text":"","removed_info":""}],"52":[{"lesson":"","group":"","room":"","subject":"Služ","subject_text":"Služení cesta","teacher":null,"teacher_text":"","change_info":"","theme":null,"type":"absent","absencetext":null,"has_absent":"","absent_info_text":"","removed_info":""}],"53":[{"lesson":"","group":"","room":"","subject":"Služ","subject_text":"Služení cesta","teacher":null,"teacher_text":"","change_info":"","theme":null,"type":"absent","absencetext":null,"has_absent":"","absent_info_text":"","removed_info":""}],"54":[{"lesson":"","group":"","room":"","subject":"Služ","subject_text":"Služení cesta","teacher":null,"teacher_text":"","change_info":"","theme":null,"type":"absent","absencetext":null,"has_absent":"","absent_info_text":"","removed_info":""}]}