{"3":[{"lesson":"3","group":"1.S 1","room":"205","subject":"IT","subject_text":"Informační technologie","teacher":"","teacher_text":"","change_info":"","theme":"Python - samostatná práce - podmínky","type":"atom","absencetext":null,"has_absent":"false","absent_info_text":"","removed_info":""}],"4":[{"lesson":"4","group":"1.S 2","room":"206","subject":"IT","subject_text":"Informační technologie","teacher":"","teacher_text":"","change_info":"","theme":"Python - samostatná práce - podmínky","type":"atom","absencetext":null,"has_absent":"false","absent_info_text":"","removed_info":""}],"6":[{"lesson":"6","group":"2.EM celá","room":"210","subject":"MA","subject_text":"Matematika","teacher":"","teacher_text":"","change_info":"","theme":"Goniometrické funkce v pravoúhlém trojúhelníku","type":"atom","absencetext":null,"has_absent":"false","absent_info_text":"","removed_info":""}],"11":[{"lesson":"0","group":"1.S celá","room":"111","subject":"MA","subject_text":"Matematika","teacher":"","teacher_text":"","change_info":"Suplování: MA - přespočetná hod. (ME, Čk)","theme":"Vzorce pro druhou a třetí mocninu dvojčlenu","type":"atom","absencetext":null,"has_absent":"false","absent_info_text":"","removed_info":""}],"12":[{"lesson":"1","group":"1.EM celá","room":"108","subject":"MA","subject_text":"Matematika","teacher":"","teacher_text":"","change_info":"","theme":"Druhá a třetí mocnina dvojčlenu - vzorce","type":"atom","absencetext":null,"has_absent":"false","absent_info_text":"","removed_info":""}],"13":[{"lesson":"2","group":"1.S 2","room":"207","subject":"MA","subject_text":"Matematika","teacher":"","teacher_text":"","change_info":"","theme":"Vytýkání","type":"atom","absencetext":null,"has_absent":"false","absent_info_text":"","removed_info":""}],"14":[{"lesson":"3","group":"1.S 1","room":"207","subject":"MA","subject_text":"Matematika","teacher":"","teacher_text":"","change_info":"","theme":"Vytýkání","type":"atom","absencetext":null,"has_absent":"false","absent_info_text":"","removed_info":""}],"16":[{"lesson":"5","group":"2.EM celá","room":"210","subject":"MA","subject_text":"Matematika","teacher":"","teacher_text":"","change_info":"","theme":"Goniometrické funkce na jednotkové kružnici","type":"atom","absencetext":null,"has_absent":"false","absent_info_text":"","removed_info":""}],"20":[{"lesson":"9","group":"3.ER 2","room":"212","subject":"MA","subject_text":"Matematika","teacher":"","teacher_text":"","change_info":"","theme":"Konstrukce hyperboly a paraboly","type":"atom","absencetext":null,"has_absent":"false","absent_info_text":"","removed_info":""}],"23":[{"lesson":"1","group":"3.ER 1","room":"212","subject":"MA","subject_text":"Matematika","teacher":"","teacher_text":"","change_info":"","theme":"Konstrukce hyperboly a paraboly","type":"atom","absencetext":null,"has_absent":"false","absent_info_text":"","removed_info":""}],"24":[{"lesson":"2","group":"1.EM 2","room":"108","subject":"MA","subject_text":"Matematika","teacher":"","teacher_text":"","change_info":"","theme":"Vytýkání","type":"atom","absencetext":null,"has_absent":"false","absent_info_text":"","removed_info":""}],"25":[{"lesson":"3","group":"1.EM 1","room":"108","subject":"MA","subject_text":"Matematika","teacher":"","teacher_text":"","change_info":"","theme":"Vytýkání","type":"atom","absencetext":null,"has_absent":"false","absent_info_text":"","removed_info":""}],"28":[{"lesson":"6","group":"1.S celá","room":"207","subject":"MA","subject_text":"Matematika","teacher":"","teacher_text":"","change_info":"","theme":"Sčítání a odčítání lomených výrazů","type":"atom","absencetext":null,"has_absent":"false","absent_info_text":"","removed_info":""}],"33":[{"lesson":"0","group":"1.EM celá","room":"108","subject":"MA","subject_text":"Matematika","teacher":"","teacher_text":"","change_info":"","theme":"Sčítání a odčítání lomených výrazů","type":"atom","absencetext":null,"has_absent":"false","absent_info_text":"","removed_info":""}],"35":[{"lesson":"2","group":"2.EM 2","room":"210","subject":"MA","subject_text":"Matematika","teacher":"","teacher_text":"","change_info":"","theme":"Vlastnosti goniometrických funkcí","type":"atom","absencetext":null,"has_absent":"false","absent_info_text":"","removed_info":""}],"36":[{"lesson":"3","group":"2.EM 1","room":"210","subject":"MA","subject_text":"Matematika","teacher":"","teacher_text":"","change_info":"","theme":"Vlastnosti goniometrických funkcí","type":"atom","absencetext":null,"has_absent":"false","absent_info_text":"","removed_info":""}],"37":[{"lesson":"4","group":"1.S celá","room":"111","subject":"MA","subject_text":"Matematika","teacher":"","teacher_text":"","change_info":"Suplování: MA - přespočetná hod. (ME, Čk)","theme":"Sčítání a odčítání lomených výrazů","type":"atom","absencetext":null,"has_absent":"false","absent_info_text":"","removed_info":""}],"38":[{"lesson":"5","group":"3.ER celá","room":"212","subject":"MA","subject_text":"Matematika","teacher":"","teacher_text":"","change_info":"","theme":"Vzájemná poloha přímky a kuželosečky","type":"atom","absencetext":null,"has_absent":"false","absent_info_text":"","removed_info":""}],"39":[{"lesson":"6","group":"1.S celá","room":"207","subject":"MA","subject_text":"Matematika","teacher":"","teacher_text":"","change_info":"","theme":"Sčítání a odčítání lomených výrazů","type":"atom","absencetext":null,"has_absent":"false","absent_info_text":"","removed_info":""}],"45":[{"lesson":"1","group":"3.ER celá","room":"212","subject":"MA","subject_text":"Matematika","teacher":"","teacher_text":"","change_info":"","theme":"Vzájemná poloha přímky a kuželosečky","type":"atom","absencetext":null,"has_absent":"false","absent_info_text":"","removed_info":""}],"46":[{"lesson":"2","group":"1.S celá","room":"207","subject":"MA","subject_text":"Matematika","teacher":"","teacher_text":"","change_info":"","theme":"Násobení lomených výrazů","type":"atom","absencetext":null,"has_absent":"false","absent_info_text":"","removed_info":""}],"47":[{"lesson":"3","group":"1.EM celá","room":"108","subject":"MA","subject_text":"Matematika","teacher":"","teacher_text":"","change_info":"","theme":"Sčítání a odčítání lomených výrazů","type":"atom","absencetext":null,"has_absent":"false","absent_info_text":"","removed_info":""}],"48":[{"lesson":"4","group":"2.EM celá","room":"210","subject":"MA","subject_text":"Matematika","teacher":"","teacher_text":"","change_info":"","theme":"Grafy goniometrických funkcí","type":"atom","absencetext":null,"has_absent":"false","absent_info_text":"","removed_info":""}]}