{"2":[{"lesson":"2","group":"1.EM 1","room":"306","subject":"ELTc","subject_text":"Elektrotechnika - cvičení","teacher":"","teacher_text":"","change_info":"","theme":"Odporový dělič","type":"atom","absencetext":null,"has_absent":"false","absent_info_text":"","removed_info":""}],"3":[{"lesson":"3","group":"1.EM 1","room":"306","subject":"ELTc","subject_text":"Elektrotechnika - cvičení","teacher":"","teacher_text":"","change_info":"","theme":"Odporový dělič zatížený","type":"atom","absencetext":null,"has_absent":"false","absent_info_text":"","removed_info":""}],"4":[{"lesson":"4","group":"1.EM celá","room":"108","subject":"ELT","subject_text":"Elektrotechnika","teacher":"","teacher_text":"","change_info":"","theme":"Nezatížený a zatížený odporový dělič","type":"atom","absencetext":null,"has_absent":"false","absent_info_text":"","removed_info":""}],"5":[{"lesson":"5","group":"3.EE P3","room":"306","subject":"EMc","subject_text":"Elktrické měření-cvičení","teacher":"","teacher_text":"","change_info":"","theme":"Zadání úloh - korekční křivka, můstkové metody","type":"atom","absencetext":null,"has_absent":"false","absent_info_text":"","removed_info":""}],"6":[{"lesson":"6","group":"3.EE P3","room":"306","subject":"EMc","subject_text":"Elktrické měření-cvičení","teacher":"","teacher_text":"","change_info":"","theme":"Zadání úloh - korekční křivka, můstkové metody","type":"atom","absencetext":null,"has_absent":"false","absent_info_text":"","removed_info":""}],"15":[{"lesson":"4","group":"1.EM celá","room":"108","subject":"ELT","subject_text":"Elektrotechnika","teacher":"","teacher_text":"","change_info":"","theme":"Řešení úloh - zatížené děliče","type":"atom","absencetext":null,"has_absent":"false","absent_info_text":"","removed_info":""}],"16":[{"lesson":"5","group":"1.EM celá","room":"108","subject":"ELT","subject_text":"Elektrotechnika","teacher":"","teacher_text":"","change_info":"","theme":"Elektrická práce a výkon","type":"atom","absencetext":null,"has_absent":"false","absent_info_text":"","removed_info":""}],"19":[{"lesson":"8","group":"2.ER 2","room":"306","subject":"CTc","subject_text":"Číslicová technika cvičení","teacher":"","teacher_text":"","change_info":"","theme":"Zapojování dekodéru","type":"atom","absencetext":null,"has_absent":"false","absent_info_text":"","removed_info":""}],"20":[{"lesson":"9","group":"2.ER 2","room":"306","subject":"CTc","subject_text":"Číslicová technika cvičení","teacher":"","teacher_text":"","change_info":"","theme":"Kontrola činnosti dekodéru","type":"atom","absencetext":null,"has_absent":"false","absent_info_text":"","removed_info":""}],"25":[{"lesson":"3","group":"4.EB P3","room":"306","subject":"EMc","subject_text":"Elktrické měření-cvičení","teacher":"","teacher_text":"","change_info":"","theme":"Měření úloh - dekodér, čítače, H-parametry","type":"atom","absencetext":null,"has_absent":"false","absent_info_text":"","removed_info":""}],"26":[{"lesson":"4","group":"4.EB P3","room":"306","subject":"EMc","subject_text":"Elktrické měření-cvičení","teacher":"","teacher_text":"","change_info":"","theme":"Měření úloh - dekodér, čítače, H-parametry","type":"atom","absencetext":null,"has_absent":"false","absent_info_text":"","removed_info":""}],"27":[{"lesson":"5","group":"4.EB P3","room":"306","subject":"EMc","subject_text":"Elktrické měření-cvičení","teacher":"","teacher_text":"","change_info":"","theme":"Měření úloh - dekodér, čítače, H-parametry","type":"atom","absencetext":null,"has_absent":"false","absent_info_text":"","removed_info":""}],"28":[{"lesson":"6","group":"2.S 1","room":"303","subject":"IT","subject_text":"Informační technologie","teacher":"","teacher_text":"","change_info":"","theme":"Řešení úloh a klasifikace","type":"atom","absencetext":null,"has_absent":"false","absent_info_text":"","removed_info":""}],"29":[{"lesson":"7","group":"2.S 1","room":"303","subject":"IT","subject_text":"Informační technologie","teacher":"","teacher_text":"","change_info":"","theme":"Řešení úloh a klasifikace","type":"atom","absencetext":null,"has_absent":"false","absent_info_text":"","removed_info":""}],"33":[{"lesson":"0","group":"4.EA P3","room":"306","subject":"EMc","subject_text":"Elktrické měření-cvičení","teacher":"","teacher_text":"","change_info":"","theme":"Měření úloh - dekodér, čítače, H-parametry","type":"atom","absencetext":null,"has_absent":"false","absent_info_text":"","removed_info":""}],"34":[{"lesson":"1","group":"4.EA P3","room":"306","subject":"EMc","subject_text":"Elktrické měření-cvičení","teacher":"","teacher_text":"","change_info":"","theme":"Měření úloh - dekodér, čítače, H-parametry","type":"atom","absencetext":null,"has_absent":"false","absent_info_text":"","removed_info":""}],"35":[{"lesson":"2","group":"4.EA P3","room":"306","subject":"EMc","subject_text":"Elktrické měření-cvičení","teacher":"","teacher_text":"","change_info":"","theme":"Měření úloh - dekodér, čítače, H-parametry","type":"atom","absencetext":null,"has_absent":"false","absent_info_text":"","removed_info":""}],"41":[{"lesson":"8","group":"3.ER P3","room":"306","subject":"EMc","subject_text":"Elktrické měření-cvičení","teacher":"","teacher_text":"","change_info":"","theme":"Zadání úloh- systémové chyby. můstky,VA charakteristiky,","type":"atom","absencetext":null,"has_absent":"false","absent_info_text":"","removed_info":""}],"42":[{"lesson":"9","group":"3.ER P3","room":"306","subject":"EMc","subject_text":"Elktrické měření-cvičení","teacher":"","teacher_text":"","change_info":"","theme":"Zadání úloh- systémové chyby. můstky,VA charakteristiky,","type":"atom","absencetext":null,"has_absent":"false","absent_info_text":"","removed_info":""}],"47":[{"lesson":"3","group":"2.EE celá","room":"313","subject":"DT","subject_text":"Digitální technika","teacher":"","teacher_text":"","change_info":"","theme":"Multiplexory, demultiplexery","type":"atom","absencetext":null,"has_absent":"false","absent_info_text":"","removed_info":""}],"49":[{"lesson":"5","group":"2.EM 2","room":"306","subject":"ELTc","subject_text":"Elektrotechnika - cvičení","teacher":"","teacher_text":"","change_info":"","theme":"Řezonanční obvody - základní vlastnosti","type":"atom","absencetext":null,"has_absent":"false","absent_info_text":"","removed_info":""}],"50":[{"lesson":"6","group":"2.EM 2","room":"306","subject":"ELTc","subject_text":"Elektrotechnika - cvičení","teacher":"","teacher_text":"","change_info":"","theme":"Řešení úloh","type":"atom","absencetext":null,"has_absent":"false","absent_info_text":"","removed_info":""}]}