{"2":[{"lesson":"2","group":"1.EM 1","room":"306","subject":"ELTc","subject_text":"Elektrotechnika - cvičení","teacher":"","teacher_text":"","change_info":"","theme":"Závislost odporu na teplotě - řešení úloh","type":"atom","absencetext":null,"has_absent":"false","absent_info_text":"","removed_info":""}],"3":[{"lesson":"3","group":"1.EM 1","room":"306","subject":"ELTc","subject_text":"Elektrotechnika - cvičení","teacher":"","teacher_text":"","change_info":"","theme":"Řešení úloh","type":"atom","absencetext":null,"has_absent":"false","absent_info_text":"","removed_info":""}],"4":[{"lesson":"4","group":"1.EM celá","room":"108","subject":"ELT","subject_text":"Elektrotechnika","teacher":"","teacher_text":"","change_info":"","theme":"Rezistory","type":"atom","absencetext":null,"has_absent":"false","absent_info_text":"","removed_info":""}],"5":[{"lesson":"5","group":"3.EE P2","room":"306","subject":"EMc","subject_text":"Elktrické měření-cvičení","teacher":"","teacher_text":"","change_info":"","theme":"Zadání úloh - Wienův článek, horní a dolní propust","type":"atom","absencetext":null,"has_absent":"false","absent_info_text":"","removed_info":""}],"6":[{"lesson":"6","group":"3.EE P2","room":"306","subject":"EMc","subject_text":"Elktrické měření-cvičení","teacher":"","teacher_text":"","change_info":"","theme":"Zadání úloh - Wienův článek, horní a dolní propust","type":"atom","absencetext":null,"has_absent":"false","absent_info_text":"","removed_info":""}],"11":[{"lesson":"0","group":"2.EE 2","room":"306","subject":"DTc","subject_text":"Digitální technika - cvičení","teacher":"","teacher_text":"","change_info":"","theme":"Seznámení s osciloskopem, princip činnosti","type":"atom","absencetext":null,"has_absent":"false","absent_info_text":"","removed_info":""}],"12":[{"lesson":"1","group":"2.EE 2","room":"306","subject":"DTc","subject_text":"Digitální technika - cvičení","teacher":"","teacher_text":"","change_info":"","theme":"Práce s osciloskopem","type":"atom","absencetext":null,"has_absent":"false","absent_info_text":"","removed_info":""}],"15":[{"lesson":"4","group":"1.EM celá","room":"108","subject":"ELT","subject_text":"Elektrotechnika","teacher":"","teacher_text":"","change_info":"","theme":"Prověrka","type":"atom","absencetext":null,"has_absent":"false","absent_info_text":"","removed_info":""}],"16":[{"lesson":"5","group":"1.EM celá","room":"108","subject":"ELT","subject_text":"Elektrotechnika","teacher":"","teacher_text":"","change_info":"","theme":"Oprava prověrky, řešení úloh","type":"atom","absencetext":null,"has_absent":"false","absent_info_text":"","removed_info":""}],"28":[{"lesson":"6","group":"2.S 1","room":"303","subject":"IT","subject_text":"Informační technologie","teacher":"","teacher_text":"","change_info":"","theme":"Import dat","type":"atom","absencetext":null,"has_absent":"false","absent_info_text":"","removed_info":""}],"29":[{"lesson":"7","group":"2.S 1","room":"303","subject":"IT","subject_text":"Informační technologie","teacher":"","teacher_text":"","change_info":"","theme":"Výstupy","type":"atom","absencetext":null,"has_absent":"false","absent_info_text":"","removed_info":""}],"33":[{"lesson":"0","group":"4.EA P3","room":"306","subject":"EMc","subject_text":"Elktrické měření-cvičení","teacher":"","teacher_text":"","change_info":"","theme":"Měření H-parametrů","type":"atom","absencetext":null,"has_absent":"false","absent_info_text":"","removed_info":""}],"34":[{"lesson":"1","group":"4.EA P3","room":"306","subject":"EMc","subject_text":"Elktrické měření-cvičení","teacher":"","teacher_text":"","change_info":"","theme":"Rozbor úlohy","type":"atom","absencetext":null,"has_absent":"false","absent_info_text":"","removed_info":""}],"35":[{"lesson":"2","group":"4.EA P3","room":"306","subject":"EMc","subject_text":"Elktrické měření-cvičení","teacher":"","teacher_text":"","change_info":"","theme":"Opakování polovodičů, příprava tabulek, grafů","type":"atom","absencetext":null,"has_absent":"false","absent_info_text":"","removed_info":""}],"41":[{"lesson":"8","group":"3.ER P2","room":"306","subject":"EMc","subject_text":"Elktrické měření-cvičení","teacher":"","teacher_text":"","change_info":"","theme":"Přechodové jevy","type":"atom","absencetext":null,"has_absent":"false","absent_info_text":"","removed_info":""}],"42":[{"lesson":"9","group":"3.ER P2","room":"306","subject":"EMc","subject_text":"Elktrické měření-cvičení","teacher":"","teacher_text":"","change_info":"","theme":"Přenosové charakteristiky","type":"atom","absencetext":null,"has_absent":"false","absent_info_text":"","removed_info":""}],"47":[{"lesson":"3","group":"2.EE celá","room":"313","subject":"DT","subject_text":"Digitální technika","teacher":"","teacher_text":"","change_info":"","theme":"Minimalizace log. funkcí,karnaughovy mapy - úvod","type":"atom","absencetext":null,"has_absent":"false","absent_info_text":"","removed_info":""}],"49":[{"lesson":"5","group":"2.EM 2","room":"306","subject":"ELTc","subject_text":"Elektrotechnika - cvičení","teacher":"","teacher_text":"","change_info":"","theme":"","type":"atom","absencetext":null,"has_absent":"false","absent_info_text":"","removed_info":""}],"50":[{"lesson":"6","group":"2.EM 2","room":"306","subject":"ELTc","subject_text":"Elektrotechnika - cvičení","teacher":"","teacher_text":"","change_info":"","theme":"","type":"atom","absencetext":null,"has_absent":"false","absent_info_text":"","removed_info":""}]}