{"0":[{"lesson":"0","group":"3.S PD4","room":"D7","subject":"PRA","subject_text":"Praxe","teacher":"Mi","teacher_text":"Mi","change_info":"","theme":"","type":"atom","absencetext":null,"has_absent":"false","absent_info_text":"","removed_info":""}],"1":[{"lesson":"1","group":"3.S PD4","room":"D7","subject":"PRA","subject_text":"Praxe","teacher":"Mi","teacher_text":"Mi","change_info":"","theme":"","type":"atom","absencetext":null,"has_absent":"false","absent_info_text":"","removed_info":""}],"2":[{"lesson":"2","group":"3.S PD4","room":"D7","subject":"PRA","subject_text":"Praxe","teacher":"Mi","teacher_text":"Mi","change_info":"","theme":"","type":"atom","absencetext":null,"has_absent":"false","absent_info_text":"","removed_info":""}]}