{"48":[{"lesson":"4","group":"1.EM PD2","room":"D6","subject":"PRA","subject_text":"Praxe","teacher":"La","teacher_text":"La","change_info":"","theme":"","type":"atom","absencetext":null,"has_absent":"false","absent_info_text":"","removed_info":""}],"49":[{"lesson":"5","group":"1.EM PD2","room":"D6","subject":"PRA","subject_text":"Praxe","teacher":"La","teacher_text":"La","change_info":"","theme":"","type":"atom","absencetext":null,"has_absent":"false","absent_info_text":"","removed_info":""}],"50":[{"lesson":"6","group":"1.EM PD2","room":"D6","subject":"PRA","subject_text":"Praxe","teacher":"La","teacher_text":"La","change_info":"","theme":"","type":"atom","absencetext":null,"has_absent":"false","absent_info_text":"","removed_info":""}]}