{"0":[{"lesson":"0","group":"2.ER P2","room":"D25","subject":"PRA","subject_text":"Praxe","teacher":"","teacher_text":"","change_info":"","theme":"Třífázový rozvaděč zapojení TNS","type":"atom","absencetext":null,"has_absent":"false","absent_info_text":"","removed_info":""}],"1":[{"lesson":"1","group":"2.ER P2","room":"D25","subject":"PRA","subject_text":"Praxe","teacher":"","teacher_text":"","change_info":"","theme":"Třífázový rozvaděč zapojení TNS","type":"atom","absencetext":null,"has_absent":"false","absent_info_text":"","removed_info":""}],"2":[{"lesson":"2","group":"2.ER P2","room":"D25","subject":"PRA","subject_text":"Praxe","teacher":"","teacher_text":"","change_info":"","theme":"Třífázový rozvaděč zapojení TNS","type":"atom","absencetext":null,"has_absent":"false","absent_info_text":"","removed_info":""}],"14":[{"lesson":"3","group":"1.ER PD4","room":"D25","subject":"PRA","subject_text":"Praxe","teacher":"","teacher_text":"","change_info":"","theme":"BZOP,první pomoc požární ochrana","type":"atom","absencetext":null,"has_absent":"false","absent_info_text":"","removed_info":""}],"15":[{"lesson":"4","group":"1.ER PD4","room":"D25","subject":"PRA","subject_text":"Praxe","teacher":"","teacher_text":"","change_info":"","theme":"Púsobení a účinky el.proudu a organismus","type":"atom","absencetext":null,"has_absent":"false","absent_info_text":"","removed_info":""}],"16":[{"lesson":"5","group":"1.ER PD4","room":"D25","subject":"PRA","subject_text":"Praxe","teacher":"","teacher_text":"","change_info":"","theme":"Proudové soustavy rozdělení","type":"atom","absencetext":null,"has_absent":"false","absent_info_text":"","removed_info":""}],"18":[{"lesson":"7","group":"4.EB 1","room":"215","subject":"ESc","subject_text":"Elektrické stroje a přístroje cvičení","teacher":"","teacher_text":"","change_info":"","theme":"Měření proudové charakteristiky hvězda trojúhelník","type":"atom","absencetext":null,"has_absent":"false","absent_info_text":"","removed_info":""}],"19":[{"lesson":"8","group":"4.EB 1","room":"215","subject":"ESc","subject_text":"Elektrické stroje a přístroje cvičení","teacher":"","teacher_text":"","change_info":"","theme":"Měření proudové charakteristiky hvězda trojúhelník","type":"atom","absencetext":null,"has_absent":"false","absent_info_text":"","removed_info":""}],"22":[{"lesson":"0","group":"2.EE P2","room":"D25","subject":"PRA","subject_text":"Praxe","teacher":"","teacher_text":"","change_info":"","theme":"3f. elektroměrový rozvaděč zapojení HDO","type":"atom","absencetext":null,"has_absent":"false","absent_info_text":"","removed_info":""}],"23":[{"lesson":"1","group":"2.EE P2","room":"D25","subject":"PRA","subject_text":"Praxe","teacher":"","teacher_text":"","change_info":"","theme":"3f. elektroměrový rozvaděč zapojení HDO zkouška měření","type":"atom","absencetext":null,"has_absent":"false","absent_info_text":"","removed_info":""}],"24":[{"lesson":"2","group":"2.EE P2","room":"D25","subject":"PRA","subject_text":"Praxe","teacher":"","teacher_text":"","change_info":"","theme":"3f. elektroměrový rozvaděč zapojení HDO zkouška měření","type":"atom","absencetext":null,"has_absent":"false","absent_info_text":"","removed_info":""}],"25":[{"lesson":"3","group":"1.S PD2","room":"D25","subject":"PRA","subject_text":"Praxe","teacher":"","teacher_text":"","change_info":"","theme":"Krytí el.přístrojů","type":"atom","absencetext":null,"has_absent":"false","absent_info_text":"","removed_info":""}],"26":[{"lesson":"4","group":"1.S PD2","room":"D25","subject":"PRA","subject_text":"Praxe","teacher":"","teacher_text":"","change_info":"","theme":"Třídy ochran el.předmětů","type":"atom","absencetext":null,"has_absent":"false","absent_info_text":"","removed_info":""}],"27":[{"lesson":"5","group":"1.S PD2","room":"D25","subject":"PRA","subject_text":"Praxe","teacher":"","teacher_text":"","change_info":"","theme":"Rozdělení sítí","type":"atom","absencetext":null,"has_absent":"false","absent_info_text":"","removed_info":""}],"34":[{"lesson":"1","group":"3.EM P2","room":"D25","subject":"PRA","subject_text":"Praxe","teacher":"","teacher_text":"","change_info":"","theme":"Zapojení a měření pr.charakteristiky hvězda- trojúhelník","type":"atom","absencetext":null,"has_absent":"false","absent_info_text":"","removed_info":""}],"35":[{"lesson":"2","group":"3.EM P2","room":"D25","subject":"PRA","subject_text":"Praxe","teacher":"","teacher_text":"","change_info":"","theme":"Zapojení a měření pr.charakteristiky hvězda- trojúhelník","type":"atom","absencetext":null,"has_absent":"false","absent_info_text":"","removed_info":""}],"36":[{"lesson":"3","group":"3.EM P2","room":"D25","subject":"PRA","subject_text":"Praxe","teacher":"","teacher_text":"","change_info":"","theme":"Zapojení a měření pr.charakteristiky hvězda- trojúhelník","type":"atom","absencetext":null,"has_absent":"false","absent_info_text":"","removed_info":""}],"37":[{"lesson":"4","group":"1.EE PD4","room":"D25","subject":"PRA","subject_text":"Praxe","teacher":"","teacher_text":"","change_info":"","theme":"BZOP požární ochrana první pomoc","type":"atom","absencetext":null,"has_absent":"false","absent_info_text":"","removed_info":""}],"38":[{"lesson":"5","group":"1.EE PD4","room":"D25","subject":"PRA","subject_text":"Praxe","teacher":"","teacher_text":"","change_info":"","theme":"Účinky el. proudu na organismus","type":"atom","absencetext":null,"has_absent":"false","absent_info_text":"","removed_info":""}],"39":[{"lesson":"6","group":"1.EE PD4","room":"D25","subject":"PRA","subject_text":"Praxe","teacher":"","teacher_text":"","change_info":"","theme":"Rozdělení el.zařízení","type":"atom","absencetext":null,"has_absent":"false","absent_info_text":"","removed_info":""}],"44":[{"lesson":"0","group":"3.EE P2","room":"D25","subject":"PRA","subject_text":"Praxe","teacher":"","teacher_text":"","change_info":"","theme":"Rentabilita ,plánování,dotační prostředky.","type":"atom","absencetext":null,"has_absent":"false","absent_info_text":"","removed_info":""}],"45":[{"lesson":"1","group":"3.EE P2","room":"D25","subject":"PRA","subject_text":"Praxe","teacher":"","teacher_text":"","change_info":"","theme":"Rentabilita ,plánování,dotační prostředky.","type":"atom","absencetext":null,"has_absent":"false","absent_info_text":"","removed_info":""}],"46":[{"lesson":"2","group":"3.EE P2","room":"D25","subject":"PRA","subject_text":"Praxe","teacher":"","teacher_text":"","change_info":"","theme":"Rentabilita ,plánování,dotační prostředky.","type":"atom","absencetext":null,"has_absent":"false","absent_info_text":"","removed_info":""}],"48":[{"lesson":"4","group":"1.EM PD2","room":"D25","subject":"PRA","subject_text":"Praxe","teacher":"","teacher_text":"","change_info":"","theme":"Sítě -rozdělení","type":"atom","absencetext":null,"has_absent":"false","absent_info_text":"","removed_info":""}],"49":[{"lesson":"5","group":"1.EM PD2","room":"D25","subject":"PRA","subject_text":"Praxe","teacher":"","teacher_text":"","change_info":"","theme":"Ochrany a druhy","type":"atom","absencetext":null,"has_absent":"false","absent_info_text":"","removed_info":""}],"50":[{"lesson":"6","group":"1.EM PD2","room":"D25","subject":"PRA","subject_text":"Praxe","teacher":"","teacher_text":"","change_info":"","theme":"Pojistky druhy, funkce","type":"atom","absencetext":null,"has_absent":"false","absent_info_text":"","removed_info":""}]}