{"0":[{"lesson":"0","group":"2.ER P3","room":"D25","subject":"PRA","subject_text":"Praxe","teacher":"","teacher_text":"","change_info":"","theme":"","type":"atom","absencetext":null,"has_absent":"false","absent_info_text":"","removed_info":""}],"1":[{"lesson":"1","group":"2.ER P3","room":"D25","subject":"PRA","subject_text":"Praxe","teacher":"","teacher_text":"","change_info":"","theme":"","type":"atom","absencetext":null,"has_absent":"false","absent_info_text":"","removed_info":""}],"2":[{"lesson":"2","group":"2.ER P3","room":"D25","subject":"PRA","subject_text":"Praxe","teacher":"","teacher_text":"","change_info":"","theme":"","type":"atom","absencetext":null,"has_absent":"false","absent_info_text":"","removed_info":""}],"14":[{"lesson":"3","group":"1.ER PD4","room":"D25","subject":"PRA","subject_text":"Praxe","teacher":"","teacher_text":"","change_info":"","theme":"","type":"atom","absencetext":null,"has_absent":"false","absent_info_text":"","removed_info":""}],"15":[{"lesson":"4","group":"1.ER PD4","room":"D25","subject":"PRA","subject_text":"Praxe","teacher":"","teacher_text":"","change_info":"","theme":"","type":"atom","absencetext":null,"has_absent":"false","absent_info_text":"","removed_info":""}],"16":[{"lesson":"5","group":"1.ER PD4","room":"D25","subject":"PRA","subject_text":"Praxe","teacher":"","teacher_text":"","change_info":"","theme":"","type":"atom","absencetext":null,"has_absent":"false","absent_info_text":"","removed_info":""}],"18":[{"lesson":"7","group":"4.EB 1","room":"215","subject":"L: ESc","subject_text":"Elektrické stroje a přístroje cvičení","teacher":"","teacher_text":"","change_info":"","theme":"","type":"atom","absencetext":null,"has_absent":"false","absent_info_text":"","removed_info":""},{"lesson":"7","group":"4.EB 2","room":"215","subject":"S: ESc","subject_text":"Elektrické stroje a přístroje cvičení","teacher":"","teacher_text":"","change_info":"","theme":"","type":"atom","absencetext":null,"has_absent":"false","absent_info_text":"","removed_info":""}],"19":[{"lesson":"8","group":"4.EB 1","room":"215","subject":"L: ESc","subject_text":"Elektrické stroje a přístroje cvičení","teacher":"","teacher_text":"","change_info":"","theme":"","type":"atom","absencetext":null,"has_absent":"false","absent_info_text":"","removed_info":""},{"lesson":"8","group":"4.EB 2","room":"215","subject":"S: ESc","subject_text":"Elektrické stroje a přístroje cvičení","teacher":"","teacher_text":"","change_info":"","theme":"","type":"atom","absencetext":null,"has_absent":"false","absent_info_text":"","removed_info":""}],"22":[{"lesson":"0","group":"2.EE P3","room":"D25","subject":"PRA","subject_text":"Praxe","teacher":"","teacher_text":"","change_info":"","theme":"","type":"atom","absencetext":null,"has_absent":"false","absent_info_text":"","removed_info":""}],"23":[{"lesson":"1","group":"2.EE P3","room":"D25","subject":"PRA","subject_text":"Praxe","teacher":"","teacher_text":"","change_info":"","theme":"","type":"atom","absencetext":null,"has_absent":"false","absent_info_text":"","removed_info":""}],"24":[{"lesson":"2","group":"2.EE P3","room":"D25","subject":"PRA","subject_text":"Praxe","teacher":"","teacher_text":"","change_info":"","theme":"","type":"atom","absencetext":null,"has_absent":"false","absent_info_text":"","removed_info":""}],"25":[{"lesson":"3","group":"1.S PD2","room":"D25","subject":"PRA","subject_text":"Praxe","teacher":"","teacher_text":"","change_info":"","theme":"","type":"atom","absencetext":null,"has_absent":"false","absent_info_text":"","removed_info":""}],"26":[{"lesson":"4","group":"1.S PD2","room":"D25","subject":"PRA","subject_text":"Praxe","teacher":"","teacher_text":"","change_info":"","theme":"","type":"atom","absencetext":null,"has_absent":"false","absent_info_text":"","removed_info":""}],"27":[{"lesson":"5","group":"1.S PD2","room":"D25","subject":"PRA","subject_text":"Praxe","teacher":"","teacher_text":"","change_info":"","theme":"","type":"atom","absencetext":null,"has_absent":"false","absent_info_text":"","removed_info":""}],"34":[{"lesson":"1","group":"3.EM P3","room":"D25","subject":"PRA","subject_text":"Praxe","teacher":"","teacher_text":"","change_info":"","theme":"","type":"atom","absencetext":null,"has_absent":"false","absent_info_text":"","removed_info":""}],"35":[{"lesson":"2","group":"3.EM P3","room":"D25","subject":"PRA","subject_text":"Praxe","teacher":"","teacher_text":"","change_info":"","theme":"","type":"atom","absencetext":null,"has_absent":"false","absent_info_text":"","removed_info":""}],"36":[{"lesson":"3","group":"3.EM P3","room":"D25","subject":"PRA","subject_text":"Praxe","teacher":"","teacher_text":"","change_info":"","theme":"","type":"atom","absencetext":null,"has_absent":"false","absent_info_text":"","removed_info":""}],"37":[{"lesson":"4","group":"1.EE PD4","room":"D25","subject":"PRA","subject_text":"Praxe","teacher":"","teacher_text":"","change_info":"","theme":"","type":"atom","absencetext":null,"has_absent":"false","absent_info_text":"","removed_info":""}],"38":[{"lesson":"5","group":"1.EE PD4","room":"D25","subject":"PRA","subject_text":"Praxe","teacher":"","teacher_text":"","change_info":"","theme":"","type":"atom","absencetext":null,"has_absent":"false","absent_info_text":"","removed_info":""}],"39":[{"lesson":"6","group":"1.EE PD4","room":"D25","subject":"PRA","subject_text":"Praxe","teacher":"","teacher_text":"","change_info":"","theme":"","type":"atom","absencetext":null,"has_absent":"false","absent_info_text":"","removed_info":""}],"44":[{"lesson":"0","group":"3.EE P3","room":"D25","subject":"PRA","subject_text":"Praxe","teacher":"","teacher_text":"","change_info":"","theme":"","type":"atom","absencetext":null,"has_absent":"false","absent_info_text":"","removed_info":""}],"45":[{"lesson":"1","group":"3.EE P3","room":"D25","subject":"PRA","subject_text":"Praxe","teacher":"","teacher_text":"","change_info":"","theme":"","type":"atom","absencetext":null,"has_absent":"false","absent_info_text":"","removed_info":""}],"46":[{"lesson":"2","group":"3.EE P3","room":"D25","subject":"PRA","subject_text":"Praxe","teacher":"","teacher_text":"","change_info":"","theme":"","type":"atom","absencetext":null,"has_absent":"false","absent_info_text":"","removed_info":""}],"48":[{"lesson":"4","group":"1.EM PD2","room":"D25","subject":"PRA","subject_text":"Praxe","teacher":"","teacher_text":"","change_info":"","theme":"","type":"atom","absencetext":null,"has_absent":"false","absent_info_text":"","removed_info":""}],"49":[{"lesson":"5","group":"1.EM PD2","room":"D25","subject":"PRA","subject_text":"Praxe","teacher":"","teacher_text":"","change_info":"","theme":"","type":"atom","absencetext":null,"has_absent":"false","absent_info_text":"","removed_info":""}],"50":[{"lesson":"6","group":"1.EM PD2","room":"D25","subject":"PRA","subject_text":"Praxe","teacher":"","teacher_text":"","change_info":"","theme":"","type":"atom","absencetext":null,"has_absent":"false","absent_info_text":"","removed_info":""}]}