{"11":[{"lesson":"0","group":"1.EE celá","room":"308","subject":"ZK","subject_text":"Základy ekologie","teacher":"","teacher_text":"","change_info":"","theme":"Opakování test","type":"atom","absencetext":null,"has_absent":"false","absent_info_text":"","removed_info":""}],"14":[{"lesson":"3","group":"1.EM celá","room":"108","subject":"DJ","subject_text":"Dějepis","teacher":"","teacher_text":"","change_info":"","theme":"Zimní válka; napadení Dánska a Norska; napadení Beneluxu a Francie","type":"atom","absencetext":null,"has_absent":"false","absent_info_text":"","removed_info":""}],"15":[{"lesson":"4","group":"1.S celá","room":"207","subject":"ZK","subject_text":"Základy ekologie","teacher":"","teacher_text":"","change_info":"","theme":"Opakování test","type":"atom","absencetext":null,"has_absent":"false","absent_info_text":"","removed_info":""}],"23":[{"lesson":"1","group":"1.S celá","room":"207","subject":"DJ","subject_text":"Dějepis","teacher":"","teacher_text":"","change_info":"","theme":"Napadení Francie, bitva o Británii, válka v Africe","type":"atom","absencetext":null,"has_absent":"false","absent_info_text":"","removed_info":""}],"28":[{"lesson":"","group":"","room":"","subject":"","subject_text":"","teacher":null,"teacher_text":"","change_info":"","theme":null,"type":"removed","absencetext":null,"has_absent":"","absent_info_text":"","removed_info":"Výměna na 16.12., 1. hod (1.EM+, DJ)"}],"34":[{"lesson":"1","group":"1.ER celá","room":"302","subject":"ZK","subject_text":"Základy ekologie","teacher":"","teacher_text":"","change_info":"","theme":"opakování test","type":"atom","absencetext":null,"has_absent":"false","absent_info_text":"","removed_info":""}],"35":[{"lesson":"2","group":"1.S celá","room":"207","subject":"DJ","subject_text":"Dějepis","teacher":"","teacher_text":"","change_info":"","theme":"Napadení SSSR","type":"atom","absencetext":null,"has_absent":"false","absent_info_text":"","removed_info":""}],"44":[{"lesson":"0","group":"1.EM celá","room":"108","subject":"ZK","subject_text":"Základy ekologie","teacher":"","teacher_text":"","change_info":"","theme":"opakování test","type":"atom","absencetext":null,"has_absent":"false","absent_info_text":"","removed_info":""}]}