{"5":[{"lesson":"5","group":"3.EE P3","room":"317","subject":"EMc","subject_text":"Elktrické měření-cvičení","teacher":"Su","teacher_text":"Su","change_info":"","theme":"Osciloskopická měření","type":"atom","absencetext":null,"has_absent":"false","absent_info_text":"","removed_info":""}],"6":[{"lesson":"6","group":"3.EE P3","room":"317","subject":"EMc","subject_text":"Elktrické měření-cvičení","teacher":"Su","teacher_text":"Su","change_info":"","theme":"Osciloskopická měření","type":"atom","absencetext":null,"has_absent":"false","absent_info_text":"","removed_info":""}],"33":[{"lesson":"0","group":"4.EA P2","room":"317","subject":"EMc","subject_text":"Elktrické měření-cvičení","teacher":"Kn","teacher_text":"Kn","change_info":"","theme":"BOZ, PO, laboratorní řád, zásady první pomoci.","type":"atom","absencetext":null,"has_absent":"false","absent_info_text":"","removed_info":""}],"34":[{"lesson":"1","group":"4.EA P2","room":"317","subject":"EMc","subject_text":"Elktrické měření-cvičení","teacher":"Kn","teacher_text":"Kn","change_info":"","theme":"Síť TN-C, TN-S, TN-C-S, vodiče a kabely, jističe, chrániče.","type":"atom","absencetext":null,"has_absent":"false","absent_info_text":"","removed_info":""}],"35":[{"lesson":"2","group":"4.EA P2","room":"317","subject":"EMc","subject_text":"Elktrické měření-cvičení","teacher":"Kn","teacher_text":"Kn","change_info":"","theme":"Stykače, relé, druhy spínačů a přepínačů.","type":"atom","absencetext":null,"has_absent":"false","absent_info_text":"","removed_info":""}],"39":[{"lesson":"6","group":"4.EA 2","room":"317","subject":"ENc","subject_text":"ElektroZař","teacher":"Su","teacher_text":"Su","change_info":"","theme":"Přechodové jevy","type":"atom","absencetext":null,"has_absent":"false","absent_info_text":"","removed_info":""}],"40":[{"lesson":"7","group":"4.EA 2","room":"317","subject":"ENc","subject_text":"ElektroZař","teacher":"Su","teacher_text":"Su","change_info":"","theme":"Přechodové jevy","type":"atom","absencetext":null,"has_absent":"false","absent_info_text":"","removed_info":""}],"41":[{"lesson":"8","group":"3.ER P3","room":"317","subject":"EMc","subject_text":"Elktrické měření-cvičení","teacher":"Su","teacher_text":"Su","change_info":"","theme":"Měření hysterezní smyčky, křivka prvotní magnetizace","type":"atom","absencetext":null,"has_absent":"false","absent_info_text":"","removed_info":""}],"42":[{"lesson":"9","group":"3.ER P3","room":"317","subject":"EMc","subject_text":"Elktrické měření-cvičení","teacher":"Su","teacher_text":"Su","change_info":"","theme":"Měření hysterezní smyčky, křivka prvotní magnetizace","type":"atom","absencetext":null,"has_absent":"false","absent_info_text":"","removed_info":""}]}