{"0":[{"lesson":"0","group":"4.SA 2","room":"D21","subject":"AUc","subject_text":"Automatizace cvičení","teacher":"","teacher_text":"","change_info":"","theme":"Digitální technika následné zdvihy","type":"atom","absencetext":null,"has_absent":"false","absent_info_text":"","removed_info":""}],"1":[{"lesson":"1","group":"4.SA 2","room":"D21","subject":"AUc","subject_text":"Automatizace cvičení","teacher":"","teacher_text":"","change_info":"","theme":"Digitální technika následné zdvihy","type":"atom","absencetext":null,"has_absent":"false","absent_info_text":"","removed_info":""}],"2":[{"lesson":"2","group":"2.EM celá","room":"210","subject":"FY","subject_text":"Fyzika","teacher":"","teacher_text":"","change_info":"","theme":"Opakování optika","type":"atom","absencetext":null,"has_absent":"false","absent_info_text":"","removed_info":""}],"4":[{"lesson":"4","group":"2.EE celá","room":"313","subject":"FY","subject_text":"Fyzika","teacher":"","teacher_text":"","change_info":"","theme":"Opakování optika","type":"atom","absencetext":null,"has_absent":"false","absent_info_text":"","removed_info":""}],"13":[{"lesson":"2","group":"2.EM 1","room":"205","subject":"IT","subject_text":"Informační technologie","teacher":"","teacher_text":"","change_info":"","theme":"Aktivní prvky sítě","type":"atom","absencetext":null,"has_absent":"false","absent_info_text":"","removed_info":""}],"14":[{"lesson":"3","group":"2.EM 1","room":"205","subject":"IT","subject_text":"Informační technologie","teacher":"","teacher_text":"","change_info":"","theme":"Aktivní prvky sítě","type":"atom","absencetext":null,"has_absent":"false","absent_info_text":"","removed_info":""}],"15":[{"lesson":"4","group":"4.SB 2","room":"D8","subject":"AUc","subject_text":"Automatizace cvičení","teacher":"","teacher_text":"","change_info":"","theme":"Následné zdvihy - DT","type":"atom","absencetext":null,"has_absent":"false","absent_info_text":"","removed_info":""}],"16":[{"lesson":"5","group":"4.SB 2","room":"D8","subject":"AUc","subject_text":"Automatizace cvičení","teacher":"","teacher_text":"","change_info":"","theme":"Následné zdvihy - DT","type":"atom","absencetext":null,"has_absent":"false","absent_info_text":"","removed_info":""}],"18":[{"lesson":"7","group":"1.EE 2","room":"303","subject":"IT","subject_text":"Informační technologie","teacher":"","teacher_text":"","change_info":"","theme":"Cyklus for","type":"atom","absencetext":null,"has_absent":"false","absent_info_text":"","removed_info":""}],"19":[{"lesson":"8","group":"1.EE 2","room":"303","subject":"IT","subject_text":"Informační technologie","teacher":"","teacher_text":"","change_info":"","theme":"Ošetření vstupu","type":"atom","absencetext":null,"has_absent":"false","absent_info_text":"","removed_info":""}],"26":[{"lesson":"4","group":"1.EM 1","room":"205","subject":"IT","subject_text":"Informační technologie","teacher":"","teacher_text":"","change_info":"","theme":"","type":"atom","absencetext":null,"has_absent":"false","absent_info_text":"","removed_info":""}],"27":[{"lesson":"5","group":"1.EM 2","room":"206","subject":"IT","subject_text":"Informační technologie","teacher":"","teacher_text":"","change_info":"","theme":"","type":"atom","absencetext":null,"has_absent":"false","absent_info_text":"","removed_info":""}],"34":[{"lesson":"1","group":"2.EM celá","room":"210","subject":"FY","subject_text":"Fyzika","teacher":"","teacher_text":"","change_info":"","theme":"","type":"atom","absencetext":null,"has_absent":"false","absent_info_text":"","removed_info":""}],"35":[{"lesson":"2","group":"4.SA celá","room":"111","subject":"AU","subject_text":"Automatizace","teacher":"","teacher_text":"","change_info":"","theme":"","type":"atom","absencetext":null,"has_absent":"false","absent_info_text":"","removed_info":""}],"37":[{"lesson":"4","group":"2.ER 1","room":"205","subject":"IT","subject_text":"Informační technologie","teacher":"","teacher_text":"","change_info":"","theme":"","type":"atom","absencetext":null,"has_absent":"false","absent_info_text":"","removed_info":""}],"38":[{"lesson":"5","group":"2.ER 1","room":"205","subject":"IT","subject_text":"Informační technologie","teacher":"","teacher_text":"","change_info":"","theme":"","type":"atom","absencetext":null,"has_absent":"false","absent_info_text":"","removed_info":""}],"39":[{"lesson":"6","group":"2.EE 1","room":"205","subject":"IT","subject_text":"Informační technologie","teacher":"","teacher_text":"","change_info":"","theme":"","type":"atom","absencetext":null,"has_absent":"false","absent_info_text":"","removed_info":""}],"40":[{"lesson":"7","group":"2.EE 1","room":"205","subject":"IT","subject_text":"Informační technologie","teacher":"","teacher_text":"","change_info":"","theme":"","type":"atom","absencetext":null,"has_absent":"false","absent_info_text":"","removed_info":""}],"46":[{"lesson":"","group":"","room":"","subject":"","subject_text":"","teacher":null,"teacher_text":"","change_info":"","theme":null,"type":"removed","absencetext":null,"has_absent":"","absent_info_text":"","removed_info":"Absence třídy (4.SA, AU)"}],"48":[{"lesson":"4","group":"2.EE celá","room":"313","subject":"FY","subject_text":"Fyzika","teacher":"","teacher_text":"","change_info":"","theme":"","type":"atom","absencetext":null,"has_absent":"false","absent_info_text":"","removed_info":""}],"49":[{"lesson":"5","group":"1.EE 1","room":"205","subject":"IT","subject_text":"Informační technologie","teacher":"","teacher_text":"","change_info":"","theme":"","type":"atom","absencetext":null,"has_absent":"false","absent_info_text":"","removed_info":""}],"50":[{"lesson":"6","group":"1.EE 1","room":"205","subject":"IT","subject_text":"Informační technologie","teacher":"","teacher_text":"","change_info":"","theme":"","type":"atom","absencetext":null,"has_absent":"false","absent_info_text":"","removed_info":""}]}