{"4":[{"lesson":"4","group":"2.S P2","room":"D16","subject":"PRA","subject_text":"Praxe","teacher":"La","teacher_text":"La","change_info":"","theme":"Základy obloukového svařování - Metoda MAG a MMA","type":"atom","absencetext":null,"has_absent":"false","absent_info_text":"","removed_info":""},{"lesson":"4","group":"2.S P3","room":"D16","subject":"PRA","subject_text":"Praxe","teacher":"La","teacher_text":"La","change_info":"Spojeno: Lavička Ivan, D16 (Vondrášek Michal, D14)","theme":"Základy obloukového svařování - Metoda MAG a MMA","type":"atom","absencetext":null,"has_absent":"false","absent_info_text":"","removed_info":""}],"5":[{"lesson":"5","group":"2.S P2","room":"D16","subject":"PRA","subject_text":"Praxe","teacher":"La","teacher_text":"La","change_info":"","theme":"Základy obloukového svařování - Metoda MAG a MMA","type":"atom","absencetext":null,"has_absent":"false","absent_info_text":"","removed_info":""},{"lesson":"5","group":"2.S P3","room":"D16","subject":"PRA","subject_text":"Praxe","teacher":"La","teacher_text":"La","change_info":"Spojeno: Lavička Ivan, D16 (Vondrášek Michal, D14)","theme":"Základy obloukového svařování - Metoda MAG a MMA","type":"atom","absencetext":null,"has_absent":"false","absent_info_text":"","removed_info":""}],"6":[{"lesson":"6","group":"2.S P2","room":"D16","subject":"PRA","subject_text":"Praxe","teacher":"La","teacher_text":"La","change_info":"","theme":"Základy obloukového svařování - Metoda MAG a MMA","type":"atom","absencetext":null,"has_absent":"false","absent_info_text":"","removed_info":""},{"lesson":"6","group":"2.S P3","room":"D16","subject":"PRA","subject_text":"Praxe","teacher":"La","teacher_text":"La","change_info":"Spojeno: Lavička Ivan, D16 (Vondrášek Michal, D14)","theme":"Základy obloukového svařování - Metoda MAG a MMA","type":"atom","absencetext":null,"has_absent":"false","absent_info_text":"","removed_info":""}]}