{"4":[{"lesson":"4","group":"2.S P3","room":"D16","subject":"PRA","subject_text":"Praxe","teacher":"La","teacher_text":"La","change_info":"","theme":"BOZP, první pomoc, požární ochrana, BOZP při svařování, seznámení s pracovištěm svařovna - úvod do předmětu praxe svařovna","type":"atom","absencetext":null,"has_absent":"false","absent_info_text":"","removed_info":""}],"5":[{"lesson":"5","group":"2.S P3","room":"D16","subject":"PRA","subject_text":"Praxe","teacher":"La","teacher_text":"La","change_info":"","theme":"BOZP, první pomoc, požární ochrana, BOZP při svařování, seznámení s pracovištěm svařovna - úvod do předmětu praxe svařovna","type":"atom","absencetext":null,"has_absent":"false","absent_info_text":"","removed_info":""}],"6":[{"lesson":"6","group":"2.S P3","room":"D16","subject":"PRA","subject_text":"Praxe","teacher":"La","teacher_text":"La","change_info":"","theme":"BOZP, první pomoc, požární ochrana, BOZP při svařování, seznámení s pracovištěm svařovna - úvod do předmětu praxe svařovna","type":"atom","absencetext":null,"has_absent":"false","absent_info_text":"","removed_info":""}]}