{"4":[{"lesson":"4","group":"2.S P3","room":"D16","subject":"PRA","subject_text":"Praxe","teacher":"Mi","teacher_text":"Mi","change_info":"Suplování: Mikoláš Pavel (La)","theme":"Svařování v poloze PA","type":"atom","absencetext":null,"has_absent":"false","absent_info_text":"","removed_info":""}],"5":[{"lesson":"5","group":"2.S P3","room":"D16","subject":"PRA","subject_text":"Praxe","teacher":"Mi","teacher_text":"Mi","change_info":"Suplování: Mikoláš Pavel (La)","theme":"Svařování v poloze PA","type":"atom","absencetext":null,"has_absent":"false","absent_info_text":"","removed_info":""}],"6":[{"lesson":"6","group":"2.S P3","room":"D16","subject":"PRA","subject_text":"Praxe","teacher":"Mi","teacher_text":"Mi","change_info":"Suplování: Mikoláš Pavel (La)","theme":"Svařování v poloze PA","type":"atom","absencetext":null,"has_absent":"false","absent_info_text":"","removed_info":""}]}