{"4":[{"lesson":"4","group":"4.SA celá","room":"111","subject":"ST","subject_text":"Strojírenská technologie","teacher":"","teacher_text":"","change_info":"","theme":"","type":"atom","absencetext":null,"has_absent":"false","absent_info_text":"","removed_info":""}],"12":[{"lesson":"1","group":"4.SA 2","room":"117","subject":"STc","subject_text":"Strojírenská technol. cvičení","teacher":"","teacher_text":"","change_info":"","theme":"","type":"atom","absencetext":null,"has_absent":"false","absent_info_text":"","removed_info":""}],"13":[{"lesson":"2","group":"4.SA 2","room":"117","subject":"STc","subject_text":"Strojírenská technol. cvičení","teacher":"","teacher_text":"","change_info":"","theme":"","type":"atom","absencetext":null,"has_absent":"false","absent_info_text":"","removed_info":""}],"14":[{"lesson":"3","group":"3.S 2","room":"201","subject":"STc","subject_text":"Strojírenská technol. cvičení","teacher":"","teacher_text":"","change_info":"","theme":"","type":"atom","absencetext":null,"has_absent":"false","absent_info_text":"","removed_info":""}],"15":[{"lesson":"4","group":"3.S 2","room":"201","subject":"STc","subject_text":"Strojírenská technol. cvičení","teacher":"","teacher_text":"","change_info":"","theme":"","type":"atom","absencetext":null,"has_absent":"false","absent_info_text":"","removed_info":""}],"18":[{"lesson":"7","group":"3.EM 2","room":"113","subject":"TESc","subject_text":"Technologie ve strojírenství cvičení","teacher":"","teacher_text":"","change_info":"","theme":"","type":"atom","absencetext":null,"has_absent":"false","absent_info_text":"","removed_info":""}],"19":[{"lesson":"8","group":"3.EM 1","room":"113","subject":"TESc","subject_text":"Technologie ve strojírenství cvičení","teacher":"","teacher_text":"","change_info":"","theme":"","type":"atom","absencetext":null,"has_absent":"false","absent_info_text":"","removed_info":""}],"24":[{"lesson":"2","group":"2.S celá","room":"404","subject":"ST","subject_text":"Strojírenská technologie","teacher":"","teacher_text":"","change_info":"Výměna z 22.11., 1: 2.S, ST, 404","theme":"","type":"atom","absencetext":null,"has_absent":"false","absent_info_text":"","removed_info":""}],"25":[{"lesson":"3","group":"1.ER celá","room":"302","subject":"TK","subject_text":"Technické kreslení","teacher":"","teacher_text":"","change_info":"","theme":"","type":"atom","absencetext":null,"has_absent":"false","absent_info_text":"","removed_info":""}],"26":[{"lesson":"4","group":"2.S celá","room":"404","subject":"ST","subject_text":"Strojírenská technologie","teacher":"","teacher_text":"","change_info":"","theme":"","type":"atom","absencetext":null,"has_absent":"false","absent_info_text":"","removed_info":""}],"27":[{"lesson":"5","group":"4.SA 1","room":"117","subject":"STc","subject_text":"Strojírenská technol. cvičení","teacher":"","teacher_text":"","change_info":"","theme":"","type":"atom","absencetext":null,"has_absent":"false","absent_info_text":"","removed_info":""}],"28":[{"lesson":"6","group":"4.SA 1","room":"117","subject":"STc","subject_text":"Strojírenská technol. cvičení","teacher":"","teacher_text":"","change_info":"","theme":"","type":"atom","absencetext":null,"has_absent":"false","absent_info_text":"","removed_info":""}],"34":[{"lesson":"1","group":"1.S celá","room":"207","subject":"ST","subject_text":"Strojírenská technologie","teacher":"","teacher_text":"","change_info":"","theme":"","type":"atom","absencetext":null,"has_absent":"false","absent_info_text":"","removed_info":""}],"35":[{"lesson":"2","group":"3.EM P1","room":"113","subject":"TES","subject_text":"Technologie ve strojírenství","teacher":"","teacher_text":"","change_info":"Suplování: TES, 113 - přespočetná hod. (PRA, Ko, D26)","theme":"","type":"atom","absencetext":null,"has_absent":"false","absent_info_text":"","removed_info":""},{"lesson":"2","group":"3.EM P2","room":"113","subject":"TES","subject_text":"Technologie ve strojírenství","teacher":"","teacher_text":"","change_info":"Spojeno: 3.EM(P2), TES, Vávra Václav, 113 (3.EM(P2), PRA, Rákos Petr, D25)","theme":"","type":"atom","absencetext":null,"has_absent":"false","absent_info_text":"","removed_info":""},{"lesson":"2","group":"3.EM P3","room":"113","subject":"TES","subject_text":"Technologie ve strojírenství","teacher":"","teacher_text":"","change_info":"Spojeno: 3.EM(P3), TES, Vávra Václav, 113 (3.EM(P3), PRA, Vondrášek Michal, D14)","theme":"","type":"atom","absencetext":null,"has_absent":"false","absent_info_text":"","removed_info":""}],"36":[{"lesson":"3","group":"4.SA celá","room":"111","subject":"ST","subject_text":"Strojírenská technologie","teacher":"","teacher_text":"","change_info":"","theme":"","type":"atom","absencetext":null,"has_absent":"false","absent_info_text":"","removed_info":""}],"38":[{"lesson":"5","group":"4.SB 2","room":"117","subject":"STc","subject_text":"Strojírenská technol. cvičení","teacher":"","teacher_text":"","change_info":"","theme":"","type":"atom","absencetext":null,"has_absent":"false","absent_info_text":"","removed_info":""}],"39":[{"lesson":"6","group":"4.SB 2","room":"117","subject":"STc","subject_text":"Strojírenská technol. cvičení","teacher":"","teacher_text":"","change_info":"","theme":"","type":"atom","absencetext":null,"has_absent":"false","absent_info_text":"","removed_info":""}],"40":[{"lesson":"7","group":"1.ER celá","room":"302","subject":"TK","subject_text":"Technické kreslení","teacher":"","teacher_text":"","change_info":"","theme":"","type":"atom","absencetext":null,"has_absent":"false","absent_info_text":"","removed_info":""}],"45":[{"lesson":"1","group":"2.S celá","room":"404","subject":"ST","subject_text":"Strojírenská technologie","teacher":"","teacher_text":"","change_info":"","theme":"","type":"atom","absencetext":null,"has_absent":"false","absent_info_text":"","removed_info":""}],"46":[{"lesson":"2","group":"4.SA celá","room":"311","subject":"ST","subject_text":"Strojírenská technologie","teacher":"","teacher_text":"","change_info":"","theme":"","type":"atom","absencetext":null,"has_absent":"false","absent_info_text":"","removed_info":""}],"47":[{"lesson":"3","group":"1.S celá","room":"207","subject":"ST","subject_text":"Strojírenská technologie","teacher":"","teacher_text":"","change_info":"Výměna z 22.11., 4: 1.S, ST, 207","theme":"","type":"atom","absencetext":null,"has_absent":"false","absent_info_text":"","removed_info":""}],"48":[{"lesson":"4","group":"1.S celá","room":"207","subject":"ST","subject_text":"Strojírenská technologie","teacher":"","teacher_text":"","change_info":"","theme":"","type":"atom","absencetext":null,"has_absent":"false","absent_info_text":"","removed_info":""}],"49":[{"lesson":"5","group":"1.ER P2","room":"104","subject":"TKc","subject_text":"Technické kreslení-cvičení","teacher":"","teacher_text":"","change_info":"","theme":"","type":"atom","absencetext":null,"has_absent":"false","absent_info_text":"","removed_info":""}],"50":[{"lesson":"6","group":"3.EM celá","room":"113","subject":"TES","subject_text":"Technologie ve strojírenství","teacher":"","teacher_text":"","change_info":"","theme":"","type":"atom","absencetext":null,"has_absent":"false","absent_info_text":"","removed_info":""}]}