{"1":[{"lesson":"1","group":"1.S 2","room":"207","subject":"AJ","subject_text":"Anglický jazyk","teacher":"Og","teacher_text":"Og","change_info":"","theme":"What makes you happy - U2","type":"atom","absencetext":null,"has_absent":"false","absent_info_text":"","removed_info":""},{"lesson":"1","group":"1.S 1","room":"207","subject":"AJ","subject_text":"Anglický jazyk","teacher":"Og","teacher_text":"Og","change_info":"Spojeno: AJ, Ohnsorg Petra, 207 (MEc, Čejka Vilém, 111)","theme":"What makes you happy - U2","type":"atom","absencetext":null,"has_absent":"false","absent_info_text":"","removed_info":""}],"2":[{"lesson":"2","group":"1.S 1","room":"207","subject":"AJ","subject_text":"Anglický jazyk","teacher":"Ds","teacher_text":"Ds","change_info":"","theme":"Present simple","type":"atom","absencetext":null,"has_absent":"false","absent_info_text":"","removed_info":""},{"lesson":"2","group":"1.S 2","room":"207","subject":"AJ","subject_text":"Anglický jazyk","teacher":"Ds","teacher_text":"Ds","change_info":"Spojeno: AJ, Dušek Ivan, 207 (MEc, Čejka Vilém, 111)","theme":"Present simple","type":"atom","absencetext":null,"has_absent":"false","absent_info_text":"","removed_info":""}],"5":[{"lesson":"5","group":"1.S celá","room":"207","subject":"CL","subject_text":"Český jazyk a literatura","teacher":"Šu","teacher_text":"Šu","change_info":"","theme":"Středověká literatura: umění jako specifická výpověď o skutečnosti, aktivní poznávání různých druhů umění našeho i světového","type":"atom","absencetext":null,"has_absent":"false","absent_info_text":"","removed_info":""}],"6":[{"lesson":"6","group":"1.S celá","room":"207","subject":"CH","subject_text":"Chemie","teacher":"Ml","teacher_text":"Ml","change_info":"","theme":"Hmotnostní a objemový zlomek","type":"atom","absencetext":null,"has_absent":"false","absent_info_text":"","removed_info":""}],"12":[{"lesson":"1","group":"1.S celá","room":"207","subject":"TK","subject_text":"Technické kreslení","teacher":"Kr","teacher_text":"Kr","change_info":"","theme":"kótování, náčrtky","type":"atom","absencetext":null,"has_absent":"false","absent_info_text":"","removed_info":""}],"13":[{"lesson":"2","group":"1.S 2","room":"207","subject":"MA","subject_text":"Matematika","teacher":"Hm","teacher_text":"Hm","change_info":"","theme":"Vytýkání","type":"atom","absencetext":null,"has_absent":"false","absent_info_text":"","removed_info":""}],"14":[{"lesson":"3","group":"1.S 1","room":"207","subject":"MA","subject_text":"Matematika","teacher":"Hm","teacher_text":"Hm","change_info":"","theme":"Vytýkání","type":"atom","absencetext":null,"has_absent":"false","absent_info_text":"","removed_info":""}],"15":[{"lesson":"4","group":"1.S celá","room":"207","subject":"ZK","subject_text":"Základy ekologie","teacher":"Cho","teacher_text":"Cho","change_info":"","theme":"Hromadná vymírání; biodiverzita; nadměrný rybolov","type":"atom","absencetext":null,"has_absent":"false","absent_info_text":"","removed_info":""}],"17":[{"lesson":"6","group":"1.S P2","room":"207","subject":"TKc","subject_text":"Technické kreslení-cvičení","teacher":"Kr","teacher_text":"Kr","change_info":"","theme":"náčrt a výkres podle iziometrie","type":"atom","absencetext":null,"has_absent":"false","absent_info_text":"","removed_info":""}],"18":[{"lesson":"7","group":"1.S P2","room":"207","subject":"TKc","subject_text":"Technické kreslení-cvičení","teacher":"Kr","teacher_text":"Kr","change_info":"","theme":"náčrt a výkres podle izometrie","type":"atom","absencetext":null,"has_absent":"false","absent_info_text":"","removed_info":""}],"19":[{"lesson":"8","group":"1.S celá","room":"207","subject":"FY","subject_text":"Fyzika","teacher":"Pl","teacher_text":"Pl","change_info":"","theme":"Odporové síly","type":"atom","absencetext":null,"has_absent":"false","absent_info_text":"","removed_info":""}],"23":[{"lesson":"1","group":"1.S celá","room":"207","subject":"DJ","subject_text":"Dějepis","teacher":"Cho","teacher_text":"Cho","change_info":"","theme":"","type":"atom","absencetext":null,"has_absent":"false","absent_info_text":"","removed_info":""}],"24":[{"lesson":"2","group":"1.EM 1","room":"207","subject":"CL","subject_text":"Český jazyk a literatura","teacher":"Fd","teacher_text":"Fd","change_info":"","theme":"","type":"atom","absencetext":null,"has_absent":"false","absent_info_text":"","removed_info":""}],"25":[{"lesson":"3","group":"1.EM 2","room":"207","subject":"CL","subject_text":"Český jazyk a literatura","teacher":"Fd","teacher_text":"Fd","change_info":"","theme":"","type":"atom","absencetext":null,"has_absent":"false","absent_info_text":"","removed_info":""}],"28":[{"lesson":"6","group":"1.S celá","room":"207","subject":"MA","subject_text":"Matematika","teacher":"Hm","teacher_text":"Hm","change_info":"","theme":"","type":"atom","absencetext":null,"has_absent":"false","absent_info_text":"","removed_info":""}],"34":[{"lesson":"1","group":"1.S celá","room":"207","subject":"ST","subject_text":"Strojírenská technologie","teacher":"Va","teacher_text":"Va","change_info":"","theme":"","type":"atom","absencetext":null,"has_absent":"false","absent_info_text":"","removed_info":""}],"35":[{"lesson":"2","group":"1.S celá","room":"207","subject":"DJ","subject_text":"Dějepis","teacher":"Cho","teacher_text":"Cho","change_info":"","theme":"","type":"atom","absencetext":null,"has_absent":"false","absent_info_text":"","removed_info":""}],"36":[{"lesson":"3","group":"1.S celá","room":"207","subject":"CL","subject_text":"Český jazyk a literatura","teacher":"Šu","teacher_text":"Šu","change_info":"","theme":"","type":"atom","absencetext":null,"has_absent":"false","absent_info_text":"","removed_info":""}],"37":[{"lesson":"4","group":"4.SA celá","room":"207","subject":"ST","subject_text":"Strojírenská technologie","teacher":"Va","teacher_text":"Va","change_info":"Suplování: ST, Vávra Václav (SS, Kp)","theme":"","type":"atom","absencetext":null,"has_absent":"false","absent_info_text":"","removed_info":""}],"38":[{"lesson":"5","group":"1.S celá","room":"207","subject":"TK","subject_text":"Technické kreslení","teacher":"Kr","teacher_text":"Kr","change_info":"","theme":"","type":"atom","absencetext":null,"has_absent":"false","absent_info_text":"","removed_info":""}],"39":[{"lesson":"6","group":"1.S celá","room":"207","subject":"MA","subject_text":"Matematika","teacher":"Hm","teacher_text":"Hm","change_info":"","theme":"","type":"atom","absencetext":null,"has_absent":"false","absent_info_text":"","removed_info":""}],"41":[{"lesson":"8","group":"1.S celá","room":"207","subject":"CH","subject_text":"Chemie","teacher":"Ml","teacher_text":"Ml","change_info":"","theme":"","type":"atom","absencetext":null,"has_absent":"false","absent_info_text":"","removed_info":""}],"46":[{"lesson":"2","group":"1.S celá","room":"207","subject":"MA","subject_text":"Matematika","teacher":"Hm","teacher_text":"Hm","change_info":"","theme":"","type":"atom","absencetext":null,"has_absent":"false","absent_info_text":"","removed_info":""}],"47":[{"lesson":"3","group":"1.S celá","room":"207","subject":"FY","subject_text":"Fyzika","teacher":"Pl","teacher_text":"Pl","change_info":"","theme":"","type":"atom","absencetext":null,"has_absent":"false","absent_info_text":"","removed_info":""}],"48":[{"lesson":"4","group":"1.S celá","room":"207","subject":"FY","subject_text":"Fyzika","teacher":"Pl","teacher_text":"Pl","change_info":"Výměna z 29.11., 3: FY, Ploch Jiří, 207","theme":"","type":"atom","absencetext":null,"has_absent":"false","absent_info_text":"","removed_info":""}],"49":[{"lesson":"5","group":"1.S 1","room":"207","subject":"AJ","subject_text":"Anglický jazyk","teacher":"Ds","teacher_text":"Ds","change_info":"","theme":"","type":"atom","absencetext":null,"has_absent":"false","absent_info_text":"","removed_info":""}]}