{"0":[{"lesson":"0","group":"4.EB celá","room":"304","subject":"ES","subject_text":"Elektrické stroje a přístroje","teacher":"","teacher_text":"","change_info":"","theme":"Komutátorový motor jako zdroj energie","type":"atom","absencetext":null,"has_absent":"false","absent_info_text":"","removed_info":""}],"1":[{"lesson":"1","group":"4.EB celá","room":"304","subject":"ES","subject_text":"Elektrické stroje a přístroje","teacher":"","teacher_text":"","change_info":"","theme":"Schrage","type":"atom","absencetext":null,"has_absent":"false","absent_info_text":"","removed_info":""}],"2":[{"lesson":"2","group":"3.EM celá","room":"113","subject":"EP","subject_text":"Elektrické pohony","teacher":"","teacher_text":"","change_info":"","theme":"e-Call, NGe-Call, SIM, eSim, principy, navigace","type":"atom","absencetext":null,"has_absent":"false","absent_info_text":"","removed_info":""}],"3":[{"lesson":"3","group":"3.EM celá","room":"113","subject":"EP","subject_text":"Elektrické pohony","teacher":"","teacher_text":"","change_info":"","theme":"e-Call, NGe-Call, SIM, eSim, principy, navigace","type":"atom","absencetext":null,"has_absent":"false","absent_info_text":"","removed_info":""}],"5":[{"lesson":"5","group":"4.EB celá","room":"304","subject":"ES","subject_text":"Elektrické stroje a přístroje","teacher":"","teacher_text":"","change_info":"","theme":"Tachodynamo","type":"atom","absencetext":null,"has_absent":"false","absent_info_text":"","removed_info":""}],"8":[{"lesson":"8","group":"3.EM 1","room":"411","subject":"EPc","subject_text":"Elektrické pohony - cvičení","teacher":"","teacher_text":"","change_info":"","theme":"Program v LD převodvka","type":"atom","absencetext":null,"has_absent":"false","absent_info_text":"","removed_info":""}],"9":[{"lesson":"9","group":"3.EM 1","room":"411","subject":"EPc","subject_text":"Elektrické pohony - cvičení","teacher":"","teacher_text":"","change_info":"","theme":"","type":"atom","absencetext":null,"has_absent":"false","absent_info_text":"","removed_info":""}]}