{"5":[{"lesson":"5","group":"3.EE P1","room":"216","subject":"EMc","subject_text":"Elktrické měření-cvičení","teacher":"Pe","teacher_text":"Pe","change_info":"","theme":"Měření úlohy","type":"atom","absencetext":null,"has_absent":"false","absent_info_text":"","removed_info":""}],"6":[{"lesson":"6","group":"3.EE P1","room":"216","subject":"EMc","subject_text":"Elktrické měření-cvičení","teacher":"Pe","teacher_text":"Pe","change_info":"","theme":"Měření úlohy","type":"atom","absencetext":null,"has_absent":"false","absent_info_text":"","removed_info":""}],"11":[{"lesson":"0","group":"2.EE 1","room":"216","subject":"ZEc","subject_text":"Základy elektrotechniky-cvičení","teacher":"Su","teacher_text":"Su","change_info":"","theme":"","type":"atom","absencetext":null,"has_absent":"false","absent_info_text":"","removed_info":""}],"12":[{"lesson":"1","group":"2.EE 1","room":"216","subject":"ZEc","subject_text":"Základy elektrotechniky-cvičení","teacher":"Su","teacher_text":"Su","change_info":"","theme":"","type":"atom","absencetext":null,"has_absent":"false","absent_info_text":"","removed_info":""}],"19":[{"lesson":"8","group":"3.EE 1","room":"216","subject":"ESc","subject_text":"Elektrické stroje a přístroje cvičení","teacher":"Ko","teacher_text":"Ko","change_info":"","theme":"","type":"atom","absencetext":null,"has_absent":"false","absent_info_text":"","removed_info":""}],"20":[{"lesson":"9","group":"3.EE 1","room":"216","subject":"ESc","subject_text":"Elektrické stroje a přístroje cvičení","teacher":"Ko","teacher_text":"Ko","change_info":"","theme":"","type":"atom","absencetext":null,"has_absent":"false","absent_info_text":"","removed_info":""}],"42":[{"lesson":"9","group":"1.EE 1","room":"216","subject":"ZEc","subject_text":"Základy elektrotechniky-cvičení","teacher":"Vs","teacher_text":"Vs","change_info":"","theme":"","type":"atom","absencetext":null,"has_absent":"false","absent_info_text":"","removed_info":""}],"44":[{"lesson":"0","group":"1.ER 1","room":"216","subject":"ZEc","subject_text":"Základy elektrotechniky-cvičení","teacher":"Vs","teacher_text":"Vs","change_info":"","theme":"","type":"atom","absencetext":null,"has_absent":"false","absent_info_text":"","removed_info":""}],"45":[{"lesson":"1","group":"1.ER 1","room":"216","subject":"ZEc","subject_text":"Základy elektrotechniky-cvičení","teacher":"Vs","teacher_text":"Vs","change_info":"","theme":"","type":"atom","absencetext":null,"has_absent":"false","absent_info_text":"","removed_info":""}]}