{"0":[{"lesson":"0","group":"4.EA 2","room":"316","subject":"MTc","subject_text":"Mikroprocesorová technika cvičení","teacher":"Ke","teacher_text":"Ke","change_info":"","theme":"Úlohy s Arduino podle schopností studentů","type":"atom","absencetext":null,"has_absent":"false","absent_info_text":"","removed_info":""}],"1":[{"lesson":"1","group":"4.EA 2","room":"316","subject":"MTc","subject_text":"Mikroprocesorová technika cvičení","teacher":"Ke","teacher_text":"Ke","change_info":"","theme":"Úlohy s Arduino podle schopností studentů","type":"atom","absencetext":null,"has_absent":"false","absent_info_text":"","removed_info":""}],"2":[{"lesson":"2","group":"4.EA 1","room":"316","subject":"MTc","subject_text":"Mikroprocesorová technika cvičení","teacher":"Ke","teacher_text":"Ke","change_info":"","theme":"Úlohy s Arduino podle schopností studentů","type":"atom","absencetext":null,"has_absent":"false","absent_info_text":"","removed_info":""}],"3":[{"lesson":"3","group":"4.EA 1","room":"316","subject":"MTc","subject_text":"Mikroprocesorová technika cvičení","teacher":"Ke","teacher_text":"Ke","change_info":"","theme":"Úlohy s Arduino podle schopností studentů","type":"atom","absencetext":null,"has_absent":"false","absent_info_text":"","removed_info":""}],"22":[{"lesson":"0","group":"3.ER P3","room":"316","subject":"MTc","subject_text":"Mikroprocesorová technika cvičení","teacher":"Ke","teacher_text":"Ke","change_info":"","theme":"Práce s Arduino, sběrnice I2C, pull up rezistor","type":"atom","absencetext":null,"has_absent":"false","absent_info_text":"","removed_info":""}],"23":[{"lesson":"1","group":"3.ER P3","room":"316","subject":"MTc","subject_text":"Mikroprocesorová technika cvičení","teacher":"Ke","teacher_text":"Ke","change_info":"","theme":"Práce s Arduino, sběrnice I2C, pull up rezistor","type":"atom","absencetext":null,"has_absent":"false","absent_info_text":"","removed_info":""}],"28":[{"lesson":"6","group":"3.ER P1","room":"316","subject":"MTc","subject_text":"Mikroprocesorová technika cvičení","teacher":"Ke","teacher_text":"Ke","change_info":"","theme":"Práce s Arduino, sběrnice I2C, pull up rezistor","type":"atom","absencetext":null,"has_absent":"false","absent_info_text":"","removed_info":""}],"29":[{"lesson":"7","group":"3.ER P1","room":"316","subject":"MTc","subject_text":"Mikroprocesorová technika cvičení","teacher":"Ke","teacher_text":"Ke","change_info":"","theme":"Práce s Arduino, sběrnice I2C, pull up rezistor","type":"atom","absencetext":null,"has_absent":"false","absent_info_text":"","removed_info":""}],"33":[{"lesson":"0","group":"4.EA P1","room":"316","subject":"EMc","subject_text":"Elktrické měření-cvičení","teacher":"Se","teacher_text":"Se","change_info":"","theme":"Úvodní hodina, BOZ pro 1. sk.","type":"atom","absencetext":null,"has_absent":"false","absent_info_text":"","removed_info":""}],"34":[{"lesson":"1","group":"4.EA P1","room":"316","subject":"EMc","subject_text":"Elktrické měření-cvičení","teacher":"Se","teacher_text":"Se","change_info":"","theme":"Zadání laboratorních úloh - operační zesilovače","type":"atom","absencetext":null,"has_absent":"false","absent_info_text":"","removed_info":""}],"35":[{"lesson":"2","group":"4.EA P1","room":"316","subject":"EMc","subject_text":"Elktrické měření-cvičení","teacher":"Se","teacher_text":"Se","change_info":"","theme":"Rozbor laboratorních úloh - operační zesilovače","type":"atom","absencetext":null,"has_absent":"false","absent_info_text":"","removed_info":""}],"39":[{"lesson":"6","group":"4.EA 1","room":"316","subject":"ENc","subject_text":"ElektroZař","teacher":"Ke","teacher_text":"Ke","change_info":"","theme":"Přechodové jevy","type":"atom","absencetext":null,"has_absent":"false","absent_info_text":"","removed_info":""}],"40":[{"lesson":"7","group":"4.EA 1","room":"316","subject":"ENc","subject_text":"ElektroZař","teacher":"Ke","teacher_text":"Ke","change_info":"","theme":"Přechodové jevy","type":"atom","absencetext":null,"has_absent":"false","absent_info_text":"","removed_info":""}],"41":[{"lesson":"8","group":"2.ER 2","room":"316","subject":"ETc","subject_text":"Elektronika - cvičení","teacher":"Ke","teacher_text":"Ke","change_info":"","theme":"Programy podle schopností studentů se zdvihacím rezistorem","type":"atom","absencetext":null,"has_absent":"false","absent_info_text":"","removed_info":""}],"42":[{"lesson":"9","group":"2.ER 2","room":"316","subject":"ETc","subject_text":"Elektronika - cvičení","teacher":"Ke","teacher_text":"Ke","change_info":"","theme":"Programy podle schopností studentů se zdvihacím rezistorem","type":"atom","absencetext":null,"has_absent":"false","absent_info_text":"","removed_info":""}]}