{"0":[{"lesson":"0","group":"4.EA 2","room":"316","subject":"MTc","subject_text":"Mikroprocesorová technika cvičení","teacher":"Ke","teacher_text":"Ke","change_info":"","theme":"","type":"atom","absencetext":null,"has_absent":"false","absent_info_text":"","removed_info":""}],"1":[{"lesson":"1","group":"4.EA 2","room":"316","subject":"MTc","subject_text":"Mikroprocesorová technika cvičení","teacher":"Ke","teacher_text":"Ke","change_info":"","theme":"","type":"atom","absencetext":null,"has_absent":"false","absent_info_text":"","removed_info":""}],"2":[{"lesson":"2","group":"4.EA 1","room":"316","subject":"MTc","subject_text":"Mikroprocesorová technika cvičení","teacher":"Ke","teacher_text":"Ke","change_info":"","theme":"","type":"atom","absencetext":null,"has_absent":"false","absent_info_text":"","removed_info":""}],"3":[{"lesson":"3","group":"4.EA 1","room":"316","subject":"MTc","subject_text":"Mikroprocesorová technika cvičení","teacher":"Ke","teacher_text":"Ke","change_info":"","theme":"","type":"atom","absencetext":null,"has_absent":"false","absent_info_text":"","removed_info":""}],"22":[{"lesson":"0","group":"3.ER P3","room":"316","subject":"MTc","subject_text":"Mikroprocesorová technika cvičení","teacher":"Ke","teacher_text":"Ke","change_info":"","theme":"","type":"atom","absencetext":null,"has_absent":"false","absent_info_text":"","removed_info":""}],"23":[{"lesson":"1","group":"3.ER P3","room":"316","subject":"MTc","subject_text":"Mikroprocesorová technika cvičení","teacher":"Ke","teacher_text":"Ke","change_info":"","theme":"","type":"atom","absencetext":null,"has_absent":"false","absent_info_text":"","removed_info":""}],"25":[{"lesson":"3","group":"4.EB P1","room":"316","subject":"EMc","subject_text":"Elktrické měření-cvičení","teacher":"Br","teacher_text":"Br","change_info":"","theme":"","type":"atom","absencetext":null,"has_absent":"false","absent_info_text":"","removed_info":""}],"26":[{"lesson":"4","group":"4.EB P1","room":"316","subject":"EMc","subject_text":"Elktrické měření-cvičení","teacher":"Br","teacher_text":"Br","change_info":"","theme":"","type":"atom","absencetext":null,"has_absent":"false","absent_info_text":"","removed_info":""}],"27":[{"lesson":"5","group":"4.EB P1","room":"316","subject":"EMc","subject_text":"Elktrické měření-cvičení","teacher":"Br","teacher_text":"Br","change_info":"","theme":"","type":"atom","absencetext":null,"has_absent":"false","absent_info_text":"","removed_info":""}],"28":[{"lesson":"6","group":"3.ER P1","room":"316","subject":"MTc","subject_text":"Mikroprocesorová technika cvičení","teacher":"Ke","teacher_text":"Ke","change_info":"","theme":"","type":"atom","absencetext":null,"has_absent":"false","absent_info_text":"","removed_info":""}],"29":[{"lesson":"7","group":"3.ER P1","room":"316","subject":"MTc","subject_text":"Mikroprocesorová technika cvičení","teacher":"Ke","teacher_text":"Ke","change_info":"","theme":"","type":"atom","absencetext":null,"has_absent":"false","absent_info_text":"","removed_info":""}]}