{"1":[{"lesson":"1","group":"","room":"311","subject":"EM","subject_text":"Elektrická měření","teacher":"Su","teacher_text":"Su","change_info":"","theme":"","type":"atom","absencetext":null,"has_absent":"false","absent_info_text":"","removed_info":""}],"2":[{"lesson":"2","group":"2","room":"311","subject":"AJ","subject_text":"Anglický jazyk","teacher":"Og","teacher_text":"Og","change_info":"","theme":"","type":"atom","absencetext":null,"has_absent":"false","absent_info_text":"","removed_info":""},{"lesson":"2","group":"1","room":"220","subject":"AJk","subject_text":"Anglický jazyk konverzace","teacher":"Qu","teacher_text":"Qu","change_info":"","theme":"","type":"atom","absencetext":null,"has_absent":"false","absent_info_text":"","removed_info":""}],"3":[{"lesson":"3","group":"","room":"311","subject":"EKc","subject_text":"Ekonomika cvičení","teacher":"Pu","teacher_text":"Pu","change_info":"","theme":"","type":"atom","absencetext":null,"has_absent":"false","absent_info_text":"","removed_info":""}],"4":[{"lesson":"4","group":"","room":"311","subject":"CL","subject_text":"Český jazyk a literatura","teacher":"Pz","teacher_text":"Pz","change_info":"","theme":"","type":"atom","absencetext":null,"has_absent":"false","absent_info_text":"","removed_info":""}],"5":[{"lesson":"5","group":"P1","room":"216","subject":"EMc","subject_text":"Elktrické měření-cvičení","teacher":"Pe","teacher_text":"Pe","change_info":"","theme":"","type":"atom","absencetext":null,"has_absent":"false","absent_info_text":"","removed_info":""},{"lesson":"5","group":"P2","room":"306","subject":"EMc","subject_text":"Elktrické měření-cvičení","teacher":"Rů","teacher_text":"Rů","change_info":"","theme":"","type":"atom","absencetext":null,"has_absent":"false","absent_info_text":"","removed_info":""},{"lesson":"5","group":"P3","room":"317","subject":"EMc","subject_text":"Elktrické měření-cvičení","teacher":"Su","teacher_text":"Su","change_info":"","theme":"","type":"atom","absencetext":null,"has_absent":"false","absent_info_text":"","removed_info":""}],"6":[{"lesson":"6","group":"P1","room":"216","subject":"EMc","subject_text":"Elktrické měření-cvičení","teacher":"Pe","teacher_text":"Pe","change_info":"","theme":"","type":"atom","absencetext":null,"has_absent":"false","absent_info_text":"","removed_info":""},{"lesson":"6","group":"P2","room":"306","subject":"EMc","subject_text":"Elktrické měření-cvičení","teacher":"Rů","teacher_text":"Rů","change_info":"","theme":"","type":"atom","absencetext":null,"has_absent":"false","absent_info_text":"","removed_info":""},{"lesson":"6","group":"P3","room":"317","subject":"EMc","subject_text":"Elktrické měření-cvičení","teacher":"Su","teacher_text":"Su","change_info":"","theme":"","type":"atom","absencetext":null,"has_absent":"false","absent_info_text":"","removed_info":""}],"12":[{"lesson":"1","group":"1","room":"311","subject":"AJ","subject_text":"Anglický jazyk","teacher":"Og","teacher_text":"Og","change_info":"","theme":"","type":"atom","absencetext":null,"has_absent":"false","absent_info_text":"","removed_info":""},{"lesson":"1","group":"2","room":"220","subject":"AJk","subject_text":"Anglický jazyk konverzace","teacher":"Qu","teacher_text":"Qu","change_info":"","theme":"","type":"atom","absencetext":null,"has_absent":"false","absent_info_text":"","removed_info":""}],"13":[{"lesson":"2","group":"","room":"311","subject":"MA","subject_text":"Matematika","teacher":"Ml","teacher_text":"Ml","change_info":"","theme":"","type":"atom","absencetext":null,"has_absent":"false","absent_info_text":"","removed_info":""}],"14":[{"lesson":"3","group":"","room":"311","subject":"ES","subject_text":"Elektrické stroje a přístroje","teacher":"Ha","teacher_text":"Ha","change_info":"","theme":"","type":"atom","absencetext":null,"has_absent":"false","absent_info_text":"","removed_info":""}],"15":[{"lesson":"4","group":"","room":"311","subject":"EE","subject_text":"Elektroenergetika","teacher":"Vs","teacher_text":"Vs","change_info":"","theme":"","type":"atom","absencetext":null,"has_absent":"false","absent_info_text":"","removed_info":""}],"16":[{"lesson":"5","group":"","room":"311","subject":"AT","subject_text":"Automatizační technika","teacher":"Si","teacher_text":"Si","change_info":"","theme":"","type":"atom","absencetext":null,"has_absent":"false","absent_info_text":"","removed_info":""}],"17":[{"lesson":"6","group":"","room":"311","subject":"ET","subject_text":"Elektronika","teacher":"Se","teacher_text":"Se","change_info":"","theme":"","type":"atom","absencetext":null,"has_absent":"false","absent_info_text":"","removed_info":""}],"19":[{"lesson":"8","group":"2","room":"216","subject":"ESc","subject_text":"Elektrické stroje a přístroje cvičení","teacher":"Ko","teacher_text":"Ko","change_info":"","theme":"","type":"atom","absencetext":null,"has_absent":"false","absent_info_text":"","removed_info":""}],"20":[{"lesson":"9","group":"2","room":"216","subject":"ESc","subject_text":"Elektrické stroje a přístroje cvičení","teacher":"Ko","teacher_text":"Ko","change_info":"","theme":"","type":"atom","absencetext":null,"has_absent":"false","absent_info_text":"","removed_info":""}],"22":[{"lesson":"0","group":"","room":"311","subject":"ZSV","subject_text":"Základy společenských věd","teacher":"Fd","teacher_text":"Fd","change_info":"","theme":"","type":"atom","absencetext":null,"has_absent":"false","absent_info_text":"","removed_info":""}],"23":[{"lesson":"1","group":"","room":"311","subject":"MA","subject_text":"Matematika","teacher":"Ml","teacher_text":"Ml","change_info":"","theme":"","type":"atom","absencetext":null,"has_absent":"false","absent_info_text":"","removed_info":""}],"24":[{"lesson":"2","group":"","room":"311","subject":"EM","subject_text":"Elektrická měření","teacher":"Su","teacher_text":"Su","change_info":"","theme":"","type":"atom","absencetext":null,"has_absent":"false","absent_info_text":"","removed_info":""}],"25":[{"lesson":"3","group":"","room":"311","subject":"EK","subject_text":"Ekonomika","teacher":"Pu","teacher_text":"Pu","change_info":"","theme":"","type":"atom","absencetext":null,"has_absent":"false","absent_info_text":"","removed_info":""}],"26":[{"lesson":"4","group":"","room":"311","subject":"EE","subject_text":"Elektroenergetika","teacher":"Vs","teacher_text":"Vs","change_info":"","theme":"","type":"atom","absencetext":null,"has_absent":"false","absent_info_text":"","removed_info":""}],"28":[{"lesson":"6","group":"1","room":"502","subject":"IT","subject_text":"Informační technologie","teacher":"Br","teacher_text":"Br","change_info":"","theme":"","type":"atom","absencetext":null,"has_absent":"false","absent_info_text":"","removed_info":""},{"lesson":"6","group":"2","room":"118","subject":"IT","subject_text":"Informační technologie","teacher":"Čk","teacher_text":"Čk","change_info":"","theme":"","type":"atom","absencetext":null,"has_absent":"false","absent_info_text":"","removed_info":""}],"29":[{"lesson":"7","group":"1","room":"502","subject":"IT","subject_text":"Informační technologie","teacher":"Br","teacher_text":"Br","change_info":"","theme":"","type":"atom","absencetext":null,"has_absent":"false","absent_info_text":"","removed_info":""},{"lesson":"7","group":"2","room":"118","subject":"IT","subject_text":"Informační technologie","teacher":"Čk","teacher_text":"Čk","change_info":"","theme":"","type":"atom","absencetext":null,"has_absent":"false","absent_info_text":"","removed_info":""}],"34":[{"lesson":"1","group":"","room":"311","subject":"EK","subject_text":"Ekonomika","teacher":"Pu","teacher_text":"Pu","change_info":"","theme":"","type":"atom","absencetext":null,"has_absent":"false","absent_info_text":"","removed_info":""}],"35":[{"lesson":"2","group":"","room":"311","subject":"ES","subject_text":"Elektrické stroje a přístroje","teacher":"Ha","teacher_text":"Ha","change_info":"","theme":"","type":"atom","absencetext":null,"has_absent":"false","absent_info_text":"","removed_info":""}],"36":[{"lesson":"3","group":"","room":"311","subject":"CL","subject_text":"Český jazyk a literatura","teacher":"Pz","teacher_text":"Pz","change_info":"","theme":"","type":"atom","absencetext":null,"has_absent":"false","absent_info_text":"","removed_info":""}],"37":[{"lesson":"4","group":"","room":"311","subject":"ET","subject_text":"Elektronika","teacher":"Se","teacher_text":"Se","change_info":"","theme":"","type":"atom","absencetext":null,"has_absent":"false","absent_info_text":"","removed_info":""}],"39":[{"lesson":"6","group":"2","room":"220","subject":"AJ","subject_text":"Anglický jazyk","teacher":"Og","teacher_text":"Og","change_info":"","theme":"","type":"atom","absencetext":null,"has_absent":"false","absent_info_text":"","removed_info":""},{"lesson":"6","group":"1","room":"311","subject":"MA","subject_text":"Matematika","teacher":"Ml","teacher_text":"Ml","change_info":"","theme":"","type":"atom","absencetext":null,"has_absent":"false","absent_info_text":"","removed_info":""}],"40":[{"lesson":"7","group":"1","room":"220","subject":"AJ","subject_text":"Anglický jazyk","teacher":"Og","teacher_text":"Og","change_info":"","theme":"","type":"atom","absencetext":null,"has_absent":"false","absent_info_text":"","removed_info":""},{"lesson":"7","group":"2","room":"311","subject":"MA","subject_text":"Matematika","teacher":"Ml","teacher_text":"Ml","change_info":"","theme":"","type":"atom","absencetext":null,"has_absent":"false","absent_info_text":"","removed_info":""}],"41":[{"lesson":"8","group":"","room":"213","subject":"TV","subject_text":"Tělesná výchova","teacher":"Ma","teacher_text":"Ma","change_info":"","theme":"","type":"atom","absencetext":null,"has_absent":"false","absent_info_text":"","removed_info":""}],"42":[{"lesson":"9","group":"","room":"213","subject":"TV","subject_text":"Tělesná výchova","teacher":"Ma","teacher_text":"Ma","change_info":"","theme":"","type":"atom","absencetext":null,"has_absent":"false","absent_info_text":"","removed_info":""}],"44":[{"lesson":"0","group":"P1","room":"D12","subject":"PRA","subject_text":"Praxe","teacher":"Ko","teacher_text":"Ko","change_info":"","theme":"","type":"atom","absencetext":null,"has_absent":"false","absent_info_text":"","removed_info":""},{"lesson":"0","group":"P2","room":"D25","subject":"PRA","subject_text":"Praxe","teacher":"Ra","teacher_text":"Ra","change_info":"","theme":"","type":"atom","absencetext":null,"has_absent":"false","absent_info_text":"","removed_info":""},{"lesson":"0","group":"P3","room":"D24","subject":"PRA","subject_text":"Praxe","teacher":"Sy","teacher_text":"Sy","change_info":"","theme":"","type":"atom","absencetext":null,"has_absent":"false","absent_info_text":"","removed_info":""}],"45":[{"lesson":"1","group":"P1","room":"D12","subject":"PRA","subject_text":"Praxe","teacher":"Ko","teacher_text":"Ko","change_info":"","theme":"","type":"atom","absencetext":null,"has_absent":"false","absent_info_text":"","removed_info":""},{"lesson":"1","group":"P2","room":"D25","subject":"PRA","subject_text":"Praxe","teacher":"Ra","teacher_text":"Ra","change_info":"","theme":"","type":"atom","absencetext":null,"has_absent":"false","absent_info_text":"","removed_info":""},{"lesson":"1","group":"P3","room":"D24","subject":"PRA","subject_text":"Praxe","teacher":"Sy","teacher_text":"Sy","change_info":"","theme":"","type":"atom","absencetext":null,"has_absent":"false","absent_info_text":"","removed_info":""}],"46":[{"lesson":"2","group":"P1","room":"D12","subject":"PRA","subject_text":"Praxe","teacher":"Ko","teacher_text":"Ko","change_info":"","theme":"","type":"atom","absencetext":null,"has_absent":"false","absent_info_text":"","removed_info":""},{"lesson":"2","group":"P2","room":"D25","subject":"PRA","subject_text":"Praxe","teacher":"Ra","teacher_text":"Ra","change_info":"","theme":"","type":"atom","absencetext":null,"has_absent":"false","absent_info_text":"","removed_info":""},{"lesson":"2","group":"P3","room":"D24","subject":"PRA","subject_text":"Praxe","teacher":"Sy","teacher_text":"Sy","change_info":"","theme":"","type":"atom","absencetext":null,"has_absent":"false","absent_info_text":"","removed_info":""}],"47":[{"lesson":"3","group":"","room":"311","subject":"CL","subject_text":"Český jazyk a literatura","teacher":"Pz","teacher_text":"Pz","change_info":"","theme":"","type":"atom","absencetext":null,"has_absent":"false","absent_info_text":"","removed_info":""}],"48":[{"lesson":"4","group":"","room":"311","subject":"ES","subject_text":"Elektrické stroje a přístroje","teacher":"Ha","teacher_text":"Ha","change_info":"","theme":"","type":"atom","absencetext":null,"has_absent":"false","absent_info_text":"","removed_info":""}],"49":[{"lesson":"5","group":"","room":"311","subject":"AT","subject_text":"Automatizační technika","teacher":"Si","teacher_text":"Si","change_info":"","theme":"","type":"atom","absencetext":null,"has_absent":"false","absent_info_text":"","removed_info":""}]}