{"1":[{"lesson":"1","group":"1.EE celá","room":"308","subject":"ZE","subject_text":"Základy elektrotechniky","teacher":"Vs","teacher_text":"Vs","change_info":"","theme":"Energie elektrostatického pole","type":"atom","absencetext":null,"has_absent":"false","absent_info_text":"","removed_info":""}],"2":[{"lesson":"2","group":"1.EE celá","room":"308","subject":"MA","subject_text":"Matematika","teacher":"Vit","teacher_text":"Vit","change_info":"","theme":"Lineární rovnice - opakování","type":"atom","absencetext":null,"has_absent":"false","absent_info_text":"","removed_info":""}],"3":[{"lesson":"3","group":"2.ER 1","room":"308","subject":"AJ","subject_text":"Anglický jazyk","teacher":"Má","teacher_text":"Má","change_info":"","theme":"Housing presentations","type":"atom","absencetext":null,"has_absent":"false","absent_info_text":"","removed_info":""}],"5":[{"lesson":"5","group":"1.EE celá","room":"308","subject":"CH","subject_text":"Chemie","teacher":"Vit","teacher_text":"Vit","change_info":"","theme":"Skupiny prvků v psp a jejich vlastnosti","type":"atom","absencetext":null,"has_absent":"false","absent_info_text":"","removed_info":""}],"6":[{"lesson":"6","group":"1.EE 1","room":"308","subject":"AJ","subject_text":"Anglický jazyk","teacher":"Sch","teacher_text":"Sch","change_info":"","theme":"Reading and speaking","type":"atom","absencetext":null,"has_absent":"false","absent_info_text":"","removed_info":""},{"lesson":"6","group":"1.EE 2","room":"308","subject":"AJ","subject_text":"Anglický jazyk","teacher":"Sch","teacher_text":"Sch","change_info":"Spojeno: Schacherlová Petra, 308 (Ohnsorg Petra, 220)","theme":"Reading and speaking","type":"atom","absencetext":null,"has_absent":"false","absent_info_text":"","removed_info":""}],"11":[{"lesson":"0","group":"1.EE celá","room":"308","subject":"CL","subject_text":"Český jazyk a literatura","teacher":"Pz","teacher_text":"Pz","change_info":"","theme":"Renesance - Cervantes","type":"atom","absencetext":null,"has_absent":"false","absent_info_text":"","removed_info":""}],"12":[{"lesson":"1","group":"1.EE celá","room":"308","subject":"MA","subject_text":"Matematika","teacher":"Vit","teacher_text":"Vit","change_info":"","theme":"Test - lineární rovnice","type":"atom","absencetext":null,"has_absent":"false","absent_info_text":"","removed_info":""}],"13":[{"lesson":"2","group":"1.EE celá","room":"308","subject":"CH","subject_text":"Chemie","teacher":"Vit","teacher_text":"Vit","change_info":"","theme":"","type":"atom","absencetext":null,"has_absent":"false","absent_info_text":"","removed_info":""}],"14":[{"lesson":"3","group":"1.EE celá","room":"308","subject":"ZE","subject_text":"Základy elektrotechniky","teacher":"Vs","teacher_text":"Vs","change_info":"","theme":"Složená dielektrika","type":"atom","absencetext":null,"has_absent":"false","absent_info_text":"","removed_info":""}],"15":[{"lesson":"4","group":"1.EE celá","room":"308","subject":"TD","subject_text":"Technická dokumentace","teacher":"Mi","teacher_text":"Mi","change_info":"","theme":"Elektrotechnická schémata","type":"atom","absencetext":null,"has_absent":"false","absent_info_text":"","removed_info":""}],"16":[{"lesson":"5","group":"1.EE 1","room":"308","subject":"AJ","subject_text":"Anglický jazyk","teacher":"Sch","teacher_text":"Sch","change_info":"","theme":"Everyday English","type":"atom","absencetext":null,"has_absent":"false","absent_info_text":"","removed_info":""},{"lesson":"5","group":"1.EE 2","room":"308","subject":"AJ","subject_text":"Anglický jazyk","teacher":"Sch","teacher_text":"Sch","change_info":"Spojeno: Schacherlová Petra, 308 (Ohnsorg Petra, 220)","theme":"Everyday English","type":"atom","absencetext":null,"has_absent":"false","absent_info_text":"","removed_info":""}],"17":[{"lesson":"6","group":"1.S P3","room":"308","subject":"TKc","subject_text":"Technické kreslení-cvičení","teacher":"Fr","teacher_text":"Fr","change_info":"","theme":"Šroubové spoje","type":"atom","absencetext":null,"has_absent":"false","absent_info_text":"","removed_info":""}],"18":[{"lesson":"7","group":"1.S P3","room":"308","subject":"TKc","subject_text":"Technické kreslení-cvičení","teacher":"Fr","teacher_text":"Fr","change_info":"","theme":"Šroubové spoje","type":"atom","absencetext":null,"has_absent":"false","absent_info_text":"","removed_info":""}],"23":[{"lesson":"1","group":"1.EE celá","room":"308","subject":"ZE","subject_text":"Základy elektrotechniky","teacher":"Vs","teacher_text":"Vs","change_info":"","theme":"","type":"atom","absencetext":null,"has_absent":"false","absent_info_text":"","removed_info":""}],"24":[{"lesson":"2","group":"1.EE 2","room":"308","subject":"CL","subject_text":"Český jazyk a literatura","teacher":"Pz","teacher_text":"Pz","change_info":"","theme":"Renesance - Shakespeare","type":"atom","absencetext":null,"has_absent":"false","absent_info_text":"","removed_info":""}],"25":[{"lesson":"3","group":"1.EE 1","room":"308","subject":"CL","subject_text":"Český jazyk a literatura","teacher":"Pz","teacher_text":"Pz","change_info":"","theme":"Renesance - Shakespeare","type":"atom","absencetext":null,"has_absent":"false","absent_info_text":"","removed_info":""}],"26":[{"lesson":"4","group":"1.EE celá","room":"308","subject":"FY","subject_text":"Fyzika","teacher":"Ks","teacher_text":"Ks","change_info":"","theme":"","type":"atom","absencetext":null,"has_absent":"false","absent_info_text":"","removed_info":""}],"27":[{"lesson":"5","group":"1.EE celá","room":"308","subject":"DJ","subject_text":"Dějepis","teacher":"Pz","teacher_text":"Pz","change_info":"","theme":"ČSR - 50. léta, politické procesy","type":"atom","absencetext":null,"has_absent":"false","absent_info_text":"","removed_info":""}],"28":[{"lesson":"6","group":"1.EE 1","room":"308","subject":"AJ","subject_text":"Anglický jazyk","teacher":"Sch","teacher_text":"Sch","change_info":"","theme":"","type":"atom","absencetext":null,"has_absent":"false","absent_info_text":"","removed_info":""}],"33":[{"lesson":"0","group":"1.EE celá","room":"308","subject":"DJ","subject_text":"Dějepis","teacher":"Pz","teacher_text":"Pz","change_info":"","theme":"ČSR - politické procesy, Milada Horáková","type":"atom","absencetext":null,"has_absent":"false","absent_info_text":"","removed_info":""}],"34":[{"lesson":"1","group":"1.EE celá","room":"308","subject":"CL","subject_text":"Český jazyk a literatura","teacher":"Pz","teacher_text":"Pz","change_info":"","theme":"Renesance - česká renesance","type":"atom","absencetext":null,"has_absent":"false","absent_info_text":"","removed_info":""}],"35":[{"lesson":"2","group":"1.EE celá","room":"308","subject":"MA","subject_text":"Matematika","teacher":"Vit","teacher_text":"Vit","change_info":"","theme":"","type":"atom","absencetext":null,"has_absent":"false","absent_info_text":"","removed_info":""}],"36":[{"lesson":"3","group":"1.EE celá","room":"308","subject":"FY","subject_text":"Fyzika","teacher":"Ks","teacher_text":"Ks","change_info":"","theme":"","type":"atom","absencetext":null,"has_absent":"false","absent_info_text":"","removed_info":""}],"37":[{"lesson":"4","group":"1.ER 2","room":"308","subject":"CL","subject_text":"Český jazyk a literatura","teacher":"Pz","teacher_text":"Pz","change_info":"","theme":"Renesance - Shakespeare","type":"atom","absencetext":null,"has_absent":"false","absent_info_text":"","removed_info":""}],"38":[{"lesson":"5","group":"1.ER 1","room":"308","subject":"CL","subject_text":"Český jazyk a literatura","teacher":"Pz","teacher_text":"Pz","change_info":"","theme":"Renesance - Shakespeare","type":"atom","absencetext":null,"has_absent":"false","absent_info_text":"","removed_info":""}],"39":[{"lesson":"6","group":"3.EM 1","room":"308","subject":"AJ","subject_text":"Anglický jazyk","teacher":"Ds","teacher_text":"Ds","change_info":"","theme":"","type":"atom","absencetext":null,"has_absent":"false","absent_info_text":"","removed_info":""}],"45":[{"lesson":"1","group":"1.EE celá","room":"308","subject":"ZK","subject_text":"Základy ekologie","teacher":"Cho","teacher_text":"Cho","change_info":"","theme":"","type":"atom","absencetext":null,"has_absent":"false","absent_info_text":"","removed_info":""}],"46":[{"lesson":"2","group":"1.EE celá","room":"308","subject":"TD","subject_text":"Technická dokumentace","teacher":"Mi","teacher_text":"Mi","change_info":"","theme":"","type":"atom","absencetext":null,"has_absent":"false","absent_info_text":"","removed_info":""}],"48":[{"lesson":"4","group":"1.EE celá","room":"308","subject":"ZE","subject_text":"Základy elektrotechniky","teacher":"Vs","teacher_text":"Vs","change_info":"","theme":"","type":"atom","absencetext":null,"has_absent":"false","absent_info_text":"","removed_info":""}]}