{"1":[{"lesson":"1","group":"1.EE celá","room":"308","subject":"ZE","subject_text":"Základy elektrotechniky","teacher":"Vs","teacher_text":"Vs","change_info":"","theme":"Paralelní a sériové zapojení zdrojů","type":"atom","absencetext":null,"has_absent":"false","absent_info_text":"","removed_info":""}],"2":[{"lesson":"2","group":"1.EE celá","room":"308","subject":"MA","subject_text":"Matematika","teacher":"Ml","teacher_text":"Ml","change_info":"","theme":"Výrazy","type":"atom","absencetext":null,"has_absent":"false","absent_info_text":"","removed_info":""}],"3":[{"lesson":"3","group":"2.ER 1","room":"308","subject":"AJ","subject_text":"Anglický jazyk","teacher":"Má","teacher_text":"Má","change_info":"","theme":"Unit video 5","type":"atom","absencetext":null,"has_absent":"false","absent_info_text":"","removed_info":""}],"4":[{"lesson":"4","group":"2.ER 2","room":"308","subject":"AJ","subject_text":"Anglický jazyk","teacher":"Og","teacher_text":"Og","change_info":"","theme":"Expressing doubt and certainty","type":"atom","absencetext":null,"has_absent":"false","absent_info_text":"","removed_info":""}],"5":[{"lesson":"5","group":"1.EE celá","room":"308","subject":"CH","subject_text":"Chemie","teacher":"Ml","teacher_text":"Ml","change_info":"","theme":"Chemické výpočty - objemový zlomek","type":"atom","absencetext":null,"has_absent":"false","absent_info_text":"","removed_info":""}],"6":[{"lesson":"6","group":"1.EE 1","room":"308","subject":"AJ","subject_text":"Anglický jazyk","teacher":"Sch","teacher_text":"Sch","change_info":"","theme":"Thanksgiving","type":"atom","absencetext":null,"has_absent":"false","absent_info_text":"","removed_info":""}],"11":[{"lesson":"0","group":"1.EE celá","room":"308","subject":"ZK","subject_text":"Základy ekologie","teacher":"Cho","teacher_text":"Cho","change_info":"","theme":"Základní ekologické pojmy - biodiverzita; nadměrný rybolov","type":"atom","absencetext":null,"has_absent":"false","absent_info_text":"","removed_info":""}],"12":[{"lesson":"1","group":"1.EE celá","room":"308","subject":"MA","subject_text":"Matematika","teacher":"Ml","teacher_text":"Ml","change_info":"","theme":"Mnohočleny - početní operace","type":"atom","absencetext":null,"has_absent":"false","absent_info_text":"","removed_info":""}],"13":[{"lesson":"2","group":"1.EE celá","room":"308","subject":"CL","subject_text":"Český jazyk a literatura","teacher":"Pz","teacher_text":"Pz","change_info":"","theme":"Středověká literatura - románský a gotický sloh, eposy","type":"atom","absencetext":null,"has_absent":"false","absent_info_text":"","removed_info":""}],"14":[{"lesson":"3","group":"1.EE celá","room":"308","subject":"TD","subject_text":"Technická dokumentace","teacher":"Mi","teacher_text":"Mi","change_info":"Suplování: TD, Mikoláš Pavel (ZE, Vs)","theme":"Řezy a průřezy","type":"atom","absencetext":null,"has_absent":"false","absent_info_text":"","removed_info":""}],"15":[{"lesson":"4","group":"1.EE celá","room":"308","subject":"TD","subject_text":"Technická dokumentace","teacher":"Mi","teacher_text":"Mi","change_info":"","theme":"Kotování děr a šikmých ploch","type":"atom","absencetext":null,"has_absent":"false","absent_info_text":"","removed_info":""}],"16":[{"lesson":"5","group":"1.EE 1","room":"308","subject":"AJ","subject_text":"Anglický jazyk","teacher":"Sch","teacher_text":"Sch","change_info":"","theme":"Unit 2 Introduction","type":"atom","absencetext":null,"has_absent":"false","absent_info_text":"","removed_info":""},{"lesson":"5","group":"1.EE 2","room":"308","subject":"AJ","subject_text":"Anglický jazyk","teacher":"Sch","teacher_text":"Sch","change_info":"Spojeno: Schacherlová Petra, 308 (Ohnsorg Petra, 220)","theme":"Unit 2 - Introduction","type":"atom","absencetext":null,"has_absent":"false","absent_info_text":"","removed_info":""}],"17":[{"lesson":"6","group":"1.S P3","room":"308","subject":"TKc","subject_text":"Technické kreslení-cvičení","teacher":"Fr","teacher_text":"Fr","change_info":"","theme":"Výkresy dle zadání","type":"atom","absencetext":null,"has_absent":"false","absent_info_text":"","removed_info":""}],"18":[{"lesson":"7","group":"1.S P3","room":"308","subject":"TKc","subject_text":"Technické kreslení-cvičení","teacher":"Fr","teacher_text":"Fr","change_info":"","theme":"Výkresy dle zadání","type":"atom","absencetext":null,"has_absent":"false","absent_info_text":"","removed_info":""}],"23":[{"lesson":"1","group":"1.EE celá","room":"308","subject":"AJ","subject_text":"Anglický jazyk","teacher":"Og","teacher_text":"Og","change_info":"Suplování: AJ, Ohnsorg Petra (ZE, Vs)","theme":"Present simple - patterns, translations","type":"atom","absencetext":null,"has_absent":"false","absent_info_text":"","removed_info":""}],"24":[{"lesson":"2","group":"1.EE 2","room":"308","subject":"CL","subject_text":"Český jazyk a literatura","teacher":"Pz","teacher_text":"Pz","change_info":"","theme":"Středověká literatura - románský a gotický sloh, eposy","type":"atom","absencetext":null,"has_absent":"false","absent_info_text":"","removed_info":""}],"25":[{"lesson":"3","group":"1.EE 1","room":"308","subject":"CL","subject_text":"Český jazyk a literatura","teacher":"Pz","teacher_text":"Pz","change_info":"","theme":"Středověká literatura - románský a gotický sloh, eposy","type":"atom","absencetext":null,"has_absent":"false","absent_info_text":"","removed_info":""}],"26":[{"lesson":"4","group":"1.EE celá","room":"308","subject":"FY","subject_text":"Fyzika","teacher":"Ks","teacher_text":"Ks","change_info":"","theme":"ZZH","type":"atom","absencetext":null,"has_absent":"false","absent_info_text":"","removed_info":""}],"27":[{"lesson":"5","group":"1.EE celá","room":"308","subject":"DJ","subject_text":"Dějepis","teacher":"Pz","teacher_text":"Pz","change_info":"","theme":"Meziválečné období - nacistické bezpečnostní složky","type":"atom","absencetext":null,"has_absent":"false","absent_info_text":"","removed_info":""}],"28":[{"lesson":"6","group":"1.EE 1","room":"308","subject":"AJ","subject_text":"Anglický jazyk","teacher":"Sch","teacher_text":"Sch","change_info":"","theme":"Daily routines - present simple","type":"atom","absencetext":null,"has_absent":"false","absent_info_text":"","removed_info":""}],"33":[{"lesson":"0","group":"1.EE celá","room":"308","subject":"DJ","subject_text":"Dějepis","teacher":"Pz","teacher_text":"Pz","change_info":"","theme":"Meziválečné období - Německo ve 30. letech","type":"atom","absencetext":null,"has_absent":"false","absent_info_text":"","removed_info":""}],"34":[{"lesson":"1","group":"1.EE celá","room":"308","subject":"CL","subject_text":"Český jazyk a literatura","teacher":"Pz","teacher_text":"Pz","change_info":"","theme":"Středověká literatura - počátky českého písemnictví","type":"atom","absencetext":null,"has_absent":"false","absent_info_text":"","removed_info":""}],"35":[{"lesson":"2","group":"1.EE celá","room":"308","subject":"CL","subject_text":"Český jazyk a literatura","teacher":"Pz","teacher_text":"Pz","change_info":"Výměna z 28.11., 1: CL, Petržalová Ludmila, 308","theme":"Středověká literatura - počátky českého písemnictví","type":"atom","absencetext":null,"has_absent":"false","absent_info_text":"","removed_info":""}],"36":[{"lesson":"3","group":"1.EE celá","room":"308","subject":"FY","subject_text":"Fyzika","teacher":"Ks","teacher_text":"Ks","change_info":"","theme":"Tření","type":"atom","absencetext":null,"has_absent":"false","absent_info_text":"","removed_info":""}],"37":[{"lesson":"4","group":"1.ER 2","room":"308","subject":"CL","subject_text":"Český jazyk a literatura","teacher":"Pz","teacher_text":"Pz","change_info":"","theme":"Středověká literatura - počátky českého písemnictví","type":"atom","absencetext":null,"has_absent":"false","absent_info_text":"","removed_info":""}],"38":[{"lesson":"5","group":"1.ER 1","room":"308","subject":"CL","subject_text":"Český jazyk a literatura","teacher":"Pz","teacher_text":"Pz","change_info":"","theme":"Středověká literatura - počátky českého písemnictví","type":"atom","absencetext":null,"has_absent":"false","absent_info_text":"","removed_info":""}],"39":[{"lesson":"6","group":"3.EM 1","room":"308","subject":"AJ","subject_text":"Anglický jazyk","teacher":"Ds","teacher_text":"Ds","change_info":"","theme":"Revision - test U9","type":"atom","absencetext":null,"has_absent":"false","absent_info_text":"","removed_info":""}],"45":[{"lesson":"1","group":"1.EE celá","room":"308","subject":"CH","subject_text":"Chemie","teacher":"Ml","teacher_text":"Ml","change_info":"","theme":"Látkové množství","type":"atom","absencetext":null,"has_absent":"false","absent_info_text":"","removed_info":""}],"46":[{"lesson":"2","group":"1.EE celá","room":"308","subject":"TD","subject_text":"Technická dokumentace","teacher":"Mi","teacher_text":"Mi","change_info":"","theme":"Kotování děr a šikmých ploch","type":"atom","absencetext":null,"has_absent":"false","absent_info_text":"","removed_info":""}],"48":[{"lesson":"4","group":"1.EE celá","room":"308","subject":"ZE","subject_text":"Základy elektrotechniky","teacher":"Vs","teacher_text":"Vs","change_info":"","theme":"Příklad na sério-paralelní kombinaci rezistorů","type":"atom","absencetext":null,"has_absent":"false","absent_info_text":"","removed_info":""}]}