{"0":[{"lesson":"0","group":"3.S PD2","room":"D14","subject":"PRA","subject_text":"Praxe","teacher":"","teacher_text":"","change_info":"","theme":"Opakování 2. ročník - soustružení trhací tyčinky s přesností 0,1mm","type":"atom","absencetext":null,"has_absent":"false","absent_info_text":"","removed_info":""}],"1":[{"lesson":"1","group":"3.S PD2","room":"D14","subject":"PRA","subject_text":"Praxe","teacher":"","teacher_text":"","change_info":"","theme":"Opakování 2. ročník - soustružení trhací tyčinky s přesností 0,1mm","type":"atom","absencetext":null,"has_absent":"false","absent_info_text":"","removed_info":""}],"2":[{"lesson":"2","group":"3.S PD2","room":"D14","subject":"PRA","subject_text":"Praxe","teacher":"","teacher_text":"","change_info":"","theme":"Opakování 2. ročník - soustružení trhací tyčinky s přesností 0,1mm","type":"atom","absencetext":null,"has_absent":"false","absent_info_text":"","removed_info":""}],"4":[{"lesson":"4","group":"2.S P2","room":"D16","subject":"PRA","subject_text":"Praxe","teacher":"","teacher_text":"","change_info":"","theme":"Základy obloukového svařování - Metoda MAG a MMA","type":"atom","absencetext":null,"has_absent":"false","absent_info_text":"","removed_info":""},{"lesson":"4","group":"2.S P3","room":"D16","subject":"PRA","subject_text":"Praxe","teacher":"","teacher_text":"","change_info":"Spojeno: 2.S(P3), Lavička Ivan, D16 (2.S(P3), Vondrášek Michal, D14)","theme":"Základy obloukového svařování - Metoda MAG a MMA","type":"atom","absencetext":null,"has_absent":"false","absent_info_text":"","removed_info":""}],"5":[{"lesson":"5","group":"2.S P2","room":"D16","subject":"PRA","subject_text":"Praxe","teacher":"","teacher_text":"","change_info":"","theme":"Základy obloukového svařování - Metoda MAG a MMA","type":"atom","absencetext":null,"has_absent":"false","absent_info_text":"","removed_info":""},{"lesson":"5","group":"2.S P3","room":"D16","subject":"PRA","subject_text":"Praxe","teacher":"","teacher_text":"","change_info":"Spojeno: 2.S(P3), Lavička Ivan, D16 (2.S(P3), Vondrášek Michal, D14)","theme":"Základy obloukového svařování - Metoda MAG a MMA","type":"atom","absencetext":null,"has_absent":"false","absent_info_text":"","removed_info":""}],"6":[{"lesson":"6","group":"2.S P2","room":"D16","subject":"PRA","subject_text":"Praxe","teacher":"","teacher_text":"","change_info":"","theme":"Základy obloukového svařování - Metoda MAG a MMA","type":"atom","absencetext":null,"has_absent":"false","absent_info_text":"","removed_info":""},{"lesson":"6","group":"2.S P3","room":"D16","subject":"PRA","subject_text":"Praxe","teacher":"","teacher_text":"","change_info":"Spojeno: 2.S(P3), Lavička Ivan, D16 (2.S(P3), Vondrášek Michal, D14)","theme":"Základy obloukového svařování - Metoda MAG a MMA","type":"atom","absencetext":null,"has_absent":"false","absent_info_text":"","removed_info":""}],"8":[{"lesson":"8","group":"4.SA TS2","room":"D21","subject":"CRS","subject_text":"Číslicové řízení strojů","teacher":"","teacher_text":"","change_info":"","theme":"Základy kreslení v systému - Kovoprog","type":"atom","absencetext":null,"has_absent":"false","absent_info_text":"","removed_info":""}],"9":[{"lesson":"9","group":"4.SA TS2","room":"D21","subject":"CRS","subject_text":"Číslicové řízení strojů","teacher":"","teacher_text":"","change_info":"","theme":"Základy kreslení v systému - Kovoprog","type":"atom","absencetext":null,"has_absent":"false","absent_info_text":"","removed_info":""}],"14":[{"lesson":"3","group":"1.ER PD2","room":"D14","subject":"PRA","subject_text":"Praxe","teacher":"","teacher_text":"","change_info":"","theme":"","type":"atom","absencetext":null,"has_absent":"false","absent_info_text":"","removed_info":""}],"15":[{"lesson":"4","group":"1.ER PD2","room":"D14","subject":"PRA","subject_text":"Praxe","teacher":"","teacher_text":"","change_info":"","theme":"","type":"atom","absencetext":null,"has_absent":"false","absent_info_text":"","removed_info":""}],"16":[{"lesson":"5","group":"1.ER PD2","room":"D14","subject":"PRA","subject_text":"Praxe","teacher":"","teacher_text":"","change_info":"","theme":"","type":"atom","absencetext":null,"has_absent":"false","absent_info_text":"","removed_info":""}],"22":[{"lesson":"0","group":"2.EM P2","room":"D15","subject":"PRA","subject_text":"Praxe","teacher":"","teacher_text":"","change_info":"","theme":"","type":"atom","absencetext":null,"has_absent":"false","absent_info_text":"","removed_info":""}],"23":[{"lesson":"1","group":"2.EM P2","room":"D15","subject":"PRA","subject_text":"Praxe","teacher":"","teacher_text":"","change_info":"","theme":"","type":"atom","absencetext":null,"has_absent":"false","absent_info_text":"","removed_info":""}],"24":[{"lesson":"2","group":"2.EM P2","room":"D15","subject":"PRA","subject_text":"Praxe","teacher":"","teacher_text":"","change_info":"","theme":"","type":"atom","absencetext":null,"has_absent":"false","absent_info_text":"","removed_info":""}],"25":[{"lesson":"3","group":"1.S PD2","room":"D14","subject":"PRA","subject_text":"Praxe","teacher":"","teacher_text":"","change_info":"","theme":"","type":"atom","absencetext":null,"has_absent":"false","absent_info_text":"","removed_info":""}],"26":[{"lesson":"4","group":"1.S PD2","room":"D14","subject":"PRA","subject_text":"Praxe","teacher":"","teacher_text":"","change_info":"","theme":"","type":"atom","absencetext":null,"has_absent":"false","absent_info_text":"","removed_info":""}],"27":[{"lesson":"5","group":"1.S PD2","room":"D14","subject":"PRA","subject_text":"Praxe","teacher":"","teacher_text":"","change_info":"","theme":"","type":"atom","absencetext":null,"has_absent":"false","absent_info_text":"","removed_info":""}],"37":[{"lesson":"4","group":"1.EE PD2","room":"D14","subject":"PRA","subject_text":"Praxe","teacher":"","teacher_text":"","change_info":"","theme":"","type":"atom","absencetext":null,"has_absent":"false","absent_info_text":"","removed_info":""}],"38":[{"lesson":"5","group":"1.EE PD2","room":"D14","subject":"PRA","subject_text":"Praxe","teacher":"","teacher_text":"","change_info":"","theme":"","type":"atom","absencetext":null,"has_absent":"false","absent_info_text":"","removed_info":""}],"39":[{"lesson":"6","group":"1.EE PD2","room":"D14","subject":"PRA","subject_text":"Praxe","teacher":"","teacher_text":"","change_info":"","theme":"","type":"atom","absencetext":null,"has_absent":"false","absent_info_text":"","removed_info":""}],"48":[{"lesson":"4","group":"1.EM PD2","room":"D6","subject":"PRA","subject_text":"Praxe","teacher":"","teacher_text":"","change_info":"","theme":"","type":"atom","absencetext":null,"has_absent":"false","absent_info_text":"","removed_info":""}],"49":[{"lesson":"5","group":"1.EM PD2","room":"D6","subject":"PRA","subject_text":"Praxe","teacher":"","teacher_text":"","change_info":"","theme":"","type":"atom","absencetext":null,"has_absent":"false","absent_info_text":"","removed_info":""}],"50":[{"lesson":"6","group":"1.EM PD2","room":"D6","subject":"PRA","subject_text":"Praxe","teacher":"","teacher_text":"","change_info":"","theme":"","type":"atom","absencetext":null,"has_absent":"false","absent_info_text":"","removed_info":""}]}