{"0":[{"lesson":"0","group":"3.S PD3","room":"D14","subject":"PRA","subject_text":"Praxe","teacher":"","teacher_text":"","change_info":"","theme":"Komplexní práce - pokračování ve výrobě","type":"atom","absencetext":null,"has_absent":"false","absent_info_text":"","removed_info":""}],"1":[{"lesson":"1","group":"3.S PD3","room":"D14","subject":"PRA","subject_text":"Praxe","teacher":"","teacher_text":"","change_info":"","theme":"Komplexní práce - pokračování ve výrobě","type":"atom","absencetext":null,"has_absent":"false","absent_info_text":"","removed_info":""}],"2":[{"lesson":"2","group":"3.S PD3","room":"D14","subject":"PRA","subject_text":"Praxe","teacher":"","teacher_text":"","change_info":"","theme":"Komplexní práce - pokračování ve výrobě","type":"atom","absencetext":null,"has_absent":"false","absent_info_text":"","removed_info":""}],"4":[{"lesson":"4","group":"2.S P3","room":"D16","subject":"PRA","subject_text":"Praxe","teacher":"","teacher_text":"","change_info":"","theme":"BOZP, první pomoc, požární ochrana, BOZP při svařování, seznámení s pracovištěm svařovna - úvod do předmětu praxe svařovna","type":"atom","absencetext":null,"has_absent":"false","absent_info_text":"","removed_info":""}],"5":[{"lesson":"5","group":"2.S P3","room":"D16","subject":"PRA","subject_text":"Praxe","teacher":"","teacher_text":"","change_info":"","theme":"BOZP, první pomoc, požární ochrana, BOZP při svařování, seznámení s pracovištěm svařovna - úvod do předmětu praxe svařovna","type":"atom","absencetext":null,"has_absent":"false","absent_info_text":"","removed_info":""}],"6":[{"lesson":"6","group":"2.S P3","room":"D16","subject":"PRA","subject_text":"Praxe","teacher":"","teacher_text":"","change_info":"","theme":"BOZP, první pomoc, požární ochrana, BOZP při svařování, seznámení s pracovištěm svařovna - úvod do předmětu praxe svařovna","type":"atom","absencetext":null,"has_absent":"false","absent_info_text":"","removed_info":""}],"8":[{"lesson":"8","group":"4.SA TS2","room":"D21","subject":"CRS","subject_text":"Číslicové řízení strojů","teacher":"","teacher_text":"","change_info":"","theme":"3. kontrolní práce - Hřídel 4","type":"atom","absencetext":null,"has_absent":"false","absent_info_text":"","removed_info":""}],"9":[{"lesson":"9","group":"4.SA TS2","room":"D21","subject":"CRS","subject_text":"Číslicové řízení strojů","teacher":"","teacher_text":"","change_info":"","theme":"3. kontrolní práce - Hřídel 4","type":"atom","absencetext":null,"has_absent":"false","absent_info_text":"","removed_info":""}],"13":[{"lesson":"","group":"","room":"","subject":"Exk","subject_text":"Exkurze","teacher":null,"teacher_text":"","change_info":"","theme":null,"type":"absent","absencetext":null,"has_absent":"","absent_info_text":"","removed_info":""}],"14":[{"lesson":"3","group":"1.ER PD3","room":"D25","subject":"\r\n                                                            Exk\r\n                                                        ","subject_text":"Praxe","teacher":"","teacher_text":"","change_info":"Spojeno: 1.ER(PD3), Rákos Petr, D25 (1.ER(PD3), Lavička Ivan, D14)","theme":"Hromadné dálkové ovládání HDO","type":"atom","absencetext":null,"has_absent":"true","absent_info_text":"Exk | Exkurze","removed_info":""}],"15":[{"lesson":"4","group":"1.ER PD3","room":"D25","subject":"\r\n                                                            Exk\r\n                                                        ","subject_text":"Praxe","teacher":"","teacher_text":"","change_info":"Spojeno: 1.ER(PD3), Rákos Petr, D25 (1.ER(PD3), Lavička Ivan, D14)","theme":"Zásuvkové obvody 400/230 V","type":"atom","absencetext":null,"has_absent":"true","absent_info_text":"Exk | Exkurze","removed_info":""}],"16":[{"lesson":"5","group":"1.ER PD3","room":"D25","subject":"\r\n                                                            Exk\r\n                                                        ","subject_text":"Praxe","teacher":"","teacher_text":"","change_info":"Spojeno: 1.ER(PD3), Rákos Petr, D25 (1.ER(PD3), Lavička Ivan, D14)","theme":"Světelné obvody","type":"atom","absencetext":null,"has_absent":"true","absent_info_text":"Exk | Exkurze","removed_info":""}],"17":[{"lesson":"","group":"","room":"","subject":"Exk","subject_text":"Exkurze","teacher":null,"teacher_text":"","change_info":"","theme":null,"type":"absent","absencetext":null,"has_absent":"","absent_info_text":"","removed_info":""}],"18":[{"lesson":"","group":"","room":"","subject":"Exk","subject_text":"Exkurze","teacher":null,"teacher_text":"","change_info":"","theme":null,"type":"absent","absencetext":null,"has_absent":"","absent_info_text":"","removed_info":""}],"22":[{"lesson":"0","group":"2.EM P3","room":"D15","subject":"PRA","subject_text":"Praxe","teacher":"","teacher_text":"","change_info":"","theme":"BOZP, první pomoc, požární ochrana, hygiena práce, BOZP při svařování, úvod do předmětu praxe svařovna.","type":"atom","absencetext":null,"has_absent":"false","absent_info_text":"","removed_info":""}],"23":[{"lesson":"1","group":"2.EM P3","room":"D15","subject":"PRA","subject_text":"Praxe","teacher":"","teacher_text":"","change_info":"","theme":"BOZP, první pomoc, požární ochrana, hygiena práce, BOZP při svařování, úvod do předmětu praxe svařovna.","type":"atom","absencetext":null,"has_absent":"false","absent_info_text":"","removed_info":""}],"24":[{"lesson":"2","group":"2.EM P3","room":"D15","subject":"PRA","subject_text":"Praxe","teacher":"","teacher_text":"","change_info":"","theme":"BOZP, první pomoc, požární ochrana, hygiena práce, BOZP při svařování, úvod do předmětu praxe svařovna.","type":"atom","absencetext":null,"has_absent":"false","absent_info_text":"","removed_info":""}],"25":[{"lesson":"3","group":"1.S PD3","room":"D14","subject":"PRA","subject_text":"Praxe","teacher":"","teacher_text":"","change_info":"","theme":"1. komplexní práce - ocelový závěs dveří","type":"atom","absencetext":null,"has_absent":"false","absent_info_text":"","removed_info":""}],"26":[{"lesson":"4","group":"1.S PD3","room":"D14","subject":"PRA","subject_text":"Praxe","teacher":"","teacher_text":"","change_info":"","theme":"1. komplexní práce - ocelový závěs dveří","type":"atom","absencetext":null,"has_absent":"false","absent_info_text":"","removed_info":""}],"27":[{"lesson":"5","group":"1.S PD3","room":"D14","subject":"PRA","subject_text":"Praxe","teacher":"","teacher_text":"","change_info":"","theme":"1. komplexní práce - ocelový závěs dveří","type":"atom","absencetext":null,"has_absent":"false","absent_info_text":"","removed_info":""}],"37":[{"lesson":"4","group":"1.EE PD3","room":"D14","subject":"PRA","subject_text":"Praxe","teacher":"","teacher_text":"","change_info":"","theme":"Vrtání - (BOZP, vrtací zařízení, vrtací nástroje, řezné podmínky, upínání obrobku)","type":"atom","absencetext":null,"has_absent":"false","absent_info_text":"","removed_info":""}],"38":[{"lesson":"5","group":"1.EE PD3","room":"D14","subject":"PRA","subject_text":"Praxe","teacher":"","teacher_text":"","change_info":"","theme":"Vrtání - (BOZP, vrtací zařízení, vrtací nástroje, řezné podmínky, upínání obrobku)","type":"atom","absencetext":null,"has_absent":"false","absent_info_text":"","removed_info":""}],"39":[{"lesson":"6","group":"1.EE PD3","room":"D14","subject":"PRA","subject_text":"Praxe","teacher":"","teacher_text":"","change_info":"","theme":"Vrtání - (BOZP, vrtací zařízení, vrtací nástroje, řezné podmínky, upínání obrobku)","type":"atom","absencetext":null,"has_absent":"false","absent_info_text":"","removed_info":""}],"48":[{"lesson":"4","group":"1.EM PD3","room":"D6","subject":"PRA","subject_text":"Praxe","teacher":"","teacher_text":"","change_info":"","theme":"1. komplexní práce - dveřní závěs","type":"atom","absencetext":null,"has_absent":"false","absent_info_text":"","removed_info":""}],"49":[{"lesson":"5","group":"1.EM PD3","room":"D6","subject":"PRA","subject_text":"Praxe","teacher":"","teacher_text":"","change_info":"","theme":"1. komplexní práce - dveřní závěs","type":"atom","absencetext":null,"has_absent":"false","absent_info_text":"","removed_info":""}],"50":[{"lesson":"6","group":"1.EM PD3","room":"D6","subject":"PRA","subject_text":"Praxe","teacher":"","teacher_text":"","change_info":"","theme":"1. komplexní práce - dveřní závěs","type":"atom","absencetext":null,"has_absent":"false","absent_info_text":"","removed_info":""}]}