{"0":[{"lesson":"0","group":"3.S PD3","room":"D14","subject":"PRA","subject_text":"Praxe","teacher":"","teacher_text":"","change_info":"","theme":"","type":"atom","absencetext":null,"has_absent":"false","absent_info_text":"","removed_info":""}],"1":[{"lesson":"1","group":"3.S PD3","room":"D14","subject":"PRA","subject_text":"Praxe","teacher":"","teacher_text":"","change_info":"","theme":"","type":"atom","absencetext":null,"has_absent":"false","absent_info_text":"","removed_info":""}],"2":[{"lesson":"2","group":"3.S PD3","room":"D14","subject":"PRA","subject_text":"Praxe","teacher":"","teacher_text":"","change_info":"","theme":"","type":"atom","absencetext":null,"has_absent":"false","absent_info_text":"","removed_info":""}],"4":[{"lesson":"4","group":"2.S P2","room":"D16","subject":"PRA","subject_text":"Praxe","teacher":"","teacher_text":"","change_info":"","theme":"","type":"atom","absencetext":null,"has_absent":"false","absent_info_text":"","removed_info":""}],"5":[{"lesson":"5","group":"2.S P2","room":"D16","subject":"PRA","subject_text":"Praxe","teacher":"","teacher_text":"","change_info":"","theme":"","type":"atom","absencetext":null,"has_absent":"false","absent_info_text":"","removed_info":""}],"6":[{"lesson":"6","group":"2.S P2","room":"D16","subject":"PRA","subject_text":"Praxe","teacher":"","teacher_text":"","change_info":"","theme":"","type":"atom","absencetext":null,"has_absent":"false","absent_info_text":"","removed_info":""}],"8":[{"lesson":"8","group":"4.SA TS2","room":"D21","subject":"CRS","subject_text":"Číslicové řízení strojů","teacher":"","teacher_text":"","change_info":"","theme":"","type":"atom","absencetext":null,"has_absent":"false","absent_info_text":"","removed_info":""}],"9":[{"lesson":"9","group":"4.SA TS2","room":"D21","subject":"CRS","subject_text":"Číslicové řízení strojů","teacher":"","teacher_text":"","change_info":"","theme":"","type":"atom","absencetext":null,"has_absent":"false","absent_info_text":"","removed_info":""}],"14":[{"lesson":"3","group":"1.ER PD3","room":"D14","subject":"PRA","subject_text":"Praxe","teacher":"","teacher_text":"","change_info":"","theme":"","type":"atom","absencetext":null,"has_absent":"false","absent_info_text":"","removed_info":""}],"15":[{"lesson":"4","group":"1.ER PD3","room":"D14","subject":"PRA","subject_text":"Praxe","teacher":"","teacher_text":"","change_info":"","theme":"","type":"atom","absencetext":null,"has_absent":"false","absent_info_text":"","removed_info":""}],"16":[{"lesson":"5","group":"1.ER PD3","room":"D14","subject":"PRA","subject_text":"Praxe","teacher":"","teacher_text":"","change_info":"","theme":"","type":"atom","absencetext":null,"has_absent":"false","absent_info_text":"","removed_info":""}],"22":[{"lesson":"0","group":"2.EM P2","room":"D15","subject":"PRA","subject_text":"Praxe","teacher":"","teacher_text":"","change_info":"","theme":"","type":"atom","absencetext":null,"has_absent":"false","absent_info_text":"","removed_info":""}],"23":[{"lesson":"1","group":"2.EM P2","room":"D15","subject":"PRA","subject_text":"Praxe","teacher":"","teacher_text":"","change_info":"","theme":"","type":"atom","absencetext":null,"has_absent":"false","absent_info_text":"","removed_info":""}],"24":[{"lesson":"2","group":"2.EM P2","room":"D15","subject":"PRA","subject_text":"Praxe","teacher":"","teacher_text":"","change_info":"","theme":"","type":"atom","absencetext":null,"has_absent":"false","absent_info_text":"","removed_info":""}],"25":[{"lesson":"3","group":"1.S PD3","room":"D14","subject":"PRA","subject_text":"Praxe","teacher":"","teacher_text":"","change_info":"","theme":"","type":"atom","absencetext":null,"has_absent":"false","absent_info_text":"","removed_info":""}],"26":[{"lesson":"4","group":"1.S PD3","room":"D14","subject":"PRA","subject_text":"Praxe","teacher":"","teacher_text":"","change_info":"","theme":"","type":"atom","absencetext":null,"has_absent":"false","absent_info_text":"","removed_info":""}],"27":[{"lesson":"5","group":"1.S PD3","room":"D14","subject":"PRA","subject_text":"Praxe","teacher":"","teacher_text":"","change_info":"","theme":"","type":"atom","absencetext":null,"has_absent":"false","absent_info_text":"","removed_info":""}],"34":[{"lesson":"","group":"","room":"","subject":"PedD","subject_text":"Obecný pedagogický dohled","teacher":null,"teacher_text":"","change_info":"","theme":null,"type":"absent","absencetext":null,"has_absent":"","absent_info_text":"","removed_info":""}],"35":[{"lesson":"","group":"","room":"","subject":"PedD","subject_text":"Obecný pedagogický dohled","teacher":null,"teacher_text":"","change_info":"","theme":null,"type":"absent","absencetext":null,"has_absent":"","absent_info_text":"","removed_info":""}],"36":[{"lesson":"","group":"","room":"","subject":"PedD","subject_text":"Obecný pedagogický dohled","teacher":null,"teacher_text":"","change_info":"","theme":null,"type":"absent","absencetext":null,"has_absent":"","absent_info_text":"","removed_info":""}],"37":[{"lesson":"4","group":"1.EE PD2","room":"D15","subject":"PRA","subject_text":"Praxe","teacher":"","teacher_text":"","change_info":"Spojeno: 1.EE(PD2), Lavička Ivan, D15 (1.EE(PD2), Kotrlík Pavel, D26)","theme":"","type":"atom","absencetext":null,"has_absent":"false","absent_info_text":"","removed_info":""},{"lesson":"4","group":"1.EE PD3","room":"D15","subject":"PRA","subject_text":"Praxe","teacher":"","teacher_text":"","change_info":"Změna místnosti: D15 (D14)","theme":"","type":"atom","absencetext":null,"has_absent":"false","absent_info_text":"","removed_info":""}],"38":[{"lesson":"5","group":"1.EE PD2","room":"D15","subject":"PRA","subject_text":"Praxe","teacher":"","teacher_text":"","change_info":"Spojeno: 1.EE(PD2), Lavička Ivan, D15 (1.EE(PD2), Kotrlík Pavel, D26)","theme":"","type":"atom","absencetext":null,"has_absent":"false","absent_info_text":"","removed_info":""},{"lesson":"5","group":"1.EE PD3","room":"D15","subject":"PRA","subject_text":"Praxe","teacher":"","teacher_text":"","change_info":"Změna místnosti: D15 (D14)","theme":"","type":"atom","absencetext":null,"has_absent":"false","absent_info_text":"","removed_info":""}],"39":[{"lesson":"6","group":"1.EE PD3","room":"D14","subject":"PRA","subject_text":"Praxe","teacher":"","teacher_text":"","change_info":"","theme":"","type":"atom","absencetext":null,"has_absent":"false","absent_info_text":"","removed_info":""}],"48":[{"lesson":"4","group":"1.EM PD3","room":"D6","subject":"PRA","subject_text":"Praxe","teacher":"","teacher_text":"","change_info":"","theme":"","type":"atom","absencetext":null,"has_absent":"false","absent_info_text":"","removed_info":""}],"49":[{"lesson":"5","group":"1.EM PD3","room":"D6","subject":"PRA","subject_text":"Praxe","teacher":"","teacher_text":"","change_info":"","theme":"","type":"atom","absencetext":null,"has_absent":"false","absent_info_text":"","removed_info":""}],"50":[{"lesson":"6","group":"1.EM PD3","room":"D6","subject":"PRA","subject_text":"Praxe","teacher":"","teacher_text":"","change_info":"","theme":"","type":"atom","absencetext":null,"has_absent":"false","absent_info_text":"","removed_info":""}]}