{"1":[{"lesson":"1","group":"1","room":"113","subject":"AJ","subject_text":"Anglický jazyk","teacher":"Ds","teacher_text":"Ds","change_info":"","theme":"All things online - passive","type":"atom","absencetext":null,"has_absent":"false","absent_info_text":"","removed_info":""},{"lesson":"1","group":"2","room":"220","subject":"AJk","subject_text":"Anglický jazyk konverzace","teacher":"Qu","teacher_text":"Qu","change_info":"","theme":"Unit 4: Strength and stiffness (assignment: sell me a video)","type":"atom","absencetext":null,"has_absent":"false","absent_info_text":"","removed_info":""}],"2":[{"lesson":"2","group":"","room":"113","subject":"EP","subject_text":"Elektrické pohony","teacher":"Vy","teacher_text":"Vy","change_info":"","theme":"Vyhrazená zdvihací zařízení - výtahy","type":"atom","absencetext":null,"has_absent":"false","absent_info_text":"","removed_info":""}],"3":[{"lesson":"3","group":"","room":"113","subject":"EP","subject_text":"Elektrické pohony","teacher":"Vy","teacher_text":"Vy","change_info":"","theme":"Vyhrazená zdvihací zařízení - výtahy","type":"atom","absencetext":null,"has_absent":"false","absent_info_text":"","removed_info":""}],"4":[{"lesson":"4","group":"","room":"113","subject":"MA","subject_text":"Matematika","teacher":"Pl","teacher_text":"Pl","change_info":"","theme":"Hyperbola","type":"atom","absencetext":null,"has_absent":"false","absent_info_text":"","removed_info":""}],"5":[{"lesson":"5","group":"","room":"203","subject":"TES","subject_text":"Technologie ve strojírenství","teacher":"Va","teacher_text":"Va","change_info":"Suplování: TES, Vávra Václav, 203 (TV, Ma, 213)","theme":"Hospodárnost obrábění","type":"atom","absencetext":null,"has_absent":"false","absent_info_text":"","removed_info":""}],"6":[{"lesson":"6","group":"","room":"113","subject":"MA","subject_text":"Matematika","teacher":"Pl","teacher_text":"Pl","change_info":"Suplování: MA, Ploch Jiří, 113 (TV, Ma, 213)","theme":"Test","type":"atom","absencetext":null,"has_absent":"false","absent_info_text":"","removed_info":""}],"8":[{"lesson":"8","group":"2","room":"411","subject":"EPc","subject_text":"Elektrické pohony - cvičení","teacher":"Vy","teacher_text":"Vy","change_info":"","theme":"Konfigurace měniče AM","type":"atom","absencetext":null,"has_absent":"false","absent_info_text":"","removed_info":""}],"9":[{"lesson":"9","group":"2","room":"411","subject":"EPc","subject_text":"Elektrické pohony - cvičení","teacher":"Vy","teacher_text":"Vy","change_info":"","theme":"Konfigurace měniče AM","type":"atom","absencetext":null,"has_absent":"false","absent_info_text":"","removed_info":""}],"11":[{"lesson":"0","group":"2","room":"104","subject":"AJ","subject_text":"Anglický jazyk","teacher":"By","teacher_text":"By","change_info":"","theme":"Passive voice","type":"atom","absencetext":null,"has_absent":"false","absent_info_text":"","removed_info":""},{"lesson":"0","group":"1","room":"220","subject":"AJk","subject_text":"Anglický jazyk konverzace","teacher":"Qu","teacher_text":"Qu","change_info":"","theme":"Unit 4: Strength and stiffness (assignment: sell me a video)","type":"atom","absencetext":null,"has_absent":"false","absent_info_text":"","removed_info":""}],"12":[{"lesson":"1","group":"","room":"113","subject":"AD","subject_text":"Automatizace dopravy","teacher":"Si","teacher_text":"Si","change_info":"","theme":"Derivační člen reálný","type":"atom","absencetext":null,"has_absent":"false","absent_info_text":"","removed_info":""}],"13":[{"lesson":"2","group":"","room":"113","subject":"EK","subject_text":"Ekonomika","teacher":"Pu","teacher_text":"Pu","change_info":"","theme":"Formy mezd","type":"atom","absencetext":null,"has_absent":"false","absent_info_text":"","removed_info":""}],"14":[{"lesson":"3","group":"","room":"113","subject":"STR","subject_text":"Strojírenství","teacher":"St","teacher_text":"St","change_info":"","theme":"Podvozky silničních vozidel","type":"atom","absencetext":null,"has_absent":"false","absent_info_text":"","removed_info":""}],"15":[{"lesson":"4","group":"","room":"113","subject":"STR","subject_text":"Strojírenství","teacher":"St","teacher_text":"St","change_info":"","theme":"Podvozky silničních vozidel","type":"atom","absencetext":null,"has_absent":"false","absent_info_text":"","removed_info":""}],"16":[{"lesson":"5","group":"","room":"111","subject":"CL","subject_text":"Český jazyk a literatura","teacher":"Šu","teacher_text":"Šu","change_info":"","theme":"Větná skladba","type":"atom","absencetext":null,"has_absent":"false","absent_info_text":"","removed_info":""}],"18":[{"lesson":"7","group":"1","room":"D12","subject":"STRc","subject_text":"Strojírenství - cvičení","teacher":"St","teacher_text":"St","change_info":"","theme":"Návrh koncepce vozidla","type":"atom","absencetext":null,"has_absent":"false","absent_info_text":"","removed_info":""},{"lesson":"7","group":"2","room":"113","subject":"TESc","subject_text":"Technologie ve strojírenství cvičení","teacher":"Va","teacher_text":"Va","change_info":"","theme":"CH-T zpracování","type":"atom","absencetext":null,"has_absent":"false","absent_info_text":"","removed_info":""}],"19":[{"lesson":"8","group":"2","room":"D12","subject":"STRc","subject_text":"Strojírenství - cvičení","teacher":"St","teacher_text":"St","change_info":"","theme":"Návrh koncepce vozidla","type":"atom","absencetext":null,"has_absent":"false","absent_info_text":"","removed_info":""},{"lesson":"8","group":"1","room":"113","subject":"TESc","subject_text":"Technologie ve strojírenství cvičení","teacher":"Va","teacher_text":"Va","change_info":"","theme":"CH-T zpracování","type":"atom","absencetext":null,"has_absent":"false","absent_info_text":"","removed_info":""}],"22":[{"lesson":"0","group":"","room":"113","subject":"EKc","subject_text":"Ekonomika cvičení","teacher":"Pu","teacher_text":"Pu","change_info":"","theme":"Metody výpočtu kalkulací","type":"atom","absencetext":null,"has_absent":"false","absent_info_text":"","removed_info":""}],"23":[{"lesson":"1","group":"","room":"113","subject":"EV","subject_text":"Elektronika vozidel","teacher":"Si","teacher_text":"Si","change_info":"","theme":"Unipolární tranzistor - princip","type":"atom","absencetext":null,"has_absent":"false","absent_info_text":"","removed_info":""}],"24":[{"lesson":"2","group":"","room":"113","subject":"AD","subject_text":"Automatizace dopravy","teacher":"Si","teacher_text":"Si","change_info":"","theme":"Bloková algebra - sériové zapojení","type":"atom","absencetext":null,"has_absent":"false","absent_info_text":"","removed_info":""}],"25":[{"lesson":"3","group":"","room":"113","subject":"CL","subject_text":"Český jazyk a literatura","teacher":"Šu","teacher_text":"Šu","change_info":"","theme":"Větná skladba - test","type":"atom","absencetext":null,"has_absent":"false","absent_info_text":"","removed_info":""}],"26":[{"lesson":"4","group":"","room":"113","subject":"MA","subject_text":"Matematika","teacher":"Pl","teacher_text":"Pl","change_info":"","theme":"Oprava testu","type":"atom","absencetext":null,"has_absent":"false","absent_info_text":"","removed_info":""}],"28":[{"lesson":"6","group":"1","room":"D12","subject":"ADc","subject_text":"Automatizace dopravy cvičení","teacher":"Si","teacher_text":"Si","change_info":"","theme":"Úlohy logického řízení","type":"atom","absencetext":null,"has_absent":"false","absent_info_text":"","removed_info":""}],"29":[{"lesson":"7","group":"1","room":"D12","subject":"ADc","subject_text":"Automatizace dopravy cvičení","teacher":"Si","teacher_text":"Si","change_info":"","theme":"Úlohy logického řízení","type":"atom","absencetext":null,"has_absent":"false","absent_info_text":"","removed_info":""}],"34":[{"lesson":"1","group":"P1","room":"D14","subject":"PRA","subject_text":"Praxe","teacher":"Vd","teacher_text":"Vd","change_info":"","theme":"BOZP, seznámení s pracovištěm","type":"atom","absencetext":null,"has_absent":"false","absent_info_text":"","removed_info":""},{"lesson":"1","group":"P2","room":"D26","subject":"PRA","subject_text":"Praxe","teacher":"Ko","teacher_text":"Ko","change_info":"","theme":"BOZP, seznámení s pracovištěm","type":"atom","absencetext":null,"has_absent":"false","absent_info_text":"","removed_info":""},{"lesson":"1","group":"P3","room":"D25","subject":"PRA","subject_text":"Praxe","teacher":"Ra","teacher_text":"Ra","change_info":"","theme":"BZOP-první pomoc,požární ochrana","type":"atom","absencetext":null,"has_absent":"false","absent_info_text":"","removed_info":""}],"35":[{"lesson":"2","group":"P1","room":"D14","subject":"PRA","subject_text":"Praxe","teacher":"Vd","teacher_text":"Vd","change_info":"","theme":"BOZP, seznámení s pracovištěm","type":"atom","absencetext":null,"has_absent":"false","absent_info_text":"","removed_info":""},{"lesson":"2","group":"P2","room":"D26","subject":"PRA","subject_text":"Praxe","teacher":"Ko","teacher_text":"Ko","change_info":"","theme":"BOZP, seznámení s pracovištěm","type":"atom","absencetext":null,"has_absent":"false","absent_info_text":"","removed_info":""},{"lesson":"2","group":"P3","room":"D25","subject":"PRA","subject_text":"Praxe","teacher":"Ra","teacher_text":"Ra","change_info":"","theme":"Rozdělení sítí","type":"atom","absencetext":null,"has_absent":"false","absent_info_text":"","removed_info":""}],"36":[{"lesson":"3","group":"P1","room":"D14","subject":"PRA","subject_text":"Praxe","teacher":"Vd","teacher_text":"Vd","change_info":"","theme":"BOZP, seznámení s pracovištěm","type":"atom","absencetext":null,"has_absent":"false","absent_info_text":"","removed_info":""},{"lesson":"3","group":"P2","room":"D26","subject":"PRA","subject_text":"Praxe","teacher":"Ko","teacher_text":"Ko","change_info":"","theme":"BOZP, seznámení s pracovištěm","type":"atom","absencetext":null,"has_absent":"false","absent_info_text":"","removed_info":""},{"lesson":"3","group":"P3","room":"D25","subject":"PRA","subject_text":"Praxe","teacher":"Ra","teacher_text":"Ra","change_info":"","theme":"Automatické odpojení od zdroje","type":"atom","absencetext":null,"has_absent":"false","absent_info_text":"","removed_info":""}],"37":[{"lesson":"4","group":"","room":"113","subject":"CL","subject_text":"Český jazyk a literatura","teacher":"Šu","teacher_text":"Šu","change_info":"","theme":"Test četba - 3 knihy","type":"atom","absencetext":null,"has_absent":"false","absent_info_text":"","removed_info":""}],"38":[{"lesson":"5","group":"","room":"113","subject":"MA","subject_text":"Matematika","teacher":"Pl","teacher_text":"Pl","change_info":"Přidáno do rozvrhu: MA, Ploch Jiří, 113","theme":"Hyperbola","type":"atom","absencetext":null,"has_absent":"false","absent_info_text":"","removed_info":""}],"39":[{"lesson":"6","group":"1","room":"113","subject":"AJ","subject_text":"Anglický jazyk","teacher":"Ds","teacher_text":"Ds","change_info":"Přidáno do rozvrhu: AJ, Dušek Ivan, 113","theme":"Words together","type":"atom","absencetext":null,"has_absent":"false","absent_info_text":"","removed_info":""}],"40":[{"lesson":"7","group":"2","room":"113","subject":"AJ","subject_text":"Anglický jazyk","teacher":"By","teacher_text":"By","change_info":"Přidáno do rozvrhu: AJ, Bydžovská Petra, 113","theme":"Inventions_ passive : practise","type":"atom","absencetext":null,"has_absent":"false","absent_info_text":"","removed_info":""}],"41":[{"lesson":"8","group":"2","room":"D12","subject":"EVc","subject_text":"Elektronika vozidel - cvičení","teacher":"Si","teacher_text":"Si","change_info":"","theme":"Výpočet nastavení PB tranzistoru","type":"atom","absencetext":null,"has_absent":"false","absent_info_text":"","removed_info":""}],"42":[{"lesson":"9","group":"2","room":"D12","subject":"EVc","subject_text":"Elektronika vozidel - cvičení","teacher":"Si","teacher_text":"Si","change_info":"","theme":"Výpočet nastavení PB tranzistoru","type":"atom","absencetext":null,"has_absent":"false","absent_info_text":"","removed_info":""}],"45":[{"lesson":"1","group":"1","room":"205","subject":"IT","subject_text":"Informační technologie","teacher":"Pe","teacher_text":"Pe","change_info":"","theme":"Programování Robota Microbit","type":"atom","absencetext":null,"has_absent":"false","absent_info_text":"","removed_info":""},{"lesson":"1","group":"2","room":"303","subject":"IT","subject_text":"Informační technologie","teacher":"Fr","teacher_text":"Fr","change_info":"","theme":"Tvorba tabulek a jejich logické propojení - pokračování","type":"atom","absencetext":null,"has_absent":"false","absent_info_text":"","removed_info":""}],"46":[{"lesson":"2","group":"1","room":"205","subject":"IT","subject_text":"Informační technologie","teacher":"Pe","teacher_text":"Pe","change_info":"","theme":"Programování Robota Microbit","type":"atom","absencetext":null,"has_absent":"false","absent_info_text":"","removed_info":""},{"lesson":"2","group":"2","room":"303","subject":"IT","subject_text":"Informační technologie","teacher":"Fr","teacher_text":"Fr","change_info":"","theme":"Tvorba tabulek a jejich logické propojení - pokračování","type":"atom","absencetext":null,"has_absent":"false","absent_info_text":"","removed_info":""}],"47":[{"lesson":"3","group":"","room":"113","subject":"EK","subject_text":"Ekonomika","teacher":"Pu","teacher_text":"Pu","change_info":"","theme":"Pohyblivé složky mezd","type":"atom","absencetext":null,"has_absent":"false","absent_info_text":"","removed_info":""}],"48":[{"lesson":"4","group":"","room":"113","subject":"EV","subject_text":"Elektronika vozidel","teacher":"Si","teacher_text":"Si","change_info":"","theme":"","type":"atom","absencetext":null,"has_absent":"false","absent_info_text":"","removed_info":""}],"49":[{"lesson":"5","group":"","room":"113","subject":"ZSV","subject_text":"Základy společenských věd","teacher":"Fd","teacher_text":"Fd","change_info":"","theme":"Opakování (Riskuj), test - Ústava, moci aj.","type":"atom","absencetext":null,"has_absent":"false","absent_info_text":"","removed_info":""}],"50":[{"lesson":"6","group":"","room":"113","subject":"TES","subject_text":"Technologie ve strojírenství","teacher":"Va","teacher_text":"Va","change_info":"","theme":"Hospodárnost obrábění","type":"atom","absencetext":null,"has_absent":"false","absent_info_text":"","removed_info":""}]}