{"2":[{"lesson":"2","group":"1.EM 2","room":"502","subject":"STRc","subject_text":"Strojírenství - cvičení","teacher":"St","teacher_text":"St","change_info":"","theme":"","type":"atom","absencetext":null,"has_absent":"false","absent_info_text":"","removed_info":""}],"3":[{"lesson":"3","group":"1.EM 2","room":"502","subject":"STRc","subject_text":"Strojírenství - cvičení","teacher":"St","teacher_text":"St","change_info":"","theme":"","type":"atom","absencetext":null,"has_absent":"false","absent_info_text":"","removed_info":""}],"7":[{"lesson":"7","group":"4.EB 2","room":"502","subject":"EEc","subject_text":"Elektroenergetika cvičení","teacher":"Vs","teacher_text":"Vs","change_info":"","theme":"","type":"atom","absencetext":null,"has_absent":"false","absent_info_text":"","removed_info":""}],"8":[{"lesson":"8","group":"4.EB 2","room":"502","subject":"EEc","subject_text":"Elektroenergetika cvičení","teacher":"Vs","teacher_text":"Vs","change_info":"","theme":"","type":"atom","absencetext":null,"has_absent":"false","absent_info_text":"","removed_info":""}],"11":[{"lesson":"0","group":"4.EB 1","room":"502","subject":"EEc","subject_text":"Elektroenergetika cvičení","teacher":"Vs","teacher_text":"Vs","change_info":"","theme":"","type":"atom","absencetext":null,"has_absent":"false","absent_info_text":"","removed_info":""}],"12":[{"lesson":"1","group":"4.EB 1","room":"502","subject":"EEc","subject_text":"Elektroenergetika cvičení","teacher":"Vs","teacher_text":"Vs","change_info":"","theme":"","type":"atom","absencetext":null,"has_absent":"false","absent_info_text":"","removed_info":""}],"19":[{"lesson":"8","group":"3.S P2","room":"502","subject":"CRS","subject_text":"Číslicové řízení strojů","teacher":"Mi","teacher_text":"Mi","change_info":"","theme":"","type":"atom","absencetext":null,"has_absent":"false","absent_info_text":"","removed_info":""}],"20":[{"lesson":"9","group":"3.S P2","room":"502","subject":"CRS","subject_text":"Číslicové řízení strojů","teacher":"Mi","teacher_text":"Mi","change_info":"","theme":"","type":"atom","absencetext":null,"has_absent":"false","absent_info_text":"","removed_info":""}],"23":[{"lesson":"1","group":"4.EB 1","room":"502","subject":"IT","subject_text":"Informační technologie","teacher":"Br","teacher_text":"Br","change_info":"","theme":"","type":"atom","absencetext":null,"has_absent":"false","absent_info_text":"","removed_info":""}],"24":[{"lesson":"2","group":"4.EB 1","room":"502","subject":"IT","subject_text":"Informační technologie","teacher":"Br","teacher_text":"Br","change_info":"","theme":"","type":"atom","absencetext":null,"has_absent":"false","absent_info_text":"","removed_info":""}],"28":[{"lesson":"6","group":"3.EE 2","room":"502","subject":"L: IT","subject_text":"Informační technologie","teacher":"Br","teacher_text":"Br","change_info":"","theme":"","type":"atom","absencetext":null,"has_absent":"false","absent_info_text":"","removed_info":""},{"lesson":"6","group":"3.EE 1","room":"502","subject":"S: IT","subject_text":"Informační technologie","teacher":"Br","teacher_text":"Br","change_info":"","theme":"","type":"atom","absencetext":null,"has_absent":"false","absent_info_text":"","removed_info":""}],"29":[{"lesson":"7","group":"3.EE 2","room":"502","subject":"L: IT","subject_text":"Informační technologie","teacher":"Br","teacher_text":"Br","change_info":"","theme":"","type":"atom","absencetext":null,"has_absent":"false","absent_info_text":"","removed_info":""},{"lesson":"7","group":"3.EE 1","room":"502","subject":"S: IT","subject_text":"Informační technologie","teacher":"Br","teacher_text":"Br","change_info":"","theme":"","type":"atom","absencetext":null,"has_absent":"false","absent_info_text":"","removed_info":""}],"33":[{"lesson":"0","group":"3.S P3","room":"502","subject":"L: SSc","subject_text":"Stavba a provoz str. cvičení","teacher":"Ta","teacher_text":"Ta","change_info":"","theme":"","type":"atom","absencetext":null,"has_absent":"false","absent_info_text":"","removed_info":""},{"lesson":"0","group":"3.S P3","room":"502","subject":"S: KPP","subject_text":"Konstruování pomocí počítačů","teacher":"Ta","teacher_text":"Ta","change_info":"","theme":"","type":"atom","absencetext":null,"has_absent":"false","absent_info_text":"","removed_info":""}],"34":[{"lesson":"1","group":"3.S P3","room":"502","subject":"L: SSc","subject_text":"Stavba a provoz str. cvičení","teacher":"Ta","teacher_text":"Ta","change_info":"","theme":"","type":"atom","absencetext":null,"has_absent":"false","absent_info_text":"","removed_info":""},{"lesson":"1","group":"3.S P3","room":"502","subject":"S: KPP","subject_text":"Konstruování pomocí počítačů","teacher":"Ta","teacher_text":"Ta","change_info":"","theme":"","type":"atom","absencetext":null,"has_absent":"false","absent_info_text":"","removed_info":""}],"35":[{"lesson":"2","group":"1.EM 1","room":"502","subject":"STRc","subject_text":"Strojírenství - cvičení","teacher":"St","teacher_text":"St","change_info":"","theme":"","type":"atom","absencetext":null,"has_absent":"false","absent_info_text":"","removed_info":""}],"36":[{"lesson":"3","group":"1.EM 1","room":"502","subject":"STRc","subject_text":"Strojírenství - cvičení","teacher":"St","teacher_text":"St","change_info":"","theme":"","type":"atom","absencetext":null,"has_absent":"false","absent_info_text":"","removed_info":""}],"37":[{"lesson":"4","group":"2.EM 2","room":"502","subject":"STRc","subject_text":"Strojírenství - cvičení","teacher":"St","teacher_text":"St","change_info":"","theme":"","type":"atom","absencetext":null,"has_absent":"false","absent_info_text":"","removed_info":""}],"38":[{"lesson":"5","group":"2.EM 2","room":"502","subject":"STRc","subject_text":"Strojírenství - cvičení","teacher":"St","teacher_text":"St","change_info":"","theme":"","type":"atom","absencetext":null,"has_absent":"false","absent_info_text":"","removed_info":""}],"49":[{"lesson":"5","group":"2.EM 1","room":"502","subject":"STRc","subject_text":"Strojírenství - cvičení","teacher":"St","teacher_text":"St","change_info":"","theme":"","type":"atom","absencetext":null,"has_absent":"false","absent_info_text":"","removed_info":""}],"50":[{"lesson":"6","group":"2.EM 1","room":"502","subject":"STRc","subject_text":"Strojírenství - cvičení","teacher":"St","teacher_text":"St","change_info":"","theme":"","type":"atom","absencetext":null,"has_absent":"false","absent_info_text":"","removed_info":""}]}