{"0":[{"lesson":"0","group":"4.EA 2","room":"316","subject":"MTc","subject_text":"Mikroprocesorová technika cvičení","teacher":"","teacher_text":"","change_info":"","theme":"Úlohy s Arduino podle schopností studentů, maticový zobrazovač","type":"atom","absencetext":null,"has_absent":"false","absent_info_text":"","removed_info":""}],"1":[{"lesson":"1","group":"4.EA 2","room":"316","subject":"MTc","subject_text":"Mikroprocesorová technika cvičení","teacher":"","teacher_text":"","change_info":"","theme":"Úlohy s Arduino podle schopností studentů, maticový zobrazovač","type":"atom","absencetext":null,"has_absent":"false","absent_info_text":"","removed_info":""}],"2":[{"lesson":"2","group":"4.EA 1","room":"316","subject":"MTc","subject_text":"Mikroprocesorová technika cvičení","teacher":"","teacher_text":"","change_info":"","theme":"Úlohy s Arduino podle schopností studentů, maticový zobrazovač","type":"atom","absencetext":null,"has_absent":"false","absent_info_text":"","removed_info":""}],"3":[{"lesson":"3","group":"4.EA 1","room":"316","subject":"MTc","subject_text":"Mikroprocesorová technika cvičení","teacher":"","teacher_text":"","change_info":"","theme":"Úlohy s Arduino podle schopností studentů, maticový zobrazovač","type":"atom","absencetext":null,"has_absent":"false","absent_info_text":"","removed_info":""}],"5":[{"lesson":"5","group":"3.ER celá","room":"212","subject":"MT","subject_text":"Mikroprocesorová technika","teacher":"","teacher_text":"","change_info":"","theme":"Vlastnosti cvičného cvičného mikroprocesoru","type":"atom","absencetext":null,"has_absent":"false","absent_info_text":"","removed_info":""}],"7":[{"lesson":"7","group":"4.EA celá","room":"406","subject":"EN","subject_text":"Elektronická zařízení","teacher":"","teacher_text":"","change_info":"","theme":"Analogové modulace, stereofonní signál, analogové televizní a rozhalsové vysílání a příjem","type":"atom","absencetext":null,"has_absent":"false","absent_info_text":"","removed_info":""}],"12":[{"lesson":"1","group":"4.EA celá","room":"406","subject":"MT","subject_text":"Mikroprocesorová technika","teacher":"","teacher_text":"","change_info":"","theme":"DNS sever, spojování, síťování","type":"atom","absencetext":null,"has_absent":"false","absent_info_text":"","removed_info":""}],"16":[{"lesson":"5","group":"2.ER celá","room":"104","subject":"ET","subject_text":"Elektronika","teacher":"","teacher_text":"","change_info":"","theme":"Transformátory, výpočty,užití","type":"atom","absencetext":null,"has_absent":"false","absent_info_text":"","removed_info":""}],"18":[{"lesson":"7","group":"3.ER 1","room":"206","subject":"IT","subject_text":"Informační technologie","teacher":"","teacher_text":"","change_info":"","theme":"Podprogramy, volání, členění v těle programu, programy podle možností studentů","type":"atom","absencetext":null,"has_absent":"false","absent_info_text":"","removed_info":""}],"19":[{"lesson":"8","group":"3.ER 1","room":"206","subject":"IT","subject_text":"Informační technologie","teacher":"","teacher_text":"","change_info":"","theme":"Podprogramy, volání, členění v těle programu, programy podle možností studentů","type":"atom","absencetext":null,"has_absent":"false","absent_info_text":"","removed_info":""}],"28":[{"lesson":"6","group":"3.ER P2","room":"316","subject":"MTc","subject_text":"Mikroprocesorová technika cvičení","teacher":"","teacher_text":"","change_info":"","theme":"Knihovny, základy obsluhy a tvorby vlastní knihovny","type":"atom","absencetext":null,"has_absent":"false","absent_info_text":"","removed_info":""}],"29":[{"lesson":"7","group":"3.ER P2","room":"316","subject":"MTc","subject_text":"Mikroprocesorová technika cvičení","teacher":"","teacher_text":"","change_info":"","theme":"Knihovny, základy obsluhy a tvorby vlastní knihovny","type":"atom","absencetext":null,"has_absent":"false","absent_info_text":"","removed_info":""}],"39":[{"lesson":"6","group":"4.EA 1","room":"316","subject":"ENc","subject_text":"ElektroZař","teacher":"","teacher_text":"","change_info":"","theme":"Zpětná vazba","type":"atom","absencetext":null,"has_absent":"false","absent_info_text":"","removed_info":""}],"40":[{"lesson":"7","group":"4.EA 1","room":"316","subject":"ENc","subject_text":"ElektroZař","teacher":"","teacher_text":"","change_info":"","theme":"Zpětná vazba","type":"atom","absencetext":null,"has_absent":"false","absent_info_text":"","removed_info":""}],"41":[{"lesson":"8","group":"2.ER 1","room":"316","subject":"ETc","subject_text":"Elektronika - cvičení","teacher":"","teacher_text":"","change_info":"","theme":"Arduino a jeho seriový monitor, využití, výstupy a vstupy do programu","type":"atom","absencetext":null,"has_absent":"false","absent_info_text":"","removed_info":""}],"42":[{"lesson":"9","group":"2.ER 1","room":"316","subject":"ETc","subject_text":"Elektronika - cvičení","teacher":"","teacher_text":"","change_info":"","theme":"Arduino a jeho seriový monitor, využití, výstupy a vstupy do programu","type":"atom","absencetext":null,"has_absent":"false","absent_info_text":"","removed_info":""}],"46":[{"lesson":"2","group":"3.ER celá","room":"212","subject":"MT","subject_text":"Mikroprocesorová technika","teacher":"","teacher_text":"","change_info":"","theme":"Vlastnosti cvičného mikroprocesoru","type":"atom","absencetext":null,"has_absent":"false","absent_info_text":"","removed_info":""}],"47":[{"lesson":"3","group":"4.EA celá","room":"406","subject":"EN","subject_text":"Elektronická zařízení","teacher":"","teacher_text":"","change_info":"","theme":"GSM, pozemní pohyblivá služba","type":"atom","absencetext":null,"has_absent":"false","absent_info_text":"","removed_info":""}],"48":[{"lesson":"4","group":"2.ER celá","room":"104","subject":"ET","subject_text":"Elektronika","teacher":"","teacher_text":"","change_info":"","theme":"Transformátory, výpočty,užití","type":"atom","absencetext":null,"has_absent":"false","absent_info_text":"","removed_info":""}],"49":[{"lesson":"5","group":"4.EA celá","room":"406","subject":"MT","subject_text":"Mikroprocesorová technika","teacher":"","teacher_text":"","change_info":"","theme":"DNS sever, spojování, síťování","type":"atom","absencetext":null,"has_absent":"false","absent_info_text":"","removed_info":""}]}