{"3":[{"lesson":"3","group":"1.S 2","room":"206","subject":"IT","subject_text":"Informační technologie","teacher":"Šm","teacher_text":"Šm","change_info":"","theme":"Úvod do hardware - GPU, přídavné karty, úložiště","type":"atom","absencetext":null,"has_absent":"false","absent_info_text":"","removed_info":""}],"4":[{"lesson":"4","group":"1.S 2","room":"206","subject":"IT","subject_text":"Informační technologie","teacher":"Hm","teacher_text":"Hm","change_info":"","theme":"Python - samostatná práce - podmínky","type":"atom","absencetext":null,"has_absent":"false","absent_info_text":"","removed_info":""}],"7":[{"lesson":"7","group":"1.ER 1","room":"206","subject":"IT","subject_text":"Informační technologie","teacher":"Šm","teacher_text":"Šm","change_info":"","theme":"Python - kreslení s barvou","type":"atom","absencetext":null,"has_absent":"false","absent_info_text":"","removed_info":""}],"8":[{"lesson":"8","group":"1.ER 1","room":"206","subject":"IT","subject_text":"Informační technologie","teacher":"Šm","teacher_text":"Šm","change_info":"","theme":"Python - kreslení s barvou","type":"atom","absencetext":null,"has_absent":"false","absent_info_text":"","removed_info":""}],"13":[{"lesson":"2","group":"2.EM 2","room":"206","subject":"IT","subject_text":"Informační technologie","teacher":"Šm","teacher_text":"Šm","change_info":"","theme":"Entity a relace","type":"atom","absencetext":null,"has_absent":"false","absent_info_text":"","removed_info":""}],"14":[{"lesson":"3","group":"2.EM 2","room":"206","subject":"IT","subject_text":"Informační technologie","teacher":"Šm","teacher_text":"Šm","change_info":"","theme":"Entity a relace","type":"atom","absencetext":null,"has_absent":"false","absent_info_text":"","removed_info":""}],"18":[{"lesson":"7","group":"3.ER 1","room":"206","subject":"IT","subject_text":"Informační technologie","teacher":"Ke","teacher_text":"Ke","change_info":"","theme":"Struktura programu v C, formátování, smyčky, programy podle možností studentů","type":"atom","absencetext":null,"has_absent":"false","absent_info_text":"","removed_info":""}],"19":[{"lesson":"8","group":"3.ER 1","room":"206","subject":"IT","subject_text":"Informační technologie","teacher":"Ke","teacher_text":"Ke","change_info":"","theme":"Struktura programu v C, formátování, smyčky, programy podle možností studentů","type":"atom","absencetext":null,"has_absent":"false","absent_info_text":"","removed_info":""}],"26":[{"lesson":"4","group":"1.EM 2","room":"206","subject":"IT","subject_text":"Informační technologie","teacher":"Šm","teacher_text":"Šm","change_info":"","theme":"Python - kreslení s barvami","type":"atom","absencetext":null,"has_absent":"false","absent_info_text":"","removed_info":""}],"27":[{"lesson":"5","group":"1.EM 2","room":"206","subject":"IT","subject_text":"Informační technologie","teacher":"Pt","teacher_text":"Pt","change_info":"","theme":"","type":"atom","absencetext":null,"has_absent":"false","absent_info_text":"","removed_info":""}],"28":[{"lesson":"6","group":"2.S 2","room":"206","subject":"IT","subject_text":"Informační technologie","teacher":"Šm","teacher_text":"Šm","change_info":"","theme":"","type":"atom","absencetext":null,"has_absent":"false","absent_info_text":"","removed_info":""}],"29":[{"lesson":"7","group":"2.S 2","room":"206","subject":"IT","subject_text":"Informační technologie","teacher":"Šm","teacher_text":"Šm","change_info":"","theme":"","type":"atom","absencetext":null,"has_absent":"false","absent_info_text":"","removed_info":""}],"37":[{"lesson":"4","group":"2.ER 2","room":"206","subject":"IT","subject_text":"Informační technologie","teacher":"Šm","teacher_text":"Šm","change_info":"","theme":"Entita a relace","type":"atom","absencetext":null,"has_absent":"false","absent_info_text":"","removed_info":""}],"38":[{"lesson":"5","group":"2.ER 2","room":"206","subject":"IT","subject_text":"Informační technologie","teacher":"Šm","teacher_text":"Šm","change_info":"","theme":"Entita a relace","type":"atom","absencetext":null,"has_absent":"false","absent_info_text":"","removed_info":""}],"39":[{"lesson":"6","group":"2.EE 2","room":"206","subject":"IT","subject_text":"Informační technologie","teacher":"Šm","teacher_text":"Šm","change_info":"","theme":"Entita a relace","type":"atom","absencetext":null,"has_absent":"false","absent_info_text":"","removed_info":""}],"40":[{"lesson":"7","group":"2.EE 2","room":"206","subject":"IT","subject_text":"Informační technologie","teacher":"Šm","teacher_text":"Šm","change_info":"","theme":"Entita a relace","type":"atom","absencetext":null,"has_absent":"false","absent_info_text":"","removed_info":""}],"41":[{"lesson":"8","group":"2.ER 1","room":"206","subject":"ZEc","subject_text":"Základy elektrotechniky-cvičení","teacher":"Se","teacher_text":"Se","change_info":"","theme":"","type":"atom","absencetext":null,"has_absent":"false","absent_info_text":"","removed_info":""}],"42":[{"lesson":"9","group":"2.ER 1","room":"206","subject":"ZEc","subject_text":"Základy elektrotechniky-cvičení","teacher":"Se","teacher_text":"Se","change_info":"","theme":"","type":"atom","absencetext":null,"has_absent":"false","absent_info_text":"","removed_info":""}]}