{"1":[{"lesson":"1","group":"2.EM celá","room":"210","subject":"CL","subject_text":"Český jazyk a literatura","teacher":"Pz","teacher_text":"Pz","change_info":"","theme":"","type":"atom","absencetext":null,"has_absent":"false","absent_info_text":"","removed_info":""}],"2":[{"lesson":"2","group":"2.EM celá","room":"210","subject":"FY","subject_text":"Fyzika","teacher":"Pt","teacher_text":"Pt","change_info":"","theme":"","type":"atom","absencetext":null,"has_absent":"false","absent_info_text":"","removed_info":""}],"3":[{"lesson":"3","group":"2.EM celá","room":"210","subject":"TES","subject_text":"Technologie ve strojírenství","teacher":"Fr","teacher_text":"Fr","change_info":"","theme":"","type":"atom","absencetext":null,"has_absent":"false","absent_info_text":"","removed_info":""}],"4":[{"lesson":"4","group":"2.EM celá","room":"210","subject":"TES","subject_text":"Technologie ve strojírenství","teacher":"Fr","teacher_text":"Fr","change_info":"","theme":"","type":"atom","absencetext":null,"has_absent":"false","absent_info_text":"","removed_info":""}],"5":[{"lesson":"5","group":"2.EM 1","room":"210","subject":"AJ","subject_text":"Anglický jazyk","teacher":"Má","teacher_text":"Má","change_info":"","theme":"","type":"atom","absencetext":null,"has_absent":"false","absent_info_text":"","removed_info":""}],"6":[{"lesson":"6","group":"2.EM celá","room":"210","subject":"MA","subject_text":"Matematika","teacher":"Hm","teacher_text":"Hm","change_info":"","theme":"","type":"atom","absencetext":null,"has_absent":"false","absent_info_text":"","removed_info":""}],"11":[{"lesson":"0","group":"2.EM celá","room":"210","subject":"ZSV","subject_text":"Základy společenských věd","teacher":"Fd","teacher_text":"Fd","change_info":"","theme":"","type":"atom","absencetext":null,"has_absent":"false","absent_info_text":"","removed_info":""}],"12":[{"lesson":"1","group":"2.EM celá","room":"210","subject":"CL","subject_text":"Český jazyk a literatura","teacher":"Pz","teacher_text":"Pz","change_info":"","theme":"","type":"atom","absencetext":null,"has_absent":"false","absent_info_text":"","removed_info":""}],"14":[{"lesson":"3","group":"4.SB 1","room":"210","subject":"AJ","subject_text":"Anglický jazyk","teacher":"Ds","teacher_text":"Ds","change_info":"","theme":"","type":"atom","absencetext":null,"has_absent":"false","absent_info_text":"","removed_info":""}],"15":[{"lesson":"4","group":"2.EM 1","room":"210","subject":"AJ","subject_text":"Anglický jazyk","teacher":"Má","teacher_text":"Má","change_info":"","theme":"","type":"atom","absencetext":null,"has_absent":"false","absent_info_text":"","removed_info":""}],"16":[{"lesson":"5","group":"2.EM celá","room":"210","subject":"MA","subject_text":"Matematika","teacher":"Hm","teacher_text":"Hm","change_info":"","theme":"","type":"atom","absencetext":null,"has_absent":"false","absent_info_text":"","removed_info":""}],"19":[{"lesson":"8","group":"1.ER 2","room":"210","subject":"AJ","subject_text":"Anglický jazyk","teacher":"By","teacher_text":"By","change_info":"","theme":"","type":"atom","absencetext":null,"has_absent":"false","absent_info_text":"","removed_info":""}],"25":[{"lesson":"3","group":"2.EM celá","room":"210","subject":"ELT","subject_text":"Elektrotechnika","teacher":"Si","teacher_text":"Si","change_info":"","theme":"","type":"atom","absencetext":null,"has_absent":"false","absent_info_text":"","removed_info":""}],"26":[{"lesson":"4","group":"2.EM celá","room":"210","subject":"CL","subject_text":"Český jazyk a literatura","teacher":"Pz","teacher_text":"Pz","change_info":"","theme":"","type":"atom","absencetext":null,"has_absent":"false","absent_info_text":"","removed_info":""}],"28":[{"lesson":"6","group":"2.EM celá","room":"210","subject":"STR","subject_text":"Strojírenství","teacher":"St","teacher_text":"St","change_info":"","theme":"","type":"atom","absencetext":null,"has_absent":"false","absent_info_text":"","removed_info":""}],"29":[{"lesson":"7","group":"2.EM celá","room":"210","subject":"STR","subject_text":"Strojírenství","teacher":"St","teacher_text":"St","change_info":"","theme":"","type":"atom","absencetext":null,"has_absent":"false","absent_info_text":"","removed_info":""}],"34":[{"lesson":"1","group":"2.EM celá","room":"210","subject":"FY","subject_text":"Fyzika","teacher":"Pt","teacher_text":"Pt","change_info":"","theme":"","type":"atom","absencetext":null,"has_absent":"false","absent_info_text":"","removed_info":""}],"35":[{"lesson":"2","group":"2.EM 2","room":"210","subject":"MA","subject_text":"Matematika","teacher":"Hm","teacher_text":"Hm","change_info":"","theme":"","type":"atom","absencetext":null,"has_absent":"false","absent_info_text":"","removed_info":""}],"36":[{"lesson":"3","group":"2.EM 1","room":"210","subject":"MA","subject_text":"Matematika","teacher":"Hm","teacher_text":"Hm","change_info":"","theme":"","type":"atom","absencetext":null,"has_absent":"false","absent_info_text":"","removed_info":""}],"38":[{"lesson":"5","group":"2.S 1","room":"210","subject":"AJ","subject_text":"Anglický jazyk","teacher":"Má","teacher_text":"Má","change_info":"","theme":"","type":"atom","absencetext":null,"has_absent":"false","absent_info_text":"","removed_info":""}],"39":[{"lesson":"6","group":"2.EM celá","room":"210","subject":"ZSV","subject_text":"Základy společenských věd","teacher":"Fd","teacher_text":"Fd","change_info":"","theme":"","type":"atom","absencetext":null,"has_absent":"false","absent_info_text":"","removed_info":""}],"41":[{"lesson":"8","group":"2.EM 1","room":"210","subject":"AJ","subject_text":"Anglický jazyk","teacher":"Má","teacher_text":"Má","change_info":"","theme":"","type":"atom","absencetext":null,"has_absent":"false","absent_info_text":"","removed_info":""}],"45":[{"lesson":"1","group":"2.EM celá","room":"210","subject":"ELT","subject_text":"Elektrotechnika","teacher":"Si","teacher_text":"Si","change_info":"","theme":"","type":"atom","absencetext":null,"has_absent":"false","absent_info_text":"","removed_info":""}],"46":[{"lesson":"2","group":"2.EM celá","room":"210","subject":"ELT","subject_text":"Elektrotechnika","teacher":"Si","teacher_text":"Si","change_info":"","theme":"","type":"atom","absencetext":null,"has_absent":"false","absent_info_text":"","removed_info":""}],"47":[{"lesson":"3","group":"2.EM celá","room":"210","subject":"STR","subject_text":"Strojírenství","teacher":"St","teacher_text":"St","change_info":"","theme":"","type":"atom","absencetext":null,"has_absent":"false","absent_info_text":"","removed_info":""}],"48":[{"lesson":"4","group":"2.EM celá","room":"210","subject":"MA","subject_text":"Matematika","teacher":"Hm","teacher_text":"Hm","change_info":"","theme":"","type":"atom","absencetext":null,"has_absent":"false","absent_info_text":"","removed_info":""}]}