{"11":[{"lesson":"0","group":"3.EM 2","room":"104","subject":"AJ","subject_text":"Anglický jazyk","teacher":"","teacher_text":"","change_info":"","theme":"Test","type":"atom","absencetext":null,"has_absent":"false","absent_info_text":"","removed_info":""},{"lesson":"0","group":"3.EM 1","room":"104","subject":"AJ","subject_text":"Anglický jazyk","teacher":"","teacher_text":"","change_info":"Spojeno: 3.EM(1), AJ, Bydžovská Petra, 104 (3.EM(1), AJk, Quagliata Giuseppe, 220)","theme":"Revision","type":"atom","absencetext":null,"has_absent":"false","absent_info_text":"","removed_info":""}],"16":[{"lesson":"5","group":"4.EA 2","room":"111","subject":"AJ","subject_text":"Anglický jazyk","teacher":"","teacher_text":"","change_info":"","theme":"Test_ conditionals","type":"atom","absencetext":null,"has_absent":"false","absent_info_text":"","removed_info":""}],"18":[{"lesson":"7","group":"4.SA 1","room":"111","subject":"AJ","subject_text":"Anglický jazyk","teacher":"","teacher_text":"","change_info":"","theme":"Test conditionals","type":"atom","absencetext":null,"has_absent":"false","absent_info_text":"","removed_info":""},{"lesson":"7","group":"4.SA 2","room":"111","subject":"AJ","subject_text":"Anglický jazyk","teacher":"","teacher_text":"","change_info":"Spojeno: 4.SA(2), Bydžovská Petra, 111 (4.SA(2), Ohnsorg Petra, 220)","theme":"Test conditionals","type":"atom","absencetext":null,"has_absent":"false","absent_info_text":"","removed_info":""}],"19":[{"lesson":"8","group":"1.ER 2","room":"210","subject":"AJ","subject_text":"Anglický jazyk","teacher":"","teacher_text":"","change_info":"","theme":"Adverbs","type":"atom","absencetext":null,"has_absent":"false","absent_info_text":"","removed_info":""}],"40":[{"lesson":"7","group":"3.EM 2","room":"104","subject":"AJ","subject_text":"Anglický jazyk","teacher":"","teacher_text":"","change_info":"","theme":"","type":"atom","absencetext":null,"has_absent":"false","absent_info_text":"","removed_info":""}],"41":[{"lesson":"8","group":"1.ER 2","room":"113","subject":"AJ","subject_text":"Anglický jazyk","teacher":"","teacher_text":"","change_info":"","theme":"","type":"atom","absencetext":null,"has_absent":"false","absent_info_text":"","removed_info":""}],"44":[{"lesson":"0","group":"4.EA 2","room":"406","subject":"AJ","subject_text":"Anglický jazyk","teacher":"","teacher_text":"","change_info":"","theme":"","type":"atom","absencetext":null,"has_absent":"false","absent_info_text":"","removed_info":""}],"45":[{"lesson":"","group":"","room":"","subject":"","subject_text":"","teacher":null,"teacher_text":"","change_info":"","theme":null,"type":"removed","absencetext":null,"has_absent":"","absent_info_text":"","removed_info":"Absence třídy (4.SA, AJ)"}],"46":[{"lesson":"2","group":"1.ER 2","room":"113","subject":"AJ","subject_text":"Anglický jazyk","teacher":"","teacher_text":"","change_info":"","theme":"","type":"atom","absencetext":null,"has_absent":"false","absent_info_text":"","removed_info":""}]}