{"11":[{"lesson":"0","group":"3.EM 2","room":"104","subject":"AJ","subject_text":"Anglický jazyk","teacher":"","teacher_text":"","change_info":"","theme":"","type":"atom","absencetext":null,"has_absent":"false","absent_info_text":"","removed_info":""}],"16":[{"lesson":"5","group":"4.EA 2","room":"201","subject":"AJ","subject_text":"Anglický jazyk","teacher":"","teacher_text":"","change_info":"","theme":"","type":"atom","absencetext":null,"has_absent":"false","absent_info_text":"","removed_info":""}],"18":[{"lesson":"7","group":"4.SA 1","room":"111","subject":"AJ","subject_text":"Anglický jazyk","teacher":"","teacher_text":"","change_info":"","theme":"","type":"atom","absencetext":null,"has_absent":"false","absent_info_text":"","removed_info":""}],"19":[{"lesson":"8","group":"1.ER 2","room":"210","subject":"AJ","subject_text":"Anglický jazyk","teacher":"","teacher_text":"","change_info":"","theme":"","type":"atom","absencetext":null,"has_absent":"false","absent_info_text":"","removed_info":""}],"40":[{"lesson":"7","group":"3.EM 2","room":"104","subject":"AJ","subject_text":"Anglický jazyk","teacher":"","teacher_text":"","change_info":"","theme":"","type":"atom","absencetext":null,"has_absent":"false","absent_info_text":"","removed_info":""}],"41":[{"lesson":"8","group":"1.ER 2","room":"113","subject":"AJ","subject_text":"Anglický jazyk","teacher":"","teacher_text":"","change_info":"","theme":"","type":"atom","absencetext":null,"has_absent":"false","absent_info_text":"","removed_info":""}],"44":[{"lesson":"0","group":"4.EA 2","room":"406","subject":"AJ","subject_text":"Anglický jazyk","teacher":"","teacher_text":"","change_info":"","theme":"","type":"atom","absencetext":null,"has_absent":"false","absent_info_text":"","removed_info":""}],"45":[{"lesson":"1","group":"4.SA 1","room":"201","subject":"AJ","subject_text":"Anglický jazyk","teacher":"","teacher_text":"","change_info":"","theme":"","type":"atom","absencetext":null,"has_absent":"false","absent_info_text":"","removed_info":""}],"46":[{"lesson":"2","group":"1.ER 2","room":"113","subject":"AJ","subject_text":"Anglický jazyk","teacher":"","teacher_text":"","change_info":"","theme":"","type":"atom","absencetext":null,"has_absent":"false","absent_info_text":"","removed_info":""}]}