{"0":[{"lesson":"0","group":"4.SB celá","room":"213","subject":"TV","subject_text":"Tělesná výchova","teacher":"","teacher_text":"","change_info":"","theme":"Turnaj ve florbalu","type":"atom","absencetext":null,"has_absent":"false","absent_info_text":"","removed_info":""}],"1":[{"lesson":"1","group":"4.SB celá","room":"213","subject":"TV","subject_text":"Tělesná výchova","teacher":"","teacher_text":"","change_info":"","theme":"Turnaj ve florbalu","type":"atom","absencetext":null,"has_absent":"false","absent_info_text":"","removed_info":""}],"3":[{"lesson":"3","group":"1.EE 1","room":"213","subject":"TV","subject_text":"Tělesná výchova","teacher":"","teacher_text":"","change_info":"","theme":"Bruslení","type":"atom","absencetext":null,"has_absent":"false","absent_info_text":"","removed_info":""},{"lesson":"3","group":"1.EE 2","room":"213","subject":"TV","subject_text":"Tělesná výchova","teacher":"","teacher_text":"","change_info":"Spojeno: 1.EE(2), Bican Tomáš, 213 (1.EE(2), Mach Radek)","theme":"Bruslení","type":"atom","absencetext":null,"has_absent":"false","absent_info_text":"","removed_info":""}],"4":[{"lesson":"4","group":"1.EE 1","room":"213","subject":"TV","subject_text":"Tělesná výchova","teacher":"","teacher_text":"","change_info":"","theme":"Bruslení","type":"atom","absencetext":null,"has_absent":"false","absent_info_text":"","removed_info":""},{"lesson":"4","group":"1.EE 2","room":"213","subject":"TV","subject_text":"Tělesná výchova","teacher":"","teacher_text":"","change_info":"Spojeno: 1.EE(2), Bican Tomáš, 213 (1.EE(2), Mach Radek)","theme":"Bruslení","type":"atom","absencetext":null,"has_absent":"false","absent_info_text":"","removed_info":""}],"13":[{"lesson":"2","group":"3.ER 1","room":"213","subject":"TV","subject_text":"Tělesná výchova","teacher":"","teacher_text":"","change_info":"","theme":"Bruslení","type":"atom","absencetext":null,"has_absent":"false","absent_info_text":"","removed_info":""},{"lesson":"2","group":"3.ER 2","room":"213","subject":"TV","subject_text":"Tělesná výchova","teacher":"","teacher_text":"","change_info":"Spojeno: 3.ER(2), Bican Tomáš, 213 (3.ER(2), Mach Radek)","theme":"Bruslení","type":"atom","absencetext":null,"has_absent":"false","absent_info_text":"","removed_info":""}],"14":[{"lesson":"3","group":"3.ER 1","room":"213","subject":"TV","subject_text":"Tělesná výchova","teacher":"","teacher_text":"","change_info":"","theme":"Bruslení","type":"atom","absencetext":null,"has_absent":"false","absent_info_text":"","removed_info":""},{"lesson":"3","group":"3.ER 2","room":"213","subject":"TV","subject_text":"Tělesná výchova","teacher":"","teacher_text":"","change_info":"Spojeno: 3.ER(2), Bican Tomáš, 213 (3.ER(2), Mach Radek)","theme":"Bruslení","type":"atom","absencetext":null,"has_absent":"false","absent_info_text":"","removed_info":""}],"15":[{"lesson":"4","group":"2.EE 1","room":"213","subject":"TV","subject_text":"Tělesná výchova","teacher":"","teacher_text":"","change_info":"","theme":"Bruslení","type":"atom","absencetext":null,"has_absent":"false","absent_info_text":"","removed_info":""},{"lesson":"4","group":"2.EE 2","room":"213","subject":"TV","subject_text":"Tělesná výchova","teacher":"","teacher_text":"","change_info":"Spojeno: 2.EE(2), Bican Tomáš, 213 (2.EE(2), Mach Radek)","theme":"Bruslení","type":"atom","absencetext":null,"has_absent":"false","absent_info_text":"","removed_info":""}],"16":[{"lesson":"5","group":"2.EE 1","room":"213","subject":"TV","subject_text":"Tělesná výchova","teacher":"","teacher_text":"","change_info":"","theme":"Bruslení","type":"atom","absencetext":null,"has_absent":"false","absent_info_text":"","removed_info":""},{"lesson":"5","group":"2.EE 2","room":"213","subject":"TV","subject_text":"Tělesná výchova","teacher":"","teacher_text":"","change_info":"Spojeno: 2.EE(2), Bican Tomáš, 213 (2.EE(2), Mach Radek)","theme":"Bruslení","type":"atom","absencetext":null,"has_absent":"false","absent_info_text":"","removed_info":""}],"18":[{"lesson":"7","group":"2.EM 1","room":"213","subject":"TV","subject_text":"Tělesná výchova","teacher":"","teacher_text":"","change_info":"","theme":"Bruslení","type":"atom","absencetext":null,"has_absent":"false","absent_info_text":"","removed_info":""},{"lesson":"7","group":"2.EM 2","room":"213","subject":"TV","subject_text":"Tělesná výchova","teacher":"","teacher_text":"","change_info":"Spojeno: 2.EM(2), Bican Tomáš, 213 (2.EM(2), Mach Radek)","theme":"Bruslení","type":"atom","absencetext":null,"has_absent":"false","absent_info_text":"","removed_info":""}],"19":[{"lesson":"8","group":"2.EM 1","room":"213","subject":"TV","subject_text":"Tělesná výchova","teacher":"","teacher_text":"","change_info":"","theme":"Bruslení","type":"atom","absencetext":null,"has_absent":"false","absent_info_text":"","removed_info":""},{"lesson":"8","group":"2.EM 2","room":"213","subject":"TV","subject_text":"Tělesná výchova","teacher":"","teacher_text":"","change_info":"Spojeno: 2.EM(2), Bican Tomáš, 213 (2.EM(2), Mach Radek)","theme":"Bruslení","type":"atom","absencetext":null,"has_absent":"false","absent_info_text":"","removed_info":""}],"23":[{"lesson":"1","group":"4.SA celá","room":"213","subject":"TV","subject_text":"Tělesná výchova","teacher":"","teacher_text":"","change_info":"","theme":"Plavecký výcvik","type":"atom","absencetext":null,"has_absent":"false","absent_info_text":"","removed_info":""}],"24":[{"lesson":"2","group":"4.SA celá","room":"213","subject":"TV","subject_text":"Tělesná výchova","teacher":"","teacher_text":"","change_info":"","theme":"Plavecký výcvik","type":"atom","absencetext":null,"has_absent":"false","absent_info_text":"","removed_info":""}],"25":[{"lesson":"3","group":"4.EA 1","room":"213","subject":"TV","subject_text":"Tělesná výchova","teacher":"","teacher_text":"","change_info":"","theme":"Bruslení","type":"atom","absencetext":null,"has_absent":"false","absent_info_text":"","removed_info":""},{"lesson":"3","group":"4.EA 2","room":"213","subject":"TV","subject_text":"Tělesná výchova","teacher":"","teacher_text":"","change_info":"Spojeno: 4.EA(2), Bican Tomáš, 213 (4.EA(2), Mach Radek)","theme":"Bruslení","type":"atom","absencetext":null,"has_absent":"false","absent_info_text":"","removed_info":""}],"26":[{"lesson":"4","group":"4.EA 1","room":"213","subject":"TV","subject_text":"Tělesná výchova","teacher":"","teacher_text":"","change_info":"","theme":"Bruslení","type":"atom","absencetext":null,"has_absent":"false","absent_info_text":"","removed_info":""},{"lesson":"4","group":"4.EA 2","room":"213","subject":"TV","subject_text":"Tělesná výchova","teacher":"","teacher_text":"","change_info":"Spojeno: 4.EA(2), Bican Tomáš, 213 (4.EA(2), Mach Radek)","theme":"Bruslení","type":"atom","absencetext":null,"has_absent":"false","absent_info_text":"","removed_info":""}],"33":[{"lesson":"0","group":"2.S celá","room":"213","subject":"TV","subject_text":"Tělesná výchova","teacher":"","teacher_text":"","change_info":"","theme":"Plavecký výcvik","type":"atom","absencetext":null,"has_absent":"false","absent_info_text":"","removed_info":""}],"34":[{"lesson":"1","group":"2.S celá","room":"213","subject":"TV","subject_text":"Tělesná výchova","teacher":"","teacher_text":"","change_info":"","theme":"Plavecký výcvik","type":"atom","absencetext":null,"has_absent":"false","absent_info_text":"","removed_info":""}],"35":[{"lesson":"2","group":"3.S 1","room":"213","subject":"TV","subject_text":"Tělesná výchova","teacher":"","teacher_text":"","change_info":"","theme":"Bruslení","type":"atom","absencetext":null,"has_absent":"false","absent_info_text":"","removed_info":""},{"lesson":"2","group":"3.S 2","room":"213","subject":"TV","subject_text":"Tělesná výchova","teacher":"","teacher_text":"","change_info":"Spojeno: 3.S(2), Bican Tomáš, 213 (3.S(2), Mach Radek)","theme":"Bruslení","type":"atom","absencetext":null,"has_absent":"false","absent_info_text":"","removed_info":""}],"36":[{"lesson":"3","group":"3.S 1","room":"213","subject":"TV","subject_text":"Tělesná výchova","teacher":"","teacher_text":"","change_info":"","theme":"Bruslení","type":"atom","absencetext":null,"has_absent":"false","absent_info_text":"","removed_info":""},{"lesson":"3","group":"3.S 2","room":"213","subject":"TV","subject_text":"Tělesná výchova","teacher":"","teacher_text":"","change_info":"Spojeno: 3.S(2), Bican Tomáš, 213 (3.S(2), Mach Radek)","theme":"Bruslení","type":"atom","absencetext":null,"has_absent":"false","absent_info_text":"","removed_info":""}],"37":[{"lesson":"4","group":"1.EM 1","room":"213","subject":"TV","subject_text":"Tělesná výchova","teacher":"","teacher_text":"","change_info":"","theme":"Bruslení","type":"atom","absencetext":null,"has_absent":"false","absent_info_text":"","removed_info":""},{"lesson":"4","group":"1.EM 2","room":"213","subject":"TV","subject_text":"Tělesná výchova","teacher":"","teacher_text":"","change_info":"Spojeno: 1.EM(2), Bican Tomáš, 213 (1.EM(2), Mach Radek)","theme":"Bruslení","type":"atom","absencetext":null,"has_absent":"false","absent_info_text":"","removed_info":""}],"38":[{"lesson":"5","group":"1.EM 1","room":"213","subject":"TV","subject_text":"Tělesná výchova","teacher":"","teacher_text":"","change_info":"","theme":"Bruslení","type":"atom","absencetext":null,"has_absent":"false","absent_info_text":"","removed_info":""},{"lesson":"5","group":"1.EM 2","room":"213","subject":"TV","subject_text":"Tělesná výchova","teacher":"","teacher_text":"","change_info":"Spojeno: 1.EM(2), Bican Tomáš, 213 (1.EM(2), Mach Radek)","theme":"Bruslení","type":"atom","absencetext":null,"has_absent":"false","absent_info_text":"","removed_info":""}],"47":[{"lesson":"3","group":"4.EB 1","room":"213","subject":"TV","subject_text":"Tělesná výchova","teacher":"","teacher_text":"","change_info":"","theme":"Bruslení","type":"atom","absencetext":null,"has_absent":"false","absent_info_text":"","removed_info":""},{"lesson":"3","group":"4.EB 2","room":"213","subject":"TV","subject_text":"Tělesná výchova","teacher":"","teacher_text":"","change_info":"Spojeno: 4.EB(2), Bican Tomáš, 213 (4.EB(2), Mach Radek)","theme":"Bruslení","type":"atom","absencetext":null,"has_absent":"false","absent_info_text":"","removed_info":""}],"48":[{"lesson":"4","group":"4.EB 1","room":"213","subject":"TV","subject_text":"Tělesná výchova","teacher":"","teacher_text":"","change_info":"","theme":"Bruslení","type":"atom","absencetext":null,"has_absent":"false","absent_info_text":"","removed_info":""},{"lesson":"4","group":"4.EB 2","room":"213","subject":"TV","subject_text":"Tělesná výchova","teacher":"","teacher_text":"","change_info":"Spojeno: 4.EB(2), Bican Tomáš, 213 (4.EB(2), Mach Radek)","theme":"Bruslení","type":"atom","absencetext":null,"has_absent":"false","absent_info_text":"","removed_info":""}],"49":[{"lesson":"5","group":"2.ER 2","room":"213","subject":"TV","subject_text":"Tělesná výchova","teacher":"","teacher_text":"","change_info":"Spojeno: 2.ER(2), Bican Tomáš (2.ER(2), Mach Radek)","theme":"","type":"atom","absencetext":null,"has_absent":"false","absent_info_text":"","removed_info":""},{"lesson":"5","group":"2.ER 1","room":"213","subject":"TV","subject_text":"Tělesná výchova","teacher":"","teacher_text":"","change_info":"Změna místnosti: 213","theme":"","type":"atom","absencetext":null,"has_absent":"false","absent_info_text":"","removed_info":""}],"50":[{"lesson":"6","group":"2.ER 2","room":"213","subject":"TV","subject_text":"Tělesná výchova","teacher":"","teacher_text":"","change_info":"Spojeno: 2.ER(2), Bican Tomáš (2.ER(2), Mach Radek)","theme":"","type":"atom","absencetext":null,"has_absent":"false","absent_info_text":"","removed_info":""},{"lesson":"6","group":"2.ER 1","room":"213","subject":"TV","subject_text":"Tělesná výchova","teacher":"","teacher_text":"","change_info":"Změna místnosti: 213","theme":"","type":"atom","absencetext":null,"has_absent":"false","absent_info_text":"","removed_info":""}]}