{"0":[{"lesson":"0","group":"","room":"304","subject":"ES","subject_text":"Elektrické stroje a přístroje","teacher":"Vy","teacher_text":"Vy","change_info":"","theme":"Trakce, opakování","type":"atom","absencetext":null,"has_absent":"false","absent_info_text":"","removed_info":""}],"1":[{"lesson":"1","group":"","room":"304","subject":"ES","subject_text":"Elektrické stroje a přístroje","teacher":"Vy","teacher_text":"Vy","change_info":"","theme":"Trakce, opakování","type":"atom","absencetext":null,"has_absent":"false","absent_info_text":"","removed_info":""}],"2":[{"lesson":"2","group":"P1","room":"411","subject":"ATc","subject_text":"Automatizační technika cvičení","teacher":"Si","teacher_text":"Si","change_info":"","theme":"Úkol - sekvenční úloha na PLC","type":"atom","absencetext":null,"has_absent":"false","absent_info_text":"","removed_info":""},{"lesson":"2","group":"P2","room":"D8","subject":"ATc","subject_text":"Automatizační technika cvičení","teacher":"Bd","teacher_text":"Bd","change_info":"","theme":"Reléová technika","type":"atom","absencetext":null,"has_absent":"false","absent_info_text":"","removed_info":""},{"lesson":"2","group":"P3","room":"D24","subject":"ATc","subject_text":"Automatizační technika cvičení","teacher":"Sy","teacher_text":"Sy","change_info":"","theme":"Řízení serva pomocí PWM.","type":"atom","absencetext":null,"has_absent":"false","absent_info_text":"","removed_info":""}],"3":[{"lesson":"3","group":"P1","room":"411","subject":"ATc","subject_text":"Automatizační technika cvičení","teacher":"Si","teacher_text":"Si","change_info":"","theme":"Úkol - sekvenční úloha na PLC","type":"atom","absencetext":null,"has_absent":"false","absent_info_text":"","removed_info":""},{"lesson":"3","group":"P2","room":"D8","subject":"ATc","subject_text":"Automatizační technika cvičení","teacher":"Bd","teacher_text":"Bd","change_info":"","theme":"Reléová technika","type":"atom","absencetext":null,"has_absent":"false","absent_info_text":"","removed_info":""},{"lesson":"3","group":"P3","room":"D24","subject":"ATc","subject_text":"Automatizační technika cvičení","teacher":"Sy","teacher_text":"Sy","change_info":"","theme":"Řízení serva pomocí PWM.","type":"atom","absencetext":null,"has_absent":"false","absent_info_text":"","removed_info":""}],"4":[{"lesson":"4","group":"","room":"304","subject":"EE","subject_text":"Elektroenergetika","teacher":"Vs","teacher_text":"Vs","change_info":"","theme":"Hlavní části elektrických stanic","type":"atom","absencetext":null,"has_absent":"false","absent_info_text":"","removed_info":""}],"5":[{"lesson":"5","group":"","room":"304","subject":"ES","subject_text":"Elektrické stroje a přístroje","teacher":"Vy","teacher_text":"Vy","change_info":"","theme":"Odpínače, odpojovače, vypínače","type":"atom","absencetext":null,"has_absent":"false","absent_info_text":"","removed_info":""}],"7":[{"lesson":"7","group":"1","room":"304","subject":"AJ","subject_text":"Anglický jazyk","teacher":"Ds","teacher_text":"Ds","change_info":"","theme":"London","type":"atom","absencetext":null,"has_absent":"false","absent_info_text":"","removed_info":""},{"lesson":"7","group":"2","room":"502","subject":"EEc","subject_text":"Elektroenergetika cvičení","teacher":"Vs","teacher_text":"Vs","change_info":"","theme":"Dimenzování el. zařízení dle zkratových proudů v programu Sichr","type":"atom","absencetext":null,"has_absent":"false","absent_info_text":"","removed_info":""}],"8":[{"lesson":"8","group":"2","room":"502","subject":"EEc","subject_text":"Elektroenergetika cvičení","teacher":"Vs","teacher_text":"Vs","change_info":"","theme":"Dimenzování el. zařízení dle zkratových proudů v programu Sichr","type":"atom","absencetext":null,"has_absent":"false","absent_info_text":"","removed_info":""}],"11":[{"lesson":"0","group":"1","room":"502","subject":"EEc","subject_text":"Elektroenergetika cvičení","teacher":"Vs","teacher_text":"Vs","change_info":"","theme":"Dimenzování el. zařízení dle zkratových proudů v programu Sichr","type":"atom","absencetext":null,"has_absent":"false","absent_info_text":"","removed_info":""}],"12":[{"lesson":"1","group":"2","room":"304","subject":"AJ","subject_text":"Anglický jazyk","teacher":"Ds","teacher_text":"Ds","change_info":"","theme":"London","type":"atom","absencetext":null,"has_absent":"false","absent_info_text":"","removed_info":""},{"lesson":"1","group":"1","room":"502","subject":"EEc","subject_text":"Elektroenergetika cvičení","teacher":"Vs","teacher_text":"Vs","change_info":"","theme":"Dimenzování el. zařízení dle zkratových proudů v programu Sichr","type":"atom","absencetext":null,"has_absent":"false","absent_info_text":"","removed_info":""}],"13":[{"lesson":"2","group":"1","room":"304","subject":"AJ","subject_text":"Anglický jazyk","teacher":"Ds","teacher_text":"Ds","change_info":"","theme":"London - sights","type":"atom","absencetext":null,"has_absent":"false","absent_info_text":"","removed_info":""},{"lesson":"2","group":"2","room":"220","subject":"AJk","subject_text":"Anglický jazyk konverzace","teacher":"Qu","teacher_text":"Qu","change_info":"","theme":"Technical Vocabulary","type":"atom","absencetext":null,"has_absent":"false","absent_info_text":"","removed_info":""}],"14":[{"lesson":"3","group":"1","room":"111","subject":"CL","subject_text":"Český jazyk a literatura","teacher":"Pz","teacher_text":"Pz","change_info":"","theme":"Světová lit. po 1945 - beatníci","type":"atom","absencetext":null,"has_absent":"false","absent_info_text":"","removed_info":""},{"lesson":"3","group":"2","room":"304","subject":"MA","subject_text":"Matematika","teacher":"Pl","teacher_text":"Pl","change_info":"","theme":"Permutace s opakováním","type":"atom","absencetext":null,"has_absent":"false","absent_info_text":"","removed_info":""}],"15":[{"lesson":"4","group":"2","room":"111","subject":"CL","subject_text":"Český jazyk a literatura","teacher":"Pz","teacher_text":"Pz","change_info":"","theme":"Světová lit. po 1945 - beatníci","type":"atom","absencetext":null,"has_absent":"false","absent_info_text":"","removed_info":""},{"lesson":"4","group":"1","room":"304","subject":"MA","subject_text":"Matematika","teacher":"Pl","teacher_text":"Pl","change_info":"","theme":"Permutace s opakováním","type":"atom","absencetext":null,"has_absent":"false","absent_info_text":"","removed_info":""}],"16":[{"lesson":"","group":"","room":"","subject":"","subject_text":"","teacher":null,"teacher_text":"","change_info":"","theme":null,"type":"removed","absencetext":null,"has_absent":"","absent_info_text":"","removed_info":"Přesun na 10.12., 8. hod (EE, Vastl Jiří)"}],"17":[{"lesson":"","group":"","room":"","subject":"Absc","subject_text":"Obecná absence třídy","teacher":null,"teacher_text":"","change_info":"","theme":null,"type":"absent","absencetext":null,"has_absent":"","absent_info_text":"","removed_info":""}],"18":[{"lesson":"","group":"","room":"","subject":"Absc","subject_text":"Obecná absence třídy","teacher":null,"teacher_text":"","change_info":"","theme":null,"type":"absent","absencetext":null,"has_absent":"","absent_info_text":"","removed_info":""}],"19":[{"lesson":"8","group":"","room":"304","subject":"EE","subject_text":"Elektroenergetika","teacher":"Vs","teacher_text":"Vs","change_info":"Přesun z 10.12., 5: EE, Vastl Jiří, 304","theme":"Elektrické stanice VVN/VN a VN/NN","type":"atom","absencetext":null,"has_absent":"false","absent_info_text":"","removed_info":""}],"23":[{"lesson":"1","group":"1","room":"502","subject":"IT","subject_text":"Informační technologie","teacher":"Br","teacher_text":"Br","change_info":"","theme":"Energetická bilance","type":"atom","absencetext":null,"has_absent":"false","absent_info_text":"","removed_info":""},{"lesson":"1","group":"2","room":"303","subject":"IT","subject_text":"Informační technologie","teacher":"St","teacher_text":"St","change_info":"","theme":"Modelovaní součástí svěráku","type":"atom","absencetext":null,"has_absent":"false","absent_info_text":"","removed_info":""}],"24":[{"lesson":"2","group":"1","room":"502","subject":"IT","subject_text":"Informační technologie","teacher":"Br","teacher_text":"Br","change_info":"","theme":"Opakování","type":"atom","absencetext":null,"has_absent":"false","absent_info_text":"","removed_info":""},{"lesson":"2","group":"2","room":"303","subject":"IT","subject_text":"Informační technologie","teacher":"St","teacher_text":"St","change_info":"","theme":"Modelovaní součástí svěráku","type":"atom","absencetext":null,"has_absent":"false","absent_info_text":"","removed_info":""}],"25":[{"lesson":"3","group":"P1","room":"316","subject":"EMc","subject_text":"Elktrické měření-cvičení","teacher":"Br","teacher_text":"Br","change_info":"","theme":"Měření ionizujícího záření - zadání","type":"atom","absencetext":null,"has_absent":"false","absent_info_text":"","removed_info":""},{"lesson":"3","group":"P2","room":"317","subject":"EMc","subject_text":"Elktrické měření-cvičení","teacher":"Kn","teacher_text":"Kn","change_info":"","theme":"Blokování současného zapnutí výkonných spotřebičů.","type":"atom","absencetext":null,"has_absent":"false","absent_info_text":"","removed_info":""},{"lesson":"3","group":"P3","room":"306","subject":"EMc","subject_text":"Elktrické měření-cvičení","teacher":"Rů","teacher_text":"Rů","change_info":"","theme":"Měření úloh - dekodér, čítače, H-parametry","type":"atom","absencetext":null,"has_absent":"false","absent_info_text":"","removed_info":""}],"26":[{"lesson":"4","group":"P1","room":"316","subject":"EMc","subject_text":"Elktrické měření-cvičení","teacher":"Br","teacher_text":"Br","change_info":"","theme":"Měření ionizujícího záření - měření","type":"atom","absencetext":null,"has_absent":"false","absent_info_text":"","removed_info":""},{"lesson":"4","group":"P2","room":"317","subject":"EMc","subject_text":"Elktrické měření-cvičení","teacher":"Kn","teacher_text":"Kn","change_info":"","theme":"Blokování současného zapnutí výkonných spotřebičů.","type":"atom","absencetext":null,"has_absent":"false","absent_info_text":"","removed_info":""},{"lesson":"4","group":"P3","room":"306","subject":"EMc","subject_text":"Elktrické měření-cvičení","teacher":"Rů","teacher_text":"Rů","change_info":"","theme":"Měření úloh - dekodér, čítače, H-parametry","type":"atom","absencetext":null,"has_absent":"false","absent_info_text":"","removed_info":""}],"27":[{"lesson":"5","group":"P1","room":"316","subject":"EMc","subject_text":"Elktrické měření-cvičení","teacher":"Br","teacher_text":"Br","change_info":"","theme":"Měření ionizujícího záření - vyhodnocení","type":"atom","absencetext":null,"has_absent":"false","absent_info_text":"","removed_info":""},{"lesson":"5","group":"P2","room":"317","subject":"EMc","subject_text":"Elktrické měření-cvičení","teacher":"Kn","teacher_text":"Kn","change_info":"","theme":"Blokování současného zapnutí výkonných spotřebičů.","type":"atom","absencetext":null,"has_absent":"false","absent_info_text":"","removed_info":""},{"lesson":"5","group":"P3","room":"306","subject":"EMc","subject_text":"Elktrické měření-cvičení","teacher":"Rů","teacher_text":"Rů","change_info":"","theme":"Měření úloh - dekodér, čítače, H-parametry","type":"atom","absencetext":null,"has_absent":"false","absent_info_text":"","removed_info":""}],"28":[{"lesson":"6","group":"","room":"304","subject":"AT","subject_text":"Automatizační technika","teacher":"Sy","teacher_text":"Sy","change_info":"","theme":"Aproximační převodník.","type":"atom","absencetext":null,"has_absent":"false","absent_info_text":"","removed_info":""}],"34":[{"lesson":"1","group":"","room":"304","subject":"MA","subject_text":"Matematika","teacher":"Pl","teacher_text":"Pl","change_info":"","theme":"Kombinace s opakováním","type":"atom","absencetext":null,"has_absent":"false","absent_info_text":"","removed_info":""}],"35":[{"lesson":"2","group":"","room":"304","subject":"EZ","subject_text":"Elektrická zařízení","teacher":"Vs","teacher_text":"Vs","change_info":"","theme":"Průkaz energetické náročnosti budov","type":"atom","absencetext":null,"has_absent":"false","absent_info_text":"","removed_info":""}],"36":[{"lesson":"3","group":"2","room":"113","subject":"AJ","subject_text":"Anglický jazyk","teacher":"Ds","teacher_text":"Ds","change_info":"","theme":"London - sights","type":"atom","absencetext":null,"has_absent":"false","absent_info_text":"","removed_info":""},{"lesson":"3","group":"1","room":"220","subject":"AJk","subject_text":"Anglický jazyk konverzace","teacher":"Qu","teacher_text":"Qu","change_info":"","theme":"Technical vocabulary (Forces)","type":"atom","absencetext":null,"has_absent":"false","absent_info_text":"","removed_info":""}],"37":[{"lesson":"4","group":"","room":"304","subject":"EE","subject_text":"Elektroenergetika","teacher":"Vs","teacher_text":"Vs","change_info":"","theme":"Elektrické stanice VN/NN","type":"atom","absencetext":null,"has_absent":"false","absent_info_text":"","removed_info":""}],"38":[{"lesson":"5","group":"","room":"304","subject":"AT","subject_text":"Automatizační technika","teacher":"Sy","teacher_text":"Sy","change_info":"","theme":"Jednotaktní integrace.","type":"atom","absencetext":null,"has_absent":"false","absent_info_text":"","removed_info":""}],"39":[{"lesson":"6","group":"","room":"304","subject":"CL","subject_text":"Český jazyk a literatura","teacher":"Pz","teacher_text":"Pz","change_info":"","theme":"Opakování vypravování","type":"atom","absencetext":null,"has_absent":"false","absent_info_text":"","removed_info":""}],"45":[{"lesson":"1","group":"","room":"304","subject":"MA","subject_text":"Matematika","teacher":"Pl","teacher_text":"Pl","change_info":"","theme":"Vlastnosti kombinačních čísel","type":"atom","absencetext":null,"has_absent":"false","absent_info_text":"","removed_info":""}],"46":[{"lesson":"2","group":"","room":"304","subject":"EZ","subject_text":"Elektrická zařízení","teacher":"Vs","teacher_text":"Vs","change_info":"","theme":"Test a elektřina pro vytápění domácností","type":"atom","absencetext":null,"has_absent":"false","absent_info_text":"","removed_info":""}],"47":[{"lesson":"3","group":"1","room":"213","subject":"TV","subject_text":"Tělesná výchova","teacher":"Bi","teacher_text":"Bi","change_info":"","theme":"Bruslení","type":"atom","absencetext":null,"has_absent":"false","absent_info_text":"","removed_info":""},{"lesson":"3","group":"2","room":"213","subject":"TV","subject_text":"Tělesná výchova","teacher":"Bi","teacher_text":"Bi","change_info":"Spojeno: Bican Tomáš, 213 (Mach Radek)","theme":"Bruslení","type":"atom","absencetext":null,"has_absent":"false","absent_info_text":"","removed_info":""}],"48":[{"lesson":"4","group":"1","room":"213","subject":"TV","subject_text":"Tělesná výchova","teacher":"Bi","teacher_text":"Bi","change_info":"","theme":"Bruslení","type":"atom","absencetext":null,"has_absent":"false","absent_info_text":"","removed_info":""},{"lesson":"4","group":"2","room":"213","subject":"TV","subject_text":"Tělesná výchova","teacher":"Bi","teacher_text":"Bi","change_info":"Spojeno: Bican Tomáš, 213 (Mach Radek)","theme":"Bruslení","type":"atom","absencetext":null,"has_absent":"false","absent_info_text":"","removed_info":""}],"49":[{"lesson":"5","group":"","room":"304","subject":"CL","subject_text":"Český jazyk a literatura","teacher":"Pz","teacher_text":"Pz","change_info":"","theme":"Slohová práce - vypravování","type":"atom","absencetext":null,"has_absent":"false","absent_info_text":"","removed_info":""}],"50":[{"lesson":"6","group":"","room":"304","subject":"EM","subject_text":"Elektrická měření","teacher":"Su","teacher_text":"Su","change_info":"","theme":"Asynchonní motor - zkoušky","type":"atom","absencetext":null,"has_absent":"false","absent_info_text":"","removed_info":""}]}