{"0":[{"lesson":"0","group":"","room":"304","subject":"ES","subject_text":"Elektrické stroje a přístroje","teacher":"Vy","teacher_text":"Vy","change_info":"","theme":"Komutátorový motor jako zdroj energie","type":"atom","absencetext":null,"has_absent":"false","absent_info_text":"","removed_info":""}],"1":[{"lesson":"1","group":"","room":"304","subject":"ES","subject_text":"Elektrické stroje a přístroje","teacher":"Vy","teacher_text":"Vy","change_info":"","theme":"Schrage","type":"atom","absencetext":null,"has_absent":"false","absent_info_text":"","removed_info":""}],"2":[{"lesson":"2","group":"P1","room":"411","subject":"ATc","subject_text":"Automatizační technika cvičení","teacher":"Si","teacher_text":"Si","change_info":"","theme":"Úvod do programování PLC","type":"atom","absencetext":null,"has_absent":"false","absent_info_text":"","removed_info":""},{"lesson":"2","group":"P2","room":"D8","subject":"ATc","subject_text":"Automatizační technika cvičení","teacher":"Bd","teacher_text":"Bd","change_info":"","theme":"Pneumatické ovládání","type":"atom","absencetext":null,"has_absent":"false","absent_info_text":"","removed_info":""},{"lesson":"2","group":"P3","room":"D24","subject":"ATc","subject_text":"Automatizační technika cvičení","teacher":"Sy","teacher_text":"Sy","change_info":"","theme":"Pneumatický manipulátor.","type":"atom","absencetext":null,"has_absent":"false","absent_info_text":"","removed_info":""}],"3":[{"lesson":"3","group":"P1","room":"411","subject":"ATc","subject_text":"Automatizační technika cvičení","teacher":"Si","teacher_text":"Si","change_info":"","theme":"Úvod do programování PLC","type":"atom","absencetext":null,"has_absent":"false","absent_info_text":"","removed_info":""},{"lesson":"3","group":"P2","room":"D8","subject":"ATc","subject_text":"Automatizační technika cvičení","teacher":"Bd","teacher_text":"Bd","change_info":"","theme":"Pneumatické ovládání","type":"atom","absencetext":null,"has_absent":"false","absent_info_text":"","removed_info":""},{"lesson":"3","group":"P3","room":"D24","subject":"ATc","subject_text":"Automatizační technika cvičení","teacher":"Sy","teacher_text":"Sy","change_info":"","theme":"Pneumatický manipulátor.","type":"atom","absencetext":null,"has_absent":"false","absent_info_text":"","removed_info":""}],"4":[{"lesson":"4","group":"","room":"304","subject":"EE","subject_text":"Elektroenergetika","teacher":"Vs","teacher_text":"Vs","change_info":"","theme":"Průběh zkratového proudu","type":"atom","absencetext":null,"has_absent":"false","absent_info_text":"","removed_info":""}],"5":[{"lesson":"5","group":"","room":"304","subject":"ES","subject_text":"Elektrické stroje a přístroje","teacher":"Vy","teacher_text":"Vy","change_info":"","theme":"Tachodynamo","type":"atom","absencetext":null,"has_absent":"false","absent_info_text":"","removed_info":""}],"7":[{"lesson":"7","group":"1","room":"304","subject":"AJ","subject_text":"Anglický jazyk","teacher":"Ds","teacher_text":"Ds","change_info":"","theme":"Travelling and transport","type":"atom","absencetext":null,"has_absent":"false","absent_info_text":"","removed_info":""},{"lesson":"7","group":"2","room":"502","subject":"EEc","subject_text":"Elektroenergetika cvičení","teacher":"Vs","teacher_text":"Vs","change_info":"","theme":"Kompenzace účiníku (motor a vedení)","type":"atom","absencetext":null,"has_absent":"false","absent_info_text":"","removed_info":""}],"8":[{"lesson":"8","group":"2","room":"502","subject":"EEc","subject_text":"Elektroenergetika cvičení","teacher":"Vs","teacher_text":"Vs","change_info":"","theme":"Model LUCAS, vedení naprázdno, přirozený výkon vedení","type":"atom","absencetext":null,"has_absent":"false","absent_info_text":"","removed_info":""}],"11":[{"lesson":"0","group":"1","room":"304","subject":"AJ","subject_text":"Anglický jazyk","teacher":"Ds","teacher_text":"Ds","change_info":"Suplování: AJ, Dušek Ivan, 304 (EEc, Vs, 502)","theme":"Means of transport","type":"atom","absencetext":null,"has_absent":"false","absent_info_text":"","removed_info":""}],"12":[{"lesson":"1","group":"2","room":"304","subject":"AJ","subject_text":"Anglický jazyk","teacher":"Ds","teacher_text":"Ds","change_info":"","theme":"Transport","type":"atom","absencetext":null,"has_absent":"false","absent_info_text":"","removed_info":""},{"lesson":"1","group":"1","room":"502","subject":"MA","subject_text":"Matematika","teacher":"Ha","teacher_text":"Ha","change_info":"Suplování: MA, Hána Jiří (EEc, Vs)","theme":"Opakování","type":"atom","absencetext":null,"has_absent":"false","absent_info_text":"","removed_info":""}],"13":[{"lesson":"2","group":"1","room":"304","subject":"AJ","subject_text":"Anglický jazyk","teacher":"Ds","teacher_text":"Ds","change_info":"","theme":"The Czech Republic","type":"atom","absencetext":null,"has_absent":"false","absent_info_text":"","removed_info":""},{"lesson":"2","group":"2","room":"220","subject":"AJk","subject_text":"Anglický jazyk konverzace","teacher":"Qu","teacher_text":"Qu","change_info":"","theme":"Iconic USA Landmarks","type":"atom","absencetext":null,"has_absent":"false","absent_info_text":"","removed_info":""}],"14":[{"lesson":"3","group":"1","room":"111","subject":"CL","subject_text":"Český jazyk a literatura","teacher":"Pz","teacher_text":"Pz","change_info":"","theme":"Opakování k MZ - opakování 2R; zkoušení k MZ","type":"atom","absencetext":null,"has_absent":"false","absent_info_text":"","removed_info":""},{"lesson":"3","group":"2","room":"304","subject":"MA","subject_text":"Matematika","teacher":"Pl","teacher_text":"Pl","change_info":"","theme":"Variace","type":"atom","absencetext":null,"has_absent":"false","absent_info_text":"","removed_info":""}],"15":[{"lesson":"4","group":"2","room":"111","subject":"CL","subject_text":"Český jazyk a literatura","teacher":"Pz","teacher_text":"Pz","change_info":"","theme":"Opakování k MZ - opakování 2R; zkoušení k MZ","type":"atom","absencetext":null,"has_absent":"false","absent_info_text":"","removed_info":""},{"lesson":"4","group":"1","room":"304","subject":"MA","subject_text":"Matematika","teacher":"Pl","teacher_text":"Pl","change_info":"","theme":"Variace","type":"atom","absencetext":null,"has_absent":"false","absent_info_text":"","removed_info":""}],"16":[{"lesson":"5","group":"","room":"304","subject":"MA","subject_text":"Matematika","teacher":"Pl","teacher_text":"Pl","change_info":"Suplování: MA, Ploch Jiří (EE, Vs)","theme":"Variace","type":"atom","absencetext":null,"has_absent":"false","absent_info_text":"","removed_info":""}],"18":[{"lesson":"7","group":"1","room":"215","subject":"ESc","subject_text":"Elektrické stroje a přístroje cvičení","teacher":"Ra","teacher_text":"Ra","change_info":"","theme":"Měření proudové charakteristiky hvězda trojúhelník","type":"atom","absencetext":null,"has_absent":"false","absent_info_text":"","removed_info":""}],"19":[{"lesson":"8","group":"1","room":"215","subject":"ESc","subject_text":"Elektrické stroje a přístroje cvičení","teacher":"Ra","teacher_text":"Ra","change_info":"","theme":"Měření proudové charakteristiky hvězda trojúhelník","type":"atom","absencetext":null,"has_absent":"false","absent_info_text":"","removed_info":""}],"22":[{"lesson":"","group":"","room":"","subject":"Absc","subject_text":"Obecná absence třídy","teacher":null,"teacher_text":"","change_info":"","theme":null,"type":"absent","absencetext":null,"has_absent":"","absent_info_text":"","removed_info":""}],"23":[{"lesson":"","group":"","room":"","subject":"Absc","subject_text":"Obecná absence třídy","teacher":null,"teacher_text":"","change_info":"","theme":null,"type":"absent","absencetext":null,"has_absent":"","absent_info_text":"","removed_info":""}],"24":[{"lesson":"","group":"","room":"","subject":"Absc","subject_text":"Obecná absence třídy","teacher":null,"teacher_text":"","change_info":"","theme":null,"type":"absent","absencetext":null,"has_absent":"","absent_info_text":"","removed_info":""}],"25":[{"lesson":"","group":"","room":"","subject":"Absc","subject_text":"Obecná absence třídy","teacher":null,"teacher_text":"","change_info":"","theme":null,"type":"absent","absencetext":null,"has_absent":"","absent_info_text":"","removed_info":""}],"26":[{"lesson":"","group":"","room":"","subject":"Absc","subject_text":"Obecná absence třídy","teacher":null,"teacher_text":"","change_info":"","theme":null,"type":"absent","absencetext":null,"has_absent":"","absent_info_text":"","removed_info":""}],"27":[{"lesson":"","group":"","room":"","subject":"Absc","subject_text":"Obecná absence třídy","teacher":null,"teacher_text":"","change_info":"","theme":null,"type":"absent","absencetext":null,"has_absent":"","absent_info_text":"","removed_info":""}],"28":[{"lesson":"","group":"","room":"","subject":"Absc","subject_text":"Obecná absence třídy","teacher":null,"teacher_text":"","change_info":"","theme":null,"type":"absent","absencetext":null,"has_absent":"","absent_info_text":"","removed_info":""}],"29":[{"lesson":"","group":"","room":"","subject":"Absc","subject_text":"Obecná absence třídy","teacher":null,"teacher_text":"","change_info":"","theme":null,"type":"absent","absencetext":null,"has_absent":"","absent_info_text":"","removed_info":""}],"30":[{"lesson":"","group":"","room":"","subject":"Absc","subject_text":"Obecná absence třídy","teacher":null,"teacher_text":"","change_info":"","theme":null,"type":"absent","absencetext":null,"has_absent":"","absent_info_text":"","removed_info":""}],"31":[{"lesson":"","group":"","room":"","subject":"Absc","subject_text":"Obecná absence třídy","teacher":null,"teacher_text":"","change_info":"","theme":null,"type":"absent","absencetext":null,"has_absent":"","absent_info_text":"","removed_info":""}],"32":[{"lesson":"","group":"","room":"","subject":"Absc","subject_text":"Obecná absence třídy","teacher":null,"teacher_text":"","change_info":"","theme":null,"type":"absent","absencetext":null,"has_absent":"","absent_info_text":"","removed_info":""}],"34":[{"lesson":"1","group":"","room":"304","subject":"MA","subject_text":"Matematika","teacher":"Pl","teacher_text":"Pl","change_info":"","theme":"","type":"atom","absencetext":null,"has_absent":"false","absent_info_text":"","removed_info":""}],"35":[{"lesson":"2","group":"","room":"304","subject":"EZ","subject_text":"Elektrická zařízení","teacher":"Vs","teacher_text":"Vs","change_info":"","theme":"","type":"atom","absencetext":null,"has_absent":"false","absent_info_text":"","removed_info":""}],"36":[{"lesson":"3","group":"2","room":"113","subject":"AJ","subject_text":"Anglický jazyk","teacher":"Ds","teacher_text":"Ds","change_info":"","theme":"","type":"atom","absencetext":null,"has_absent":"false","absent_info_text":"","removed_info":""},{"lesson":"3","group":"1","room":"220","subject":"AJk","subject_text":"Anglický jazyk konverzace","teacher":"Qu","teacher_text":"Qu","change_info":"","theme":"","type":"atom","absencetext":null,"has_absent":"false","absent_info_text":"","removed_info":""}],"37":[{"lesson":"4","group":"","room":"304","subject":"EE","subject_text":"Elektroenergetika","teacher":"Vs","teacher_text":"Vs","change_info":"","theme":"","type":"atom","absencetext":null,"has_absent":"false","absent_info_text":"","removed_info":""}],"38":[{"lesson":"5","group":"","room":"304","subject":"MA","subject_text":"Matematika","teacher":"Pl","teacher_text":"Pl","change_info":"Výměna z 28.11., 1: MA, Ploch Jiří, 304","theme":"","type":"atom","absencetext":null,"has_absent":"false","absent_info_text":"","removed_info":""}],"39":[{"lesson":"6","group":"","room":"304","subject":"CL","subject_text":"Český jazyk a literatura","teacher":"Pz","teacher_text":"Pz","change_info":"","theme":"České divadlo po roce 1945 do současnosti","type":"atom","absencetext":null,"has_absent":"false","absent_info_text":"","removed_info":""}],"45":[{"lesson":"1","group":"","room":"304","subject":"MA","subject_text":"Matematika","teacher":"Pl","teacher_text":"Pl","change_info":"","theme":"","type":"atom","absencetext":null,"has_absent":"false","absent_info_text":"","removed_info":""}],"46":[{"lesson":"2","group":"","room":"304","subject":"EZ","subject_text":"Elektrická zařízení","teacher":"Vs","teacher_text":"Vs","change_info":"","theme":"","type":"atom","absencetext":null,"has_absent":"false","absent_info_text":"","removed_info":""}],"47":[{"lesson":"3","group":"1","room":"213","subject":"TV","subject_text":"Tělesná výchova","teacher":"Bi","teacher_text":"Bi","change_info":"","theme":"","type":"atom","absencetext":null,"has_absent":"false","absent_info_text":"","removed_info":""},{"lesson":"3","group":"2","room":"","subject":"TV","subject_text":"Tělesná výchova","teacher":"Ma","teacher_text":"Ma","change_info":"","theme":"","type":"atom","absencetext":null,"has_absent":"false","absent_info_text":"","removed_info":""}],"48":[{"lesson":"4","group":"1","room":"213","subject":"TV","subject_text":"Tělesná výchova","teacher":"Bi","teacher_text":"Bi","change_info":"","theme":"","type":"atom","absencetext":null,"has_absent":"false","absent_info_text":"","removed_info":""},{"lesson":"4","group":"2","room":"","subject":"TV","subject_text":"Tělesná výchova","teacher":"Ma","teacher_text":"Ma","change_info":"","theme":"","type":"atom","absencetext":null,"has_absent":"false","absent_info_text":"","removed_info":""}],"49":[{"lesson":"5","group":"","room":"304","subject":"CL","subject_text":"Český jazyk a literatura","teacher":"Pz","teacher_text":"Pz","change_info":"","theme":"České divadlo po roce 1945 do současnosti","type":"atom","absencetext":null,"has_absent":"false","absent_info_text":"","removed_info":""}],"50":[{"lesson":"6","group":"","room":"304","subject":"EM","subject_text":"Elektrická měření","teacher":"Su","teacher_text":"Su","change_info":"","theme":"","type":"atom","absencetext":null,"has_absent":"false","absent_info_text":"","removed_info":""}]}