{"11":[{"lesson":"","group":"","room":"","subject":"","subject_text":"","teacher":null,"teacher_text":"","change_info":"","theme":null,"type":"removed","absencetext":null,"has_absent":"","absent_info_text":"","removed_info":"Spojení hodin: CRS, Mikoláš Pavel (4.SB(TS2), KPP)"}],"12":[{"lesson":"","group":"","room":"","subject":"","subject_text":"","teacher":null,"teacher_text":"","change_info":"","theme":null,"type":"removed","absencetext":null,"has_absent":"","absent_info_text":"","removed_info":"Spojení hodin: CRS, Mikoláš Pavel (4.SB(TS2), KPP)"}],"13":[{"lesson":"","group":"","room":"","subject":"NEM","subject_text":"nemocnost","teacher":null,"teacher_text":"","change_info":"","theme":null,"type":"absent","absencetext":null,"has_absent":"","absent_info_text":"","removed_info":""}],"14":[{"lesson":"","group":"","room":"","subject":"","subject_text":"","teacher":null,"teacher_text":"","change_info":"","theme":null,"type":"removed","absencetext":null,"has_absent":"","absent_info_text":"","removed_info":"Supluje: ST, Krejsa Vladimír (4.SA(TS2), KPP)"}],"15":[{"lesson":"","group":"","room":"","subject":"","subject_text":"","teacher":null,"teacher_text":"","change_info":"","theme":null,"type":"removed","absencetext":null,"has_absent":"","absent_info_text":"","removed_info":"Spojení hodin: AJ, Dušek Ivan (4.SA(TS2), KPP)"}],"16":[{"lesson":"","group":"","room":"","subject":"NEM","subject_text":"nemocnost","teacher":null,"teacher_text":"","change_info":"","theme":null,"type":"absent","absencetext":null,"has_absent":"","absent_info_text":"","removed_info":""}],"17":[{"lesson":"","group":"","room":"","subject":"NEM","subject_text":"nemocnost","teacher":null,"teacher_text":"","change_info":"","theme":null,"type":"absent","absencetext":null,"has_absent":"","absent_info_text":"","removed_info":""}],"18":[{"lesson":"","group":"","room":"","subject":"NEM","subject_text":"nemocnost","teacher":null,"teacher_text":"","change_info":"","theme":null,"type":"absent","absencetext":null,"has_absent":"","absent_info_text":"","removed_info":""}],"19":[{"lesson":"","group":"","room":"","subject":"NEM","subject_text":"nemocnost","teacher":null,"teacher_text":"","change_info":"","theme":null,"type":"absent","absencetext":null,"has_absent":"","absent_info_text":"","removed_info":""}],"22":[{"lesson":"","group":"","room":"","subject":"NEM","subject_text":"nemocnost","teacher":null,"teacher_text":"","change_info":"","theme":null,"type":"absent","absencetext":null,"has_absent":"","absent_info_text":"","removed_info":""}],"23":[{"lesson":"","group":"","room":"","subject":"NEM","subject_text":"nemocnost","teacher":null,"teacher_text":"","change_info":"","theme":null,"type":"absent","absencetext":null,"has_absent":"","absent_info_text":"","removed_info":""}],"24":[{"lesson":"","group":"","room":"","subject":"NEM","subject_text":"nemocnost","teacher":null,"teacher_text":"","change_info":"","theme":null,"type":"absent","absencetext":null,"has_absent":"","absent_info_text":"","removed_info":""}],"25":[{"lesson":"","group":"","room":"","subject":"NEM","subject_text":"nemocnost","teacher":null,"teacher_text":"","change_info":"","theme":null,"type":"absent","absencetext":null,"has_absent":"","absent_info_text":"","removed_info":""}],"26":[{"lesson":"","group":"","room":"","subject":"NEM","subject_text":"nemocnost","teacher":null,"teacher_text":"","change_info":"","theme":null,"type":"absent","absencetext":null,"has_absent":"","absent_info_text":"","removed_info":""}],"27":[{"lesson":"","group":"","room":"","subject":"NEM","subject_text":"nemocnost","teacher":null,"teacher_text":"","change_info":"","theme":null,"type":"absent","absencetext":null,"has_absent":"","absent_info_text":"","removed_info":""}],"28":[{"lesson":"","group":"","room":"","subject":"NEM","subject_text":"nemocnost","teacher":null,"teacher_text":"","change_info":"","theme":null,"type":"absent","absencetext":null,"has_absent":"","absent_info_text":"","removed_info":""}],"29":[{"lesson":"","group":"","room":"","subject":"NEM","subject_text":"nemocnost","teacher":null,"teacher_text":"","change_info":"","theme":null,"type":"absent","absencetext":null,"has_absent":"","absent_info_text":"","removed_info":""}],"30":[{"lesson":"","group":"","room":"","subject":"NEM","subject_text":"nemocnost","teacher":null,"teacher_text":"","change_info":"","theme":null,"type":"absent","absencetext":null,"has_absent":"","absent_info_text":"","removed_info":""}],"33":[{"lesson":"0","group":"3.S P2","room":"201","subject":"\r\n                                                            NEM\r\n                                                        ","subject_text":"Stavba a provoz str. cvičení","teacher":"","teacher_text":"","change_info":"Spojeno: 3.S(P2), Trojan Aleš, 201 (3.S(P2), Mareš Radek, 303)","theme":"","type":"atom","absencetext":null,"has_absent":"true","absent_info_text":"NEM | nemocnost","removed_info":""}],"34":[{"lesson":"1","group":"3.S P2","room":"201","subject":"\r\n                                                            NEM\r\n                                                        ","subject_text":"Stavba a provoz str. cvičení","teacher":"","teacher_text":"","change_info":"Spojeno: 3.S(P2), Trojan Aleš, 201 (3.S(P2), Mareš Radek, 303)","theme":"","type":"atom","absencetext":null,"has_absent":"true","absent_info_text":"NEM | nemocnost","removed_info":""}],"35":[{"lesson":"","group":"","room":"","subject":"NEM","subject_text":"nemocnost","teacher":null,"teacher_text":"","change_info":"","theme":null,"type":"absent","absencetext":null,"has_absent":"","absent_info_text":"","removed_info":""}],"36":[{"lesson":"","group":"","room":"","subject":"","subject_text":"","teacher":null,"teacher_text":"","change_info":"","theme":null,"type":"removed","absencetext":null,"has_absent":"","absent_info_text":"","removed_info":"Spojení hodin: STc, Čermák Ludvík (4.SB(2), SSc)"}],"37":[{"lesson":"","group":"","room":"","subject":"","subject_text":"","teacher":null,"teacher_text":"","change_info":"","theme":null,"type":"removed","absencetext":null,"has_absent":"","absent_info_text":"","removed_info":"Spojení hodin: STc, Čermák Ludvík (4.SB(2), SSc)"}],"38":[{"lesson":"","group":"","room":"","subject":"NEM","subject_text":"nemocnost","teacher":null,"teacher_text":"","change_info":"","theme":null,"type":"absent","absencetext":null,"has_absent":"","absent_info_text":"","removed_info":""}],"39":[{"lesson":"","group":"","room":"","subject":"NEM","subject_text":"nemocnost","teacher":null,"teacher_text":"","change_info":"","theme":null,"type":"absent","absencetext":null,"has_absent":"","absent_info_text":"","removed_info":""}],"40":[{"lesson":"","group":"","room":"","subject":"NEM","subject_text":"nemocnost","teacher":null,"teacher_text":"","change_info":"","theme":null,"type":"absent","absencetext":null,"has_absent":"","absent_info_text":"","removed_info":""}],"41":[{"lesson":"","group":"","room":"","subject":"NEM","subject_text":"nemocnost","teacher":null,"teacher_text":"","change_info":"","theme":null,"type":"absent","absencetext":null,"has_absent":"","absent_info_text":"","removed_info":""}],"44":[{"lesson":"","group":"","room":"","subject":"NEM","subject_text":"nemocnost","teacher":null,"teacher_text":"","change_info":"","theme":null,"type":"absent","absencetext":null,"has_absent":"","absent_info_text":"","removed_info":""}],"45":[{"lesson":"","group":"","room":"","subject":"NEM","subject_text":"nemocnost","teacher":null,"teacher_text":"","change_info":"","theme":null,"type":"absent","absencetext":null,"has_absent":"","absent_info_text":"","removed_info":""}],"46":[{"lesson":"","group":"","room":"","subject":"NEM","subject_text":"nemocnost","teacher":null,"teacher_text":"","change_info":"","theme":null,"type":"absent","absencetext":null,"has_absent":"","absent_info_text":"","removed_info":""}],"47":[{"lesson":"","group":"","room":"","subject":"NEM","subject_text":"nemocnost","teacher":null,"teacher_text":"","change_info":"","theme":null,"type":"absent","absencetext":null,"has_absent":"","absent_info_text":"","removed_info":""}],"48":[{"lesson":"","group":"","room":"","subject":"NEM","subject_text":"nemocnost","teacher":null,"teacher_text":"","change_info":"","theme":null,"type":"absent","absencetext":null,"has_absent":"","absent_info_text":"","removed_info":""}],"49":[{"lesson":"","group":"","room":"","subject":"NEM","subject_text":"nemocnost","teacher":null,"teacher_text":"","change_info":"","theme":null,"type":"absent","absencetext":null,"has_absent":"","absent_info_text":"","removed_info":""}],"50":[{"lesson":"","group":"","room":"","subject":"NEM","subject_text":"nemocnost","teacher":null,"teacher_text":"","change_info":"","theme":null,"type":"absent","absencetext":null,"has_absent":"","absent_info_text":"","removed_info":""}],"51":[{"lesson":"","group":"","room":"","subject":"NEM","subject_text":"nemocnost","teacher":null,"teacher_text":"","change_info":"","theme":null,"type":"absent","absencetext":null,"has_absent":"","absent_info_text":"","removed_info":""}],"52":[{"lesson":"","group":"","room":"","subject":"NEM","subject_text":"nemocnost","teacher":null,"teacher_text":"","change_info":"","theme":null,"type":"absent","absencetext":null,"has_absent":"","absent_info_text":"","removed_info":""}]}