{"0":[{"lesson":"","group":"","room":"","subject":"NEM","subject_text":"nemocnost","teacher":null,"teacher_text":"","change_info":"","theme":null,"type":"absent","absencetext":null,"has_absent":"","absent_info_text":"","removed_info":""}],"1":[{"lesson":"","group":"","room":"","subject":"NEM","subject_text":"nemocnost","teacher":null,"teacher_text":"","change_info":"","theme":null,"type":"absent","absencetext":null,"has_absent":"","absent_info_text":"","removed_info":""}],"2":[{"lesson":"","group":"","room":"","subject":"NEM","subject_text":"nemocnost","teacher":null,"teacher_text":"","change_info":"","theme":null,"type":"absent","absencetext":null,"has_absent":"","absent_info_text":"","removed_info":""}],"3":[{"lesson":"","group":"","room":"","subject":"NEM","subject_text":"nemocnost","teacher":null,"teacher_text":"","change_info":"","theme":null,"type":"absent","absencetext":null,"has_absent":"","absent_info_text":"","removed_info":""}],"4":[{"lesson":"","group":"","room":"","subject":"NEM","subject_text":"nemocnost","teacher":null,"teacher_text":"","change_info":"","theme":null,"type":"absent","absencetext":null,"has_absent":"","absent_info_text":"","removed_info":""}],"5":[{"lesson":"","group":"","room":"","subject":"NEM","subject_text":"nemocnost","teacher":null,"teacher_text":"","change_info":"","theme":null,"type":"absent","absencetext":null,"has_absent":"","absent_info_text":"","removed_info":""}],"6":[{"lesson":"","group":"","room":"","subject":"NEM","subject_text":"nemocnost","teacher":null,"teacher_text":"","change_info":"","theme":null,"type":"absent","absencetext":null,"has_absent":"","absent_info_text":"","removed_info":""}],"7":[{"lesson":"","group":"","room":"","subject":"NEM","subject_text":"nemocnost","teacher":null,"teacher_text":"","change_info":"","theme":null,"type":"absent","absencetext":null,"has_absent":"","absent_info_text":"","removed_info":""}],"8":[{"lesson":"","group":"","room":"","subject":"NEM","subject_text":"nemocnost","teacher":null,"teacher_text":"","change_info":"","theme":null,"type":"absent","absencetext":null,"has_absent":"","absent_info_text":"","removed_info":""}],"11":[{"lesson":"","group":"","room":"","subject":"","subject_text":"","teacher":null,"teacher_text":"","change_info":"","theme":null,"type":"removed","absencetext":null,"has_absent":"","absent_info_text":"","removed_info":"Spojení hodin: CRS, Mikoláš Pavel (4.SB(TS2), KPP)"}],"12":[{"lesson":"","group":"","room":"","subject":"","subject_text":"","teacher":null,"teacher_text":"","change_info":"","theme":null,"type":"removed","absencetext":null,"has_absent":"","absent_info_text":"","removed_info":"Spojení hodin: CRS, Mikoláš Pavel (4.SB(TS2), KPP)"}],"13":[{"lesson":"","group":"","room":"","subject":"NEM","subject_text":"nemocnost","teacher":null,"teacher_text":"","change_info":"","theme":null,"type":"absent","absencetext":null,"has_absent":"","absent_info_text":"","removed_info":""}],"14":[{"lesson":"3","group":"4.SA TS2","room":"118","subject":"\r\n                                                            NEM\r\n                                                        ","subject_text":"Konstruování pomocí počítačů","teacher":"","teacher_text":"","change_info":"Spojeno: 4.SA(TS2), Čejka Vilém, 118 (4.SA(TS2), Mareš Radek, 303)","theme":"","type":"atom","absencetext":null,"has_absent":"true","absent_info_text":"NEM | nemocnost","removed_info":""}],"15":[{"lesson":"4","group":"4.SA TS2","room":"118","subject":"\r\n                                                            NEM\r\n                                                        ","subject_text":"Konstruování pomocí počítačů","teacher":"","teacher_text":"","change_info":"Spojeno: 4.SA(TS2), Čejka Vilém, 118 (4.SA(TS2), Mareš Radek, 303)","theme":"","type":"atom","absencetext":null,"has_absent":"true","absent_info_text":"NEM | nemocnost","removed_info":""}],"16":[{"lesson":"","group":"","room":"","subject":"NEM","subject_text":"nemocnost","teacher":null,"teacher_text":"","change_info":"","theme":null,"type":"absent","absencetext":null,"has_absent":"","absent_info_text":"","removed_info":""}],"17":[{"lesson":"","group":"","room":"","subject":"NEM","subject_text":"nemocnost","teacher":null,"teacher_text":"","change_info":"","theme":null,"type":"absent","absencetext":null,"has_absent":"","absent_info_text":"","removed_info":""}],"18":[{"lesson":"","group":"","room":"","subject":"NEM","subject_text":"nemocnost","teacher":null,"teacher_text":"","change_info":"","theme":null,"type":"absent","absencetext":null,"has_absent":"","absent_info_text":"","removed_info":""}],"19":[{"lesson":"","group":"","room":"","subject":"NEM","subject_text":"nemocnost","teacher":null,"teacher_text":"","change_info":"","theme":null,"type":"absent","absencetext":null,"has_absent":"","absent_info_text":"","removed_info":""}],"22":[{"lesson":"","group":"","room":"","subject":"NEM","subject_text":"nemocnost","teacher":null,"teacher_text":"","change_info":"","theme":null,"type":"absent","absencetext":null,"has_absent":"","absent_info_text":"","removed_info":""}],"23":[{"lesson":"","group":"","room":"","subject":"NEM","subject_text":"nemocnost","teacher":null,"teacher_text":"","change_info":"","theme":null,"type":"absent","absencetext":null,"has_absent":"","absent_info_text":"","removed_info":""}],"24":[{"lesson":"","group":"","room":"","subject":"NEM","subject_text":"nemocnost","teacher":null,"teacher_text":"","change_info":"","theme":null,"type":"absent","absencetext":null,"has_absent":"","absent_info_text":"","removed_info":""}],"25":[{"lesson":"","group":"","room":"","subject":"NEM","subject_text":"nemocnost","teacher":null,"teacher_text":"","change_info":"","theme":null,"type":"absent","absencetext":null,"has_absent":"","absent_info_text":"","removed_info":""}],"26":[{"lesson":"","group":"","room":"","subject":"NEM","subject_text":"nemocnost","teacher":null,"teacher_text":"","change_info":"","theme":null,"type":"absent","absencetext":null,"has_absent":"","absent_info_text":"","removed_info":""}],"27":[{"lesson":"","group":"","room":"","subject":"NEM","subject_text":"nemocnost","teacher":null,"teacher_text":"","change_info":"","theme":null,"type":"absent","absencetext":null,"has_absent":"","absent_info_text":"","removed_info":""}],"28":[{"lesson":"","group":"","room":"","subject":"NEM","subject_text":"nemocnost","teacher":null,"teacher_text":"","change_info":"","theme":null,"type":"absent","absencetext":null,"has_absent":"","absent_info_text":"","removed_info":""}],"29":[{"lesson":"","group":"","room":"","subject":"NEM","subject_text":"nemocnost","teacher":null,"teacher_text":"","change_info":"","theme":null,"type":"absent","absencetext":null,"has_absent":"","absent_info_text":"","removed_info":""}],"30":[{"lesson":"","group":"","room":"","subject":"NEM","subject_text":"nemocnost","teacher":null,"teacher_text":"","change_info":"","theme":null,"type":"absent","absencetext":null,"has_absent":"","absent_info_text":"","removed_info":""}],"33":[{"lesson":"0","group":"3.S P2","room":"303","subject":"KPP","subject_text":"Konstruování pomocí počítačů","teacher":"","teacher_text":"","change_info":"","theme":"","type":"atom","absencetext":null,"has_absent":"false","absent_info_text":"","removed_info":""}],"34":[{"lesson":"1","group":"3.S P2","room":"303","subject":"KPP","subject_text":"Konstruování pomocí počítačů","teacher":"","teacher_text":"","change_info":"","theme":"","type":"atom","absencetext":null,"has_absent":"false","absent_info_text":"","removed_info":""}],"36":[{"lesson":"3","group":"4.SB 2","room":"303","subject":"SSc","subject_text":"Stavba a provoz str. cvičení","teacher":"","teacher_text":"","change_info":"","theme":"","type":"atom","absencetext":null,"has_absent":"false","absent_info_text":"","removed_info":""}],"37":[{"lesson":"4","group":"4.SB 2","room":"303","subject":"SSc","subject_text":"Stavba a provoz str. cvičení","teacher":"","teacher_text":"","change_info":"","theme":"","type":"atom","absencetext":null,"has_absent":"false","absent_info_text":"","removed_info":""}]}