{"11":[{"lesson":"0","group":"4.SB TS2","room":"303","subject":"KPP","subject_text":"Konstruování pomocí počítačů","teacher":"","teacher_text":"","change_info":"","theme":"","type":"atom","absencetext":null,"has_absent":"false","absent_info_text":"","removed_info":""}],"12":[{"lesson":"1","group":"4.SB TS2","room":"303","subject":"KPP","subject_text":"Konstruování pomocí počítačů","teacher":"","teacher_text":"","change_info":"","theme":"","type":"atom","absencetext":null,"has_absent":"false","absent_info_text":"","removed_info":""}],"14":[{"lesson":"3","group":"4.SA TS2","room":"303","subject":"KPP","subject_text":"Konstruování pomocí počítačů","teacher":"","teacher_text":"","change_info":"","theme":"","type":"atom","absencetext":null,"has_absent":"false","absent_info_text":"","removed_info":""}],"15":[{"lesson":"4","group":"4.SA TS2","room":"303","subject":"KPP","subject_text":"Konstruování pomocí počítačů","teacher":"","teacher_text":"","change_info":"","theme":"","type":"atom","absencetext":null,"has_absent":"false","absent_info_text":"","removed_info":""}],"33":[{"lesson":"0","group":"3.S P2","room":"303","subject":"L: SSc","subject_text":"Stavba a provoz str. cvičení","teacher":"","teacher_text":"","change_info":"","theme":"","type":"atom","absencetext":null,"has_absent":"false","absent_info_text":"","removed_info":""},{"lesson":"0","group":"3.S P2","room":"303","subject":"S: KPP","subject_text":"Konstruování pomocí počítačů","teacher":"","teacher_text":"","change_info":"","theme":"","type":"atom","absencetext":null,"has_absent":"false","absent_info_text":"","removed_info":""}],"34":[{"lesson":"1","group":"3.S P2","room":"303","subject":"L: SSc","subject_text":"Stavba a provoz str. cvičení","teacher":"","teacher_text":"","change_info":"","theme":"","type":"atom","absencetext":null,"has_absent":"false","absent_info_text":"","removed_info":""},{"lesson":"1","group":"3.S P2","room":"303","subject":"S: KPP","subject_text":"Konstruování pomocí počítačů","teacher":"","teacher_text":"","change_info":"","theme":"","type":"atom","absencetext":null,"has_absent":"false","absent_info_text":"","removed_info":""}],"36":[{"lesson":"3","group":"4.SB 2","room":"303","subject":"SSc","subject_text":"Stavba a provoz str. cvičení","teacher":"","teacher_text":"","change_info":"","theme":"","type":"atom","absencetext":null,"has_absent":"false","absent_info_text":"","removed_info":""}],"37":[{"lesson":"4","group":"4.SB 2","room":"303","subject":"SSc","subject_text":"Stavba a provoz str. cvičení","teacher":"","teacher_text":"","change_info":"","theme":"","type":"atom","absencetext":null,"has_absent":"false","absent_info_text":"","removed_info":""}]}