{"3":[{"lesson":"3","group":"2.S celá","room":"404","subject":"CL","subject_text":"Český jazyk a literatura","teacher":"","teacher_text":"","change_info":"","theme":"Světový romantismus - opakování, práce s textem","type":"atom","absencetext":null,"has_absent":"false","absent_info_text":"","removed_info":""}],"5":[{"lesson":"5","group":"1.S celá","room":"207","subject":"CL","subject_text":"Český jazyk a literatura","teacher":"","teacher_text":"","change_info":"","theme":"Středověká literatura: umění jako specifická výpověď o skutečnosti, aktivní poznávání různých druhů umění našeho i světového","type":"atom","absencetext":null,"has_absent":"false","absent_info_text":"","removed_info":""}],"7":[{"lesson":"","group":"","room":"","subject":"","subject_text":"","teacher":null,"teacher_text":"","change_info":"","theme":null,"type":"removed","absencetext":null,"has_absent":"","absent_info_text":"","removed_info":"Absence třídy (4.SA, ZSV)"}],"12":[{"lesson":"1","group":"2.S celá","room":"404","subject":"CL","subject_text":"Český jazyk a literatura","teacher":"","teacher_text":"","change_info":"","theme":"Romantismus v literatuře (České země): K. H. Mácha","type":"atom","absencetext":null,"has_absent":"false","absent_info_text":"","removed_info":""}],"13":[{"lesson":"2","group":"1.S 1","room":"212","subject":"CL","subject_text":"Český jazyk a literatura","teacher":"","teacher_text":"","change_info":"","theme":"Rytířské eposy (Píseň o Rolandovi)","type":"atom","absencetext":null,"has_absent":"false","absent_info_text":"","removed_info":""}],"14":[{"lesson":"3","group":"1.S 2","room":"212","subject":"CL","subject_text":"Český jazyk a literatura","teacher":"","teacher_text":"","change_info":"","theme":"Rytířské eposy (Píseň o Rolandovi)","type":"atom","absencetext":null,"has_absent":"false","absent_info_text":"","removed_info":""}],"15":[{"lesson":"4","group":"2.S celá","room":"404","subject":"ZSV","subject_text":"Základy společenských věd","teacher":"","teacher_text":"","change_info":"","theme":"Prevence úrazů a nemocí. Partnerské vztahy (etika ve vztazích, vhodní partneři).","type":"atom","absencetext":null,"has_absent":"false","absent_info_text":"","removed_info":""}],"16":[{"lesson":"5","group":"3.EM celá","room":"111","subject":"CL","subject_text":"Český jazyk a literatura","teacher":"","teacher_text":"","change_info":"","theme":"Větná skladba","type":"atom","absencetext":null,"has_absent":"false","absent_info_text":"","removed_info":""}],"17":[{"lesson":"6","group":"4.EA celá","room":"406","subject":"CL","subject_text":"Český jazyk a literatura","teacher":"","teacher_text":"","change_info":"","theme":"V. Havel","type":"atom","absencetext":null,"has_absent":"false","absent_info_text":"","removed_info":""}],"22":[{"lesson":"0","group":"2.S celá","room":"404","subject":"CL","subject_text":"Český jazyk a literatura","teacher":"","teacher_text":"","change_info":"Suplování: CL - přespočetná hod. (ME, Kp)","theme":"Romantismus v literatuře (České země): K. H. Mácha","type":"atom","absencetext":null,"has_absent":"false","absent_info_text":"","removed_info":""}],"23":[{"lesson":"1","group":"4.EA 2","room":"313","subject":"CL","subject_text":"Český jazyk a literatura","teacher":"","teacher_text":"","change_info":"","theme":"Opakování k MZ - ústní zkoušení, nácvik DT: tvarosloví, slovotvorba, slovní zásoba","type":"atom","absencetext":null,"has_absent":"false","absent_info_text":"","removed_info":""}],"24":[{"lesson":"2","group":"4.EA 1","room":"313","subject":"CL","subject_text":"Český jazyk a literatura","teacher":"","teacher_text":"","change_info":"","theme":"Opakování k MZ - ústní zkoušení, nácvik DT: tvarosloví, slovotvorba, slovní zásoba","type":"atom","absencetext":null,"has_absent":"false","absent_info_text":"","removed_info":""}],"25":[{"lesson":"3","group":"3.EM celá","room":"113","subject":"CL","subject_text":"Český jazyk a literatura","teacher":"","teacher_text":"","change_info":"","theme":"Větná skladba","type":"atom","absencetext":null,"has_absent":"false","absent_info_text":"","removed_info":""}],"26":[{"lesson":"4","group":"4.SA celá","room":"201","subject":"CL","subject_text":"Český jazyk a literatura","teacher":"","teacher_text":"","change_info":"","theme":"V. Havel","type":"atom","absencetext":null,"has_absent":"false","absent_info_text":"","removed_info":""}],"28":[{"lesson":"6","group":"2.ER celá","room":"111","subject":"ZSV","subject_text":"Základy společenských věd","teacher":"","teacher_text":"","change_info":"","theme":"Mezilidské, partnerské vztahy, prevence nemocí","type":"atom","absencetext":null,"has_absent":"false","absent_info_text":"","removed_info":""}],"36":[{"lesson":"3","group":"1.S celá","room":"207","subject":"CL","subject_text":"Český jazyk a literatura","teacher":"","teacher_text":"","change_info":"","theme":"Počátky českého písemnictví: Konstantin a Metoděj, Kristiánova legenda","type":"atom","absencetext":null,"has_absent":"false","absent_info_text":"","removed_info":""}],"37":[{"lesson":"4","group":"3.EM celá","room":"113","subject":"CL","subject_text":"Český jazyk a literatura","teacher":"","teacher_text":"","change_info":"","theme":"Větná skladba","type":"atom","absencetext":null,"has_absent":"false","absent_info_text":"","removed_info":""}],"38":[{"lesson":"5","group":"4.SA celá","room":"104","subject":"CL","subject_text":"Český jazyk a literatura","teacher":"","teacher_text":"","change_info":"","theme":"Svěrák, Smoljak","type":"atom","absencetext":null,"has_absent":"false","absent_info_text":"","removed_info":""}],"39":[{"lesson":"6","group":"4.SA celá","room":"203","subject":"CL","subject_text":"Český jazyk a literatura","teacher":"","teacher_text":"","change_info":"Přesun z 7.11., 5: 4.SA, CL, 203","theme":"Slovotvorba, tvarosloví, slovní zásoba, opakování k MZ","type":"atom","absencetext":null,"has_absent":"false","absent_info_text":"","removed_info":""}],"41":[{"lesson":"8","group":"2.S celá","room":"404","subject":"ZSV","subject_text":"Základy společenských věd","teacher":"","teacher_text":"","change_info":"","theme":"Prevence nemocí, HIV, AIDS","type":"atom","absencetext":null,"has_absent":"false","absent_info_text":"","removed_info":""}],"45":[{"lesson":"1","group":"2.ER celá","room":"104","subject":"ZSV","subject_text":"Základy společenských věd","teacher":"","teacher_text":"","change_info":"","theme":"Prevence nemocí, HIV, AIDS","type":"atom","absencetext":null,"has_absent":"false","absent_info_text":"","removed_info":""}],"46":[{"lesson":"2","group":"4.EA celá","room":"406","subject":"CL","subject_text":"Český jazyk a literatura","teacher":"","teacher_text":"","change_info":"","theme":"Vypravování - opakování na slohovou práci","type":"atom","absencetext":null,"has_absent":"false","absent_info_text":"","removed_info":""}],"47":[{"lesson":"3","group":"4.SB celá","room":"203","subject":"ZSV","subject_text":"Základy společenských věd","teacher":"","teacher_text":"","change_info":"","theme":"PrezentaceU","type":"atom","absencetext":null,"has_absent":"false","absent_info_text":"","removed_info":""}],"48":[{"lesson":"4","group":"4.SA celá","room":"111","subject":"CL","subject_text":"Český jazyk a literatura","teacher":"","teacher_text":"","change_info":"Přidáno do rozvrhu: 4.SA, CL, Šustrová Pavlína, 111 - do úvazku","theme":"Vypravování - opakování na slohovou práci","type":"atom","absencetext":null,"has_absent":"false","absent_info_text":"","removed_info":""}],"49":[{"lesson":"","group":"","room":"","subject":"","subject_text":"","teacher":null,"teacher_text":"","change_info":"","theme":null,"type":"removed","absencetext":null,"has_absent":"","absent_info_text":"","removed_info":"Vyjmuto z rozvrhu (4.SA(1), CL)"}],"50":[{"lesson":"6","group":"2.S celá","room":"404","subject":"CL","subject_text":"Český jazyk a literatura","teacher":"","teacher_text":"","change_info":"","theme":"Romantismus v české literatuře","type":"atom","absencetext":null,"has_absent":"false","absent_info_text":"","removed_info":""}]}