{"3":[{"lesson":"3","group":"2.S celá","room":"404","subject":"CL","subject_text":"Český jazyk a literatura","teacher":"","teacher_text":"","change_info":"","theme":"Analýza lit. díla, lit. druhy, žánry","type":"atom","absencetext":null,"has_absent":"false","absent_info_text":"","removed_info":""}],"5":[{"lesson":"5","group":"1.S celá","room":"207","subject":"CL","subject_text":"Český jazyk a literatura","teacher":"","teacher_text":"","change_info":"","theme":"Starověké orientální literatury - Vývoj písma, písemnictví mezopotamské (Epos o Gilgamešovi)","type":"atom","absencetext":null,"has_absent":"false","absent_info_text":"","removed_info":""}],"7":[{"lesson":"7","group":"4.SA celá","room":"111","subject":"ZSV","subject_text":"Základy společenských věd","teacher":"","teacher_text":"","change_info":"","theme":"Právní řád, právní ochrana občanů, právní vztahy","type":"atom","absencetext":null,"has_absent":"false","absent_info_text":"","removed_info":""}],"12":[{"lesson":"1","group":"2.S celá","room":"404","subject":"CL","subject_text":"Český jazyk a literatura","teacher":"","teacher_text":"","change_info":"","theme":"Základy literární vědy, literární druhy a žánry. Četba a interpretace literárního textu, metody interpretace textu, tvořivé činnosti. Analýza uměleckého textu.","type":"atom","absencetext":null,"has_absent":"false","absent_info_text":"","removed_info":""}],"13":[{"lesson":"2","group":"1.S 1","room":"212","subject":"CL","subject_text":"Český jazyk a literatura","teacher":"","teacher_text":"","change_info":"","theme":"Písemnictví mezopotamské (Epos o Gilgamešovi), egyptské","type":"atom","absencetext":null,"has_absent":"false","absent_info_text":"","removed_info":""}],"14":[{"lesson":"3","group":"1.S 2","room":"212","subject":"CL","subject_text":"Český jazyk a literatura","teacher":"","teacher_text":"","change_info":"","theme":"Písemnictví mezopotamské (Epos o Gilgamešovi), egyptské","type":"atom","absencetext":null,"has_absent":"false","absent_info_text":"","removed_info":""}],"15":[{"lesson":"4","group":"2.S celá","room":"404","subject":"ZSV","subject_text":"Základy společenských věd","teacher":"","teacher_text":"","change_info":"","theme":"Duševní zdraví a rozvoj osobnosti, sociální dovednosti","type":"atom","absencetext":null,"has_absent":"false","absent_info_text":"","removed_info":""}],"16":[{"lesson":"5","group":"3.EM celá","room":"111","subject":"CL","subject_text":"Český jazyk a literatura","teacher":"","teacher_text":"","change_info":"","theme":"Dadaismus prakticky - tvorba dadaistické básně","type":"atom","absencetext":null,"has_absent":"false","absent_info_text":"","removed_info":""}],"17":[{"lesson":"6","group":"4.EA celá","room":"406","subject":"CL","subject_text":"Český jazyk a literatura","teacher":"","teacher_text":"","change_info":"","theme":"Úvod do literatury po r. 1945","type":"atom","absencetext":null,"has_absent":"false","absent_info_text":"","removed_info":""}],"23":[{"lesson":"1","group":"4.EA 2","room":"313","subject":"CL","subject_text":"Český jazyk a literatura","teacher":"","teacher_text":"","change_info":"","theme":"","type":"atom","absencetext":null,"has_absent":"false","absent_info_text":"","removed_info":""}],"24":[{"lesson":"2","group":"4.EA 1","room":"313","subject":"CL","subject_text":"Český jazyk a literatura","teacher":"","teacher_text":"","change_info":"","theme":"","type":"atom","absencetext":null,"has_absent":"false","absent_info_text":"","removed_info":""}],"25":[{"lesson":"3","group":"3.EM celá","room":"113","subject":"CL","subject_text":"Český jazyk a literatura","teacher":"","teacher_text":"","change_info":"","theme":"","type":"atom","absencetext":null,"has_absent":"false","absent_info_text":"","removed_info":""}],"26":[{"lesson":"4","group":"4.SA celá","room":"201","subject":"CL","subject_text":"Český jazyk a literatura","teacher":"","teacher_text":"","change_info":"","theme":"","type":"atom","absencetext":null,"has_absent":"false","absent_info_text":"","removed_info":""}],"28":[{"lesson":"6","group":"2.ER celá","room":"111","subject":"ZSV","subject_text":"Základy společenských věd","teacher":"","teacher_text":"","change_info":"","theme":"","type":"atom","absencetext":null,"has_absent":"false","absent_info_text":"","removed_info":""}],"36":[{"lesson":"3","group":"1.S celá","room":"207","subject":"CL","subject_text":"Český jazyk a literatura","teacher":"","teacher_text":"","change_info":"","theme":"","type":"atom","absencetext":null,"has_absent":"false","absent_info_text":"","removed_info":""}],"37":[{"lesson":"4","group":"3.EM celá","room":"113","subject":"CL","subject_text":"Český jazyk a literatura","teacher":"","teacher_text":"","change_info":"","theme":"","type":"atom","absencetext":null,"has_absent":"false","absent_info_text":"","removed_info":""}],"38":[{"lesson":"5","group":"4.SA celá","room":"104","subject":"CL","subject_text":"Český jazyk a literatura","teacher":"","teacher_text":"","change_info":"","theme":"","type":"atom","absencetext":null,"has_absent":"false","absent_info_text":"","removed_info":""}],"41":[{"lesson":"8","group":"2.S celá","room":"404","subject":"ZSV","subject_text":"Základy společenských věd","teacher":"","teacher_text":"","change_info":"","theme":"","type":"atom","absencetext":null,"has_absent":"false","absent_info_text":"","removed_info":""}],"45":[{"lesson":"1","group":"2.ER celá","room":"104","subject":"ZSV","subject_text":"Základy společenských věd","teacher":"","teacher_text":"","change_info":"","theme":"","type":"atom","absencetext":null,"has_absent":"false","absent_info_text":"","removed_info":""}],"46":[{"lesson":"2","group":"4.EA celá","room":"406","subject":"CL","subject_text":"Český jazyk a literatura","teacher":"","teacher_text":"","change_info":"","theme":"","type":"atom","absencetext":null,"has_absent":"false","absent_info_text":"","removed_info":""}],"47":[{"lesson":"3","group":"4.SB celá","room":"203","subject":"ZSV","subject_text":"Základy společenských věd","teacher":"","teacher_text":"","change_info":"","theme":"","type":"atom","absencetext":null,"has_absent":"false","absent_info_text":"","removed_info":""}],"48":[{"lesson":"4","group":"4.SA celá","room":"111","subject":"CL","subject_text":"Český jazyk a literatura","teacher":"","teacher_text":"","change_info":"Přidáno do rozvrhu: 4.SA, CL, Šustrová Pavlína, 111 - do úvazku","theme":"","type":"atom","absencetext":null,"has_absent":"false","absent_info_text":"","removed_info":""}],"49":[{"lesson":"5","group":"4.SA celá","room":"111","subject":"CL","subject_text":"Český jazyk a literatura","teacher":"","teacher_text":"","change_info":"Přidáno do rozvrhu: 4.SA, CL, Šustrová Pavlína, 111 - do úvazku","theme":"","type":"atom","absencetext":null,"has_absent":"false","absent_info_text":"","removed_info":""}],"50":[{"lesson":"6","group":"2.S celá","room":"404","subject":"CL","subject_text":"Český jazyk a literatura","teacher":"","teacher_text":"","change_info":"","theme":"","type":"atom","absencetext":null,"has_absent":"false","absent_info_text":"","removed_info":""}]}