{"3":[{"lesson":"3","group":"2.EM celá","room":"210","subject":"TES","subject_text":"Technologie ve strojírenství","teacher":"","teacher_text":"","change_info":"","theme":"Druhy a výroba litin - pokračování","type":"atom","absencetext":null,"has_absent":"false","absent_info_text":"","removed_info":""}],"4":[{"lesson":"4","group":"2.EM celá","room":"210","subject":"TES","subject_text":"Technologie ve strojírenství","teacher":"","teacher_text":"","change_info":"","theme":"Druhy a výroba litin - pokračování","type":"atom","absencetext":null,"has_absent":"false","absent_info_text":"","removed_info":""}],"6":[{"lesson":"6","group":"4.SB 2","room":"203","subject":"KM","subject_text":"Kontrola a měření","teacher":"","teacher_text":"","change_info":"Spojeno: 4.SB(2), Franta Lukáš, 203 (4.SB(2), Kroupa Petr, 106)","theme":"Příprava úloh na měření","type":"atom","absencetext":null,"has_absent":"false","absent_info_text":"","removed_info":""},{"lesson":"6","group":"4.SB 1","room":"203","subject":"KM","subject_text":"Kontrola a měření","teacher":"","teacher_text":"","change_info":"Změna místnosti: 203 (117)","theme":"Příprava úloh měření","type":"atom","absencetext":null,"has_absent":"false","absent_info_text":"","removed_info":""}],"7":[{"lesson":"7","group":"4.SB 2","room":"203","subject":"KM","subject_text":"Kontrola a měření","teacher":"","teacher_text":"","change_info":"Spojeno: 4.SB(2), Franta Lukáš, 203 (4.SB(2), Kroupa Petr, 106)","theme":"Příprava úloh na měření","type":"atom","absencetext":null,"has_absent":"false","absent_info_text":"","removed_info":""},{"lesson":"7","group":"4.SB 1","room":"203","subject":"KM","subject_text":"Kontrola a měření","teacher":"","teacher_text":"","change_info":"Změna místnosti: 203 (117)","theme":"Příprava úloh měření","type":"atom","absencetext":null,"has_absent":"false","absent_info_text":"","removed_info":""}],"8":[{"lesson":"8","group":"2.S 2","room":"106","subject":"SSc","subject_text":"Stavba a provoz str. cvičení","teacher":"","teacher_text":"","change_info":"","theme":"Zadání 2. úlohy - Pojistná spojka","type":"atom","absencetext":null,"has_absent":"false","absent_info_text":"","removed_info":""}],"9":[{"lesson":"9","group":"2.S 2","room":"106","subject":"SSc","subject_text":"Stavba a provoz str. cvičení","teacher":"","teacher_text":"","change_info":"","theme":"Zadání 2. úlohy - Pojistná spojka","type":"atom","absencetext":null,"has_absent":"false","absent_info_text":"","removed_info":""}],"12":[{"lesson":"1","group":"3.S celá","room":"203","subject":"SS","subject_text":"Stavba a provoz strojů","teacher":"","teacher_text":"","change_info":"Suplování - za odpadlou (Kp)","theme":"OzubeníVN s vyrovnanou korekcí","type":"atom","absencetext":null,"has_absent":"false","absent_info_text":"","removed_info":""}],"13":[{"lesson":"2","group":"2.S celá","room":"404","subject":"SS","subject_text":"Stavba a provoz strojů","teacher":"","teacher_text":"","change_info":"","theme":"Opakovací písemka","type":"atom","absencetext":null,"has_absent":"false","absent_info_text":"","removed_info":""}],"14":[{"lesson":"3","group":"3.S 1","room":"117","subject":"KM","subject_text":"Kontrola a měření","teacher":"","teacher_text":"","change_info":"","theme":"Metody měření tvrdosti","type":"atom","absencetext":null,"has_absent":"false","absent_info_text":"","removed_info":""}],"15":[{"lesson":"4","group":"3.S 1","room":"117","subject":"KM","subject_text":"Kontrola a měření","teacher":"","teacher_text":"","change_info":"","theme":"Metody měření tvrdosti","type":"atom","absencetext":null,"has_absent":"false","absent_info_text":"","removed_info":""}],"17":[{"lesson":"6","group":"1.S P3","room":"308","subject":"TKc","subject_text":"Technické kreslení-cvičení","teacher":"","teacher_text":"","change_info":"","theme":"Výkresy dle zadání","type":"atom","absencetext":null,"has_absent":"false","absent_info_text":"","removed_info":""}],"18":[{"lesson":"7","group":"1.S P3","room":"308","subject":"TKc","subject_text":"Technické kreslení-cvičení","teacher":"","teacher_text":"","change_info":"","theme":"Výkresy dle zadání","type":"atom","absencetext":null,"has_absent":"false","absent_info_text":"","removed_info":""}],"23":[{"lesson":"","group":"","room":"","subject":"","subject_text":"","teacher":null,"teacher_text":"","change_info":"","theme":null,"type":"removed","absencetext":null,"has_absent":"","absent_info_text":"","removed_info":"Spojení hodin: STc, Krejsa Vladimír (3.S(2), KM)"}],"24":[{"lesson":"","group":"","room":"","subject":"","subject_text":"","teacher":null,"teacher_text":"","change_info":"","theme":null,"type":"removed","absencetext":null,"has_absent":"","absent_info_text":"","removed_info":"Spojení hodin: STc, Krejsa Vladimír (3.S(2), KM)"}],"27":[{"lesson":"5","group":"4.SA 2","room":"106","subject":"KM","subject_text":"Kontrola a měření","teacher":"","teacher_text":"","change_info":"","theme":"Měření úlohy 1-5","type":"atom","absencetext":null,"has_absent":"false","absent_info_text":"","removed_info":""}],"28":[{"lesson":"6","group":"4.SA 2","room":"106","subject":"KM","subject_text":"Kontrola a měření","teacher":"","teacher_text":"","change_info":"","theme":"Měření úlohy 1-5","type":"atom","absencetext":null,"has_absent":"false","absent_info_text":"","removed_info":""}],"33":[{"lesson":"0","group":"4.SA 1","room":"106","subject":"KM","subject_text":"Kontrola a měření","teacher":"","teacher_text":"","change_info":"","theme":"Úloha č.1 - Měření rychlosti otáčení","type":"atom","absencetext":null,"has_absent":"false","absent_info_text":"","removed_info":""}],"34":[{"lesson":"1","group":"4.SA 1","room":"106","subject":"KM","subject_text":"Kontrola a měření","teacher":"","teacher_text":"","change_info":"","theme":"Úloha č.1 - Měření rychlosti otáčení","type":"atom","absencetext":null,"has_absent":"false","absent_info_text":"","removed_info":""}],"35":[{"lesson":"2","group":"2.EM 1","room":"117","subject":"TESc","subject_text":"Technologie ve strojírenství cvičení","teacher":"","teacher_text":"","change_info":"","theme":"Diagram Fe Fe3C","type":"atom","absencetext":null,"has_absent":"false","absent_info_text":"","removed_info":""}],"36":[{"lesson":"3","group":"2.EM 2","room":"117","subject":"TESc","subject_text":"Technologie ve strojírenství cvičení","teacher":"","teacher_text":"","change_info":"","theme":"Diagram Fe - Fe3C","type":"atom","absencetext":null,"has_absent":"false","absent_info_text":"","removed_info":""}],"40":[{"lesson":"7","group":"2.S celá","room":"203","subject":"SS","subject_text":"Stavba a provoz strojů","teacher":"","teacher_text":"","change_info":"Suplování: SS - za odpadlou (ME, Kp)","theme":"Kolíkové spoje","type":"atom","absencetext":null,"has_absent":"false","absent_info_text":"","removed_info":""}],"45":[{"lesson":"1","group":"3.EM 1","room":"303","subject":"IT","subject_text":"Informační technologie","teacher":"","teacher_text":"","change_info":"","theme":"Vyhledávání informací","type":"atom","absencetext":null,"has_absent":"false","absent_info_text":"","removed_info":""}],"46":[{"lesson":"2","group":"3.EM 1","room":"303","subject":"IT","subject_text":"Informační technologie","teacher":"","teacher_text":"","change_info":"","theme":"Vyhledávání informací","type":"atom","absencetext":null,"has_absent":"false","absent_info_text":"","removed_info":""}],"47":[{"lesson":"3","group":"1.EE P3","room":"117","subject":"TDc","subject_text":"Technická dokumentace - cvičení","teacher":"","teacher_text":"","change_info":"","theme":"Procvičování - jednoduchá součást","type":"atom","absencetext":null,"has_absent":"false","absent_info_text":"","removed_info":""}],"48":[{"lesson":"4","group":"2.S celá","room":"404","subject":"SS","subject_text":"Stavba a provoz strojů","teacher":"","teacher_text":"","change_info":"","theme":"Kolíkové spoje pokračování","type":"atom","absencetext":null,"has_absent":"false","absent_info_text":"","removed_info":""}],"49":[{"lesson":"5","group":"1.ER P1","room":"302","subject":"TKc","subject_text":"Technické kreslení-cvičení","teacher":"","teacher_text":"","change_info":"","theme":"Kotování procvičování - zadaný fyzický model","type":"atom","absencetext":null,"has_absent":"false","absent_info_text":"","removed_info":""}]}