{"3":[{"lesson":"3","group":"2.EM celá","room":"210","subject":"TES","subject_text":"Technologie ve strojírenství","teacher":"","teacher_text":"","change_info":"","theme":"Diagrammetastabilní  soustavy Fe-Fe3C","type":"atom","absencetext":null,"has_absent":"false","absent_info_text":"","removed_info":""}],"4":[{"lesson":"4","group":"2.EM celá","room":"210","subject":"TES","subject_text":"Technologie ve strojírenství","teacher":"","teacher_text":"","change_info":"","theme":"Diagram metastabilní soustavy Fe-Fe3C","type":"atom","absencetext":null,"has_absent":"false","absent_info_text":"","removed_info":""}],"6":[{"lesson":"6","group":"4.SB 2","room":"117","subject":"KM","subject_text":"Kontrola a měření","teacher":"","teacher_text":"","change_info":"","theme":"Měžení úlohy 1-5","type":"atom","absencetext":null,"has_absent":"false","absent_info_text":"","removed_info":""}],"7":[{"lesson":"7","group":"4.SB 2","room":"117","subject":"KM","subject_text":"Kontrola a měření","teacher":"","teacher_text":"","change_info":"","theme":"Měžení úlohy 1-5","type":"atom","absencetext":null,"has_absent":"false","absent_info_text":"","removed_info":""}],"8":[{"lesson":"","group":"","room":"","subject":"","subject_text":"","teacher":null,"teacher_text":"","change_info":"","theme":null,"type":"removed","absencetext":null,"has_absent":"","absent_info_text":"","removed_info":"Vyjmuto z rozvrhu (2.S(1), SSc)"}],"9":[{"lesson":"","group":"","room":"","subject":"","subject_text":"","teacher":null,"teacher_text":"","change_info":"","theme":null,"type":"removed","absencetext":null,"has_absent":"","absent_info_text":"","removed_info":"Vyjmuto z rozvrhu (2.S(1), SSc)"}],"12":[{"lesson":"1","group":"1.EE celá","room":"308","subject":"TDc","subject_text":"Technická dokumentace - cvičení","teacher":"","teacher_text":"","change_info":"Suplování: TDc - za odpadlou (MA, Ml)","theme":"Kreslení šroubových spojů","type":"atom","absencetext":null,"has_absent":"false","absent_info_text":"","removed_info":""}],"13":[{"lesson":"2","group":"2.S celá","room":"404","subject":"SS","subject_text":"Stavba a provoz strojů","teacher":"","teacher_text":"","change_info":"","theme":"Čepová spojení","type":"atom","absencetext":null,"has_absent":"false","absent_info_text":"","removed_info":""}],"14":[{"lesson":"3","group":"3.S 1","room":"117","subject":"KM","subject_text":"Kontrola a měření","teacher":"","teacher_text":"","change_info":"","theme":"Úloha 1-6","type":"atom","absencetext":null,"has_absent":"false","absent_info_text":"","removed_info":""}],"15":[{"lesson":"4","group":"3.S 1","room":"117","subject":"KM","subject_text":"Kontrola a měření","teacher":"","teacher_text":"","change_info":"","theme":"Úloha 1-6","type":"atom","absencetext":null,"has_absent":"false","absent_info_text":"","removed_info":""}],"17":[{"lesson":"6","group":"1.S P3","room":"308","subject":"TKc","subject_text":"Technické kreslení-cvičení","teacher":"","teacher_text":"","change_info":"","theme":"Kreslení rotačních součástí","type":"atom","absencetext":null,"has_absent":"false","absent_info_text":"","removed_info":""}],"18":[{"lesson":"7","group":"1.S P3","room":"308","subject":"TKc","subject_text":"Technické kreslení-cvičení","teacher":"","teacher_text":"","change_info":"","theme":"Kreslení rotačních součástí","type":"atom","absencetext":null,"has_absent":"false","absent_info_text":"","removed_info":""}],"23":[{"lesson":"1","group":"3.S 2","room":"117","subject":"KM","subject_text":"Kontrola a měření","teacher":"","teacher_text":"","change_info":"","theme":"Úloha 1- 6","type":"atom","absencetext":null,"has_absent":"false","absent_info_text":"","removed_info":""}],"24":[{"lesson":"2","group":"3.S 2","room":"117","subject":"KM","subject_text":"Kontrola a měření","teacher":"","teacher_text":"","change_info":"","theme":"Úloha 1- 6","type":"atom","absencetext":null,"has_absent":"false","absent_info_text":"","removed_info":""}],"27":[{"lesson":"5","group":"4.SA 2","room":"106","subject":"KM","subject_text":"Kontrola a měření","teacher":"","teacher_text":"","change_info":"","theme":"Úloha 1 - 5","type":"atom","absencetext":null,"has_absent":"false","absent_info_text":"","removed_info":""}],"28":[{"lesson":"6","group":"4.SA 2","room":"106","subject":"KM","subject_text":"Kontrola a měření","teacher":"","teacher_text":"","change_info":"","theme":"Úloha 1 - 5","type":"atom","absencetext":null,"has_absent":"false","absent_info_text":"","removed_info":""}],"33":[{"lesson":"0","group":"4.SA 1","room":"106","subject":"KM","subject_text":"Kontrola a měření","teacher":"","teacher_text":"","change_info":"","theme":"Úloha 1-5","type":"atom","absencetext":null,"has_absent":"false","absent_info_text":"","removed_info":""}],"34":[{"lesson":"1","group":"4.SA 1","room":"106","subject":"KM","subject_text":"Kontrola a měření","teacher":"","teacher_text":"","change_info":"","theme":"Úloha 1-5","type":"atom","absencetext":null,"has_absent":"false","absent_info_text":"","removed_info":""}],"35":[{"lesson":"2","group":"2.EM 1","room":"117","subject":"TESc","subject_text":"Technologie ve strojírenství cvičení","teacher":"","teacher_text":"","change_info":"","theme":"Návrh odlitku","type":"atom","absencetext":null,"has_absent":"false","absent_info_text":"","removed_info":""}],"36":[{"lesson":"3","group":"2.EM 2","room":"117","subject":"TESc","subject_text":"Technologie ve strojírenství cvičení","teacher":"","teacher_text":"","change_info":"","theme":"Návrh odlitku","type":"atom","absencetext":null,"has_absent":"false","absent_info_text":"","removed_info":""}],"45":[{"lesson":"1","group":"3.EM 2","room":"303","subject":"IT","subject_text":"Informační technologie","teacher":"","teacher_text":"","change_info":"","theme":"Tvorba tabulek a jejich logické propojení - pokračování","type":"atom","absencetext":null,"has_absent":"false","absent_info_text":"","removed_info":""}],"46":[{"lesson":"2","group":"3.EM 2","room":"303","subject":"IT","subject_text":"Informační technologie","teacher":"","teacher_text":"","change_info":"","theme":"Tvorba tabulek a jejich logické propojení - pokračování","type":"atom","absencetext":null,"has_absent":"false","absent_info_text":"","removed_info":""}],"47":[{"lesson":"3","group":"1.EE P3","room":"117","subject":"TDc","subject_text":"Technická dokumentace - cvičení","teacher":"","teacher_text":"","change_info":"","theme":"Závita - procvičování","type":"atom","absencetext":null,"has_absent":"false","absent_info_text":"","removed_info":""}],"48":[{"lesson":"4","group":"2.S celá","room":"404","subject":"SS","subject_text":"Stavba a provoz strojů","teacher":"","teacher_text":"","change_info":"","theme":"Spojení náboje a hřídele","type":"atom","absencetext":null,"has_absent":"false","absent_info_text":"","removed_info":""}],"49":[{"lesson":"5","group":"1.ER P1","room":"302","subject":"TKc","subject_text":"Technické kreslení-cvičení","teacher":"","teacher_text":"","change_info":"","theme":"Procvičování řezů a průřezů","type":"atom","absencetext":null,"has_absent":"false","absent_info_text":"","removed_info":""}]}