{"1":[{"lesson":"1","group":"2.EE celá","room":"313","subject":"CL","subject_text":"Český jazyk a literatura","teacher":"Fd","teacher_text":"Fd","change_info":"","theme":"K. J. Erben - Kytice (část 2) - motivy, básnické prostředky aj.","type":"atom","absencetext":null,"has_absent":"false","absent_info_text":"","removed_info":""}],"2":[{"lesson":"2","group":"2.EE celá","room":"313","subject":"ZE","subject_text":"Základy elektrotechniky","teacher":"Su","teacher_text":"Su","change_info":"","theme":"Typy zátěží v obvodech AC úproudu (R,L,C,M)","type":"atom","absencetext":null,"has_absent":"false","absent_info_text":"","removed_info":""}],"3":[{"lesson":"3","group":"2.EE celá","room":"313","subject":"MA","subject_text":"Matematika","teacher":"Pl","teacher_text":"Pl","change_info":"","theme":"Test","type":"atom","absencetext":null,"has_absent":"false","absent_info_text":"","removed_info":""}],"4":[{"lesson":"4","group":"2.EE celá","room":"313","subject":"FY","subject_text":"Fyzika","teacher":"Pt","teacher_text":"Pt","change_info":"","theme":"Polarizace elektromagnetické vlny","type":"atom","absencetext":null,"has_absent":"false","absent_info_text":"","removed_info":""}],"5":[{"lesson":"5","group":"2.EE 1","room":"313","subject":"AJ","subject_text":"Anglický jazyk","teacher":"Ds","teacher_text":"Ds","change_info":"","theme":"Multicultural London","type":"atom","absencetext":null,"has_absent":"false","absent_info_text":"","removed_info":""}],"6":[{"lesson":"6","group":"2.EE celá","room":"313","subject":"SE","subject_text":"Strojírenství v elektroenergetice","teacher":"Kr","teacher_text":"Kr","change_info":"","theme":"nosníky","type":"atom","absencetext":null,"has_absent":"false","absent_info_text":"","removed_info":""}],"8":[{"lesson":"8","group":"2.EE celá","room":"313","subject":"ZSV","subject_text":"Základy společenských věd","teacher":"Fd","teacher_text":"Fd","change_info":"","theme":"Pravidla slušného chování","type":"atom","absencetext":null,"has_absent":"false","absent_info_text":"","removed_info":""}],"11":[{"lesson":"0","group":"4.SB EU","room":"313","subject":"PE","subject_text":"Podniková ekonomika","teacher":"Pu","teacher_text":"Pu","change_info":"","theme":"Marketingový mix","type":"atom","absencetext":null,"has_absent":"false","absent_info_text":"","removed_info":""}],"12":[{"lesson":"1","group":"4.SB EU","room":"313","subject":"PE","subject_text":"Podniková ekonomika","teacher":"Pu","teacher_text":"Pu","change_info":"","theme":"Životní cyklus výrobku","type":"atom","absencetext":null,"has_absent":"false","absent_info_text":"","removed_info":""}],"13":[{"lesson":"2","group":"2.EE celá","room":"313","subject":"ZSV","subject_text":"Základy společenských věd","teacher":"Fd","teacher_text":"Fd","change_info":"","theme":"Pravidla slušného chování (skupinová práce)","type":"atom","absencetext":null,"has_absent":"false","absent_info_text":"","removed_info":""}],"14":[{"lesson":"3","group":"2.EE celá","room":"313","subject":"CL","subject_text":"Český jazyk a literatura","teacher":"Fd","teacher_text":"Fd","change_info":"","theme":"Božena Němcová - život, dílo aj.","type":"atom","absencetext":null,"has_absent":"false","absent_info_text":"","removed_info":""}],"23":[{"lesson":"1","group":"4.EA 2","room":"313","subject":"CL","subject_text":"Český jazyk a literatura","teacher":"Šu","teacher_text":"Šu","change_info":"","theme":"Opakování k ústní MZK - stylistika","type":"atom","absencetext":null,"has_absent":"false","absent_info_text":"","removed_info":""}],"24":[{"lesson":"2","group":"4.EA 1","room":"313","subject":"CL","subject_text":"Český jazyk a literatura","teacher":"Šu","teacher_text":"Šu","change_info":"","theme":"Opakování k ústní MZK - stylistika","type":"atom","absencetext":null,"has_absent":"false","absent_info_text":"","removed_info":""}],"25":[{"lesson":"3","group":"2.EE celá","room":"313","subject":"ER","subject_text":"Elektrické rozvody","teacher":"Vs","teacher_text":"Vs","change_info":"","theme":"Holé vodiče pro silnoproudý rozvod","type":"atom","absencetext":null,"has_absent":"false","absent_info_text":"","removed_info":""}],"26":[{"lesson":"4","group":"2.EE 1","room":"313","subject":"AJ","subject_text":"Anglický jazyk","teacher":"Ds","teacher_text":"Ds","change_info":"","theme":"Visiting London - poslech","type":"atom","absencetext":null,"has_absent":"false","absent_info_text":"","removed_info":""}],"27":[{"lesson":"5","group":"2.EE celá","room":"313","subject":"MA","subject_text":"Matematika","teacher":"Pl","teacher_text":"Pl","change_info":"","theme":"Oprava testu","type":"atom","absencetext":null,"has_absent":"false","absent_info_text":"","removed_info":""}],"28":[{"lesson":"6","group":"2.EE celá","room":"313","subject":"SE","subject_text":"Strojírenství v elektroenergetice","teacher":"Kr","teacher_text":"Kr","change_info":"","theme":"nosníky","type":"atom","absencetext":null,"has_absent":"false","absent_info_text":"","removed_info":""}],"34":[{"lesson":"1","group":"2.EE celá","room":"313","subject":"ER","subject_text":"Elektrické rozvody","teacher":"Vs","teacher_text":"Vs","change_info":"","theme":"Test - látka za říjen a lsitopad","type":"atom","absencetext":null,"has_absent":"false","absent_info_text":"","removed_info":""}],"35":[{"lesson":"2","group":"2.EE celá","room":"313","subject":"VE","subject_text":"Výkonová elektronika","teacher":"Sy","teacher_text":"Sy","change_info":"","theme":"Písemná práce, oprava.","type":"atom","absencetext":null,"has_absent":"false","absent_info_text":"","removed_info":""}],"36":[{"lesson":"3","group":"2.EE 1","room":"313","subject":"MA","subject_text":"Matematika","teacher":"Pl","teacher_text":"Pl","change_info":"","theme":"Komplexní čísla - úvod","type":"atom","absencetext":null,"has_absent":"false","absent_info_text":"","removed_info":""}],"37":[{"lesson":"4","group":"2.EE 2","room":"313","subject":"MA","subject_text":"Matematika","teacher":"Pl","teacher_text":"Pl","change_info":"","theme":"Komplexní čísla - úvod","type":"atom","absencetext":null,"has_absent":"false","absent_info_text":"","removed_info":""}],"45":[{"lesson":"1","group":"2.EE celá","room":"313","subject":"FY","subject_text":"Fyzika","teacher":"Pt","teacher_text":"Pt","change_info":"","theme":"Optika","type":"atom","absencetext":null,"has_absent":"false","absent_info_text":"","removed_info":""}],"46":[{"lesson":"2","group":"2.EE celá","room":"313","subject":"MA","subject_text":"Matematika","teacher":"Pl","teacher_text":"Pl","change_info":"","theme":"Počítání s komplexníni čísly v algebraickém tvaru","type":"atom","absencetext":null,"has_absent":"false","absent_info_text":"","removed_info":""}],"47":[{"lesson":"3","group":"2.EE celá","room":"313","subject":"DT","subject_text":"Digitální technika","teacher":"Rů","teacher_text":"Rů","change_info":"","theme":"Multiplexory, demultiplexery","type":"atom","absencetext":null,"has_absent":"false","absent_info_text":"","removed_info":""}],"48":[{"lesson":"4","group":"2.EE celá","room":"313","subject":"CL","subject_text":"Český jazyk a literatura","teacher":"Fd","teacher_text":"Fd","change_info":"","theme":"K. H. Borovský - Král Lávra","type":"atom","absencetext":null,"has_absent":"false","absent_info_text":"","removed_info":""}],"49":[{"lesson":"5","group":"2.EE celá","room":"313","subject":"ZE","subject_text":"Základy elektrotechniky","teacher":"Su","teacher_text":"Su","change_info":"","theme":"Typy zátěží v obvodech AC úproudu (R,L,C,M)","type":"atom","absencetext":null,"has_absent":"false","absent_info_text":"","removed_info":""}],"50":[{"lesson":"6","group":"2.EE celá","room":"313","subject":"VE","subject_text":"Výkonová elektronika","teacher":"Sy","teacher_text":"Sy","change_info":"","theme":"Můstková stabilizace pracovního bodu.","type":"atom","absencetext":null,"has_absent":"false","absent_info_text":"","removed_info":""}]}