{"2":[{"lesson":"2","group":"4.EB P3","room":"D24","subject":"ATc","subject_text":"Automatizační technika cvičení","teacher":"Sy","teacher_text":"Sy","change_info":"","theme":"Řízení serva pomocí PWM.","type":"atom","absencetext":null,"has_absent":"false","absent_info_text":"","removed_info":""}],"3":[{"lesson":"3","group":"4.EB P3","room":"D24","subject":"ATc","subject_text":"Automatizační technika cvičení","teacher":"Sy","teacher_text":"Sy","change_info":"","theme":"Řízení serva pomocí PWM.","type":"atom","absencetext":null,"has_absent":"false","absent_info_text":"","removed_info":""}],"4":[{"lesson":"4","group":"4.EA P3","room":"D24","subject":"ATc","subject_text":"Automatizační technika cvičení","teacher":"Sy","teacher_text":"Sy","change_info":"","theme":"Řízení serva pomocí PWM.","type":"atom","absencetext":null,"has_absent":"false","absent_info_text":"","removed_info":""}],"5":[{"lesson":"5","group":"4.EA P3","room":"D24","subject":"ATc","subject_text":"Automatizační technika cvičení","teacher":"Sy","teacher_text":"Sy","change_info":"","theme":"Řízení serva pomocí PWM.","type":"atom","absencetext":null,"has_absent":"false","absent_info_text":"","removed_info":""}],"7":[{"lesson":"7","group":"3.ER P3","room":"D24","subject":"PRA","subject_text":"Praxe","teacher":"Sy","teacher_text":"Sy","change_info":"","theme":"Systém RC 2000.BOZP.","type":"atom","absencetext":null,"has_absent":"false","absent_info_text":"","removed_info":""}],"8":[{"lesson":"8","group":"3.ER P3","room":"D24","subject":"PRA","subject_text":"Praxe","teacher":"Sy","teacher_text":"Sy","change_info":"","theme":"Systém RC 2000.","type":"atom","absencetext":null,"has_absent":"false","absent_info_text":"","removed_info":""}],"9":[{"lesson":"9","group":"3.ER P3","room":"D24","subject":"PRA","subject_text":"Praxe","teacher":"Sy","teacher_text":"Sy","change_info":"","theme":"Systém RC 2000.","type":"atom","absencetext":null,"has_absent":"false","absent_info_text":"","removed_info":""}],"18":[{"lesson":"7","group":"2.EE P2","room":"D24","subject":"VEc","subject_text":"Výkonová elektronika - cvičení","teacher":"Sy","teacher_text":"Sy","change_info":"","theme":"Nastavení pracovního bodu.","type":"atom","absencetext":null,"has_absent":"false","absent_info_text":"","removed_info":""}],"19":[{"lesson":"8","group":"2.EE P2","room":"D24","subject":"VEc","subject_text":"Výkonová elektronika - cvičení","teacher":"Sy","teacher_text":"Sy","change_info":"","theme":"Nastavení pracovního bodu.","type":"atom","absencetext":null,"has_absent":"false","absent_info_text":"","removed_info":""}],"44":[{"lesson":"0","group":"3.EE P1","room":"D24","subject":"PRA","subject_text":"Praxe","teacher":"Sy","teacher_text":"Sy","change_info":"","theme":"Systém RC 2000, úvod, BOZP v laboratoři D24.","type":"atom","absencetext":null,"has_absent":"false","absent_info_text":"","removed_info":""}],"45":[{"lesson":"1","group":"3.EE P1","room":"D24","subject":"PRA","subject_text":"Praxe","teacher":"Sy","teacher_text":"Sy","change_info":"","theme":"Systém RC 2000, úvod.","type":"atom","absencetext":null,"has_absent":"false","absent_info_text":"","removed_info":""}],"46":[{"lesson":"2","group":"3.EE P1","room":"D24","subject":"PRA","subject_text":"Praxe","teacher":"Sy","teacher_text":"Sy","change_info":"","theme":"Systém RC 2000, úvod.","type":"atom","absencetext":null,"has_absent":"false","absent_info_text":"","removed_info":""}]}