{"1":[{"lesson":"1","group":"3.EE celá","room":"311","subject":"EM","subject_text":"Elektrická měření","teacher":"","teacher_text":"","change_info":"","theme":"Číslicové MP (Elektronické MP, Číslicové V-metry, Číslicové multimetry, Porovnání analog. a číslic. MP)","type":"atom","absencetext":null,"has_absent":"false","absent_info_text":"","removed_info":""}],"2":[{"lesson":"2","group":"2.EE celá","room":"313","subject":"ZE","subject_text":"Základy elektrotechniky","teacher":"","teacher_text":"","change_info":"","theme":"Střídavý proud (Vznik střidavého napětí), ef.hodnota, stř.hodnota","type":"atom","absencetext":null,"has_absent":"false","absent_info_text":"","removed_info":""}],"3":[{"lesson":"3","group":"3.ER celá","room":"212","subject":"EM","subject_text":"Elektrická měření","teacher":"","teacher_text":"","change_info":"","theme":"Čislicové MP (Čislicový multimetr)","type":"atom","absencetext":null,"has_absent":"false","absent_info_text":"","removed_info":""}],"5":[{"lesson":"5","group":"3.EE P3","room":"317","subject":"EMc","subject_text":"Elktrické měření-cvičení","teacher":"","teacher_text":"","change_info":"","theme":"Osciloskopická měření","type":"atom","absencetext":null,"has_absent":"false","absent_info_text":"","removed_info":""}],"6":[{"lesson":"6","group":"3.EE P3","room":"317","subject":"EMc","subject_text":"Elktrické měření-cvičení","teacher":"","teacher_text":"","change_info":"","theme":"Osciloskopická měření","type":"atom","absencetext":null,"has_absent":"false","absent_info_text":"","removed_info":""}],"11":[{"lesson":"0","group":"2.EE 1","room":"216","subject":"ZEc","subject_text":"Základy elektrotechniky-cvičení","teacher":"","teacher_text":"","change_info":"","theme":"Efektivní hodnota - praktické úkoly","type":"atom","absencetext":null,"has_absent":"false","absent_info_text":"","removed_info":""}],"12":[{"lesson":"1","group":"2.EE 1","room":"216","subject":"ZEc","subject_text":"Základy elektrotechniky-cvičení","teacher":"","teacher_text":"","change_info":"","theme":"Efektivní hodnota - praktické úkoly","type":"atom","absencetext":null,"has_absent":"false","absent_info_text":"","removed_info":""}],"13":[{"lesson":"2","group":"4.EA celá","room":"406","subject":"EN","subject_text":"Elektronická zařízení","teacher":"","teacher_text":"","change_info":"","theme":"Přenos signálu po sdělovacím vedení (parametry, Z (ne)přizpůsobení, vícenásobný přenos signálu.)","type":"atom","absencetext":null,"has_absent":"false","absent_info_text":"","removed_info":""}],"14":[{"lesson":"3","group":"2.S celá","room":"203","subject":"EL","subject_text":"Elektrotechnika","teacher":"","teacher_text":"","change_info":"Suplování: EL - přespočetná hod. (ME, Kp)","theme":"Magnetické pole (vznik, zobrazení,Indukce,vlastnosti látek)","type":"atom","absencetext":null,"has_absent":"false","absent_info_text":"","removed_info":""}],"23":[{"lesson":"1","group":"2.S celá","room":"404","subject":"EL","subject_text":"Elektrotechnika","teacher":"","teacher_text":"","change_info":"","theme":"","type":"atom","absencetext":null,"has_absent":"false","absent_info_text":"","removed_info":""}],"24":[{"lesson":"2","group":"3.EE celá","room":"311","subject":"EM","subject_text":"Elektrická měření","teacher":"","teacher_text":"","change_info":"","theme":"","type":"atom","absencetext":null,"has_absent":"false","absent_info_text":"","removed_info":""}],"27":[{"lesson":"5","group":"2.EE celá","room":"313","subject":"ZE","subject_text":"Základy elektrotechniky","teacher":"","teacher_text":"","change_info":"Suplování: ZE - přespočetná hod. (MA, Pl)","theme":"","type":"atom","absencetext":null,"has_absent":"false","absent_info_text":"","removed_info":""}],"28":[{"lesson":"6","group":"4.EA celá","room":"406","subject":"EN","subject_text":"Elektronická zařízení","teacher":"","teacher_text":"","change_info":"","theme":"","type":"atom","absencetext":null,"has_absent":"false","absent_info_text":"","removed_info":""}],"37":[{"lesson":"4","group":"4.EA celá","room":"406","subject":"EN","subject_text":"Elektronická zařízení","teacher":"","teacher_text":"","change_info":"","theme":"","type":"atom","absencetext":null,"has_absent":"false","absent_info_text":"","removed_info":""}],"39":[{"lesson":"6","group":"4.EA 2","room":"317","subject":"ENc","subject_text":"ElektroZař","teacher":"","teacher_text":"","change_info":"","theme":"","type":"atom","absencetext":null,"has_absent":"false","absent_info_text":"","removed_info":""}],"40":[{"lesson":"7","group":"4.EA 2","room":"317","subject":"ENc","subject_text":"ElektroZař","teacher":"","teacher_text":"","change_info":"","theme":"","type":"atom","absencetext":null,"has_absent":"false","absent_info_text":"","removed_info":""}],"41":[{"lesson":"8","group":"3.ER P3","room":"317","subject":"EMc","subject_text":"Elktrické měření-cvičení","teacher":"","teacher_text":"","change_info":"","theme":"","type":"atom","absencetext":null,"has_absent":"false","absent_info_text":"","removed_info":""}],"42":[{"lesson":"9","group":"3.ER P3","room":"317","subject":"EMc","subject_text":"Elktrické měření-cvičení","teacher":"","teacher_text":"","change_info":"","theme":"","type":"atom","absencetext":null,"has_absent":"false","absent_info_text":"","removed_info":""}],"44":[{"lesson":"0","group":"3.ER celá","room":"212","subject":"EM","subject_text":"Elektrická měření","teacher":"","teacher_text":"","change_info":"","theme":"","type":"atom","absencetext":null,"has_absent":"false","absent_info_text":"","removed_info":""}],"45":[{"lesson":"1","group":"4.EA celá","room":"406","subject":"EM","subject_text":"Elektrická měření","teacher":"","teacher_text":"","change_info":"","theme":"","type":"atom","absencetext":null,"has_absent":"false","absent_info_text":"","removed_info":""}],"46":[{"lesson":"2","group":"2.S celá","room":"404","subject":"EL","subject_text":"Elektrotechnika","teacher":"","teacher_text":"","change_info":"","theme":"","type":"atom","absencetext":null,"has_absent":"false","absent_info_text":"","removed_info":""}],"49":[{"lesson":"5","group":"2.EE celá","room":"313","subject":"ZE","subject_text":"Základy elektrotechniky","teacher":"","teacher_text":"","change_info":"","theme":"","type":"atom","absencetext":null,"has_absent":"false","absent_info_text":"","removed_info":""}],"50":[{"lesson":"6","group":"4.EB celá","room":"304","subject":"EM","subject_text":"Elektrická měření","teacher":"","teacher_text":"","change_info":"","theme":"","type":"atom","absencetext":null,"has_absent":"false","absent_info_text":"","removed_info":""}]}