{"1":[{"lesson":"","group":"","room":"","subject":"","subject_text":"","teacher":null,"teacher_text":"","change_info":"","theme":null,"type":"removed","absencetext":null,"has_absent":"","absent_info_text":"","removed_info":"Absence třídy (3.EE, EM)"}],"3":[{"lesson":"3","group":"3.ER celá","room":"212","subject":"EM","subject_text":"Elektrická měření","teacher":"","teacher_text":"","change_info":"","theme":"Měření impedancí (nulové metody - můstky)","type":"atom","absencetext":null,"has_absent":"false","absent_info_text":"","removed_info":""}],"5":[{"lesson":"","group":"","room":"","subject":"","subject_text":"","teacher":null,"teacher_text":"","change_info":"","theme":null,"type":"removed","absencetext":null,"has_absent":"","absent_info_text":"","removed_info":"Absence třídy (3.EE, EMc)"}],"6":[{"lesson":"","group":"","room":"","subject":"","subject_text":"","teacher":null,"teacher_text":"","change_info":"","theme":null,"type":"removed","absencetext":null,"has_absent":"","absent_info_text":"","removed_info":"Absence třídy (3.EE, EMc)"}],"8":[{"lesson":"8","group":"2.EE celá","room":"313","subject":"ZE","subject_text":"Základy elektrotechniky","teacher":"","teacher_text":"","change_info":"","theme":"SKM (operace s komplex.čísly, symboly pro prvky ovodů AC proudu, řešení obvodů)","type":"atom","absencetext":null,"has_absent":"false","absent_info_text":"","removed_info":""}],"11":[{"lesson":"0","group":"2.EE 1","room":"216","subject":"ZEc","subject_text":"Základy elektrotechniky-cvičení","teacher":"","teacher_text":"","change_info":"","theme":"Komplexní čísla (operace), práce v excel, SKM řešení obvodů, transffigurace, dělič U/I, výkon","type":"atom","absencetext":null,"has_absent":"false","absent_info_text":"","removed_info":""}],"12":[{"lesson":"1","group":"2.EE 1","room":"216","subject":"ZEc","subject_text":"Základy elektrotechniky-cvičení","teacher":"","teacher_text":"","change_info":"","theme":"Komplexní čísla (operace), práce v excel, SKM řešení obvodů, transffigurace, dělič U/I, výkon","type":"atom","absencetext":null,"has_absent":"false","absent_info_text":"","removed_info":""}],"13":[{"lesson":"2","group":"4.EA celá","room":"406","subject":"EN","subject_text":"Elektronická zařízení","teacher":"","teacher_text":"","change_info":"","theme":"EMC","type":"atom","absencetext":null,"has_absent":"false","absent_info_text":"","removed_info":""}],"23":[{"lesson":"1","group":"2.S celá","room":"404","subject":"EL","subject_text":"Elektrotechnika","teacher":"","teacher_text":"","change_info":"","theme":"","type":"atom","absencetext":null,"has_absent":"false","absent_info_text":"","removed_info":""}],"24":[{"lesson":"","group":"","room":"","subject":"","subject_text":"","teacher":null,"teacher_text":"","change_info":"","theme":null,"type":"removed","absencetext":null,"has_absent":"","absent_info_text":"","removed_info":"Absence třídy (3.EE, EM)"}],"28":[{"lesson":"6","group":"4.EA celá","room":"406","subject":"EN","subject_text":"Elektronická zařízení","teacher":"","teacher_text":"","change_info":"","theme":"","type":"atom","absencetext":null,"has_absent":"false","absent_info_text":"","removed_info":""}],"37":[{"lesson":"4","group":"4.EA celá","room":"406","subject":"EN","subject_text":"Elektronická zařízení","teacher":"","teacher_text":"","change_info":"","theme":"","type":"atom","absencetext":null,"has_absent":"false","absent_info_text":"","removed_info":""}],"39":[{"lesson":"6","group":"4.EA 1","room":"317","subject":"ENc","subject_text":"ElektroZař","teacher":"","teacher_text":"","change_info":"","theme":"","type":"atom","absencetext":null,"has_absent":"false","absent_info_text":"","removed_info":""}],"40":[{"lesson":"7","group":"4.EA 1","room":"317","subject":"ENc","subject_text":"ElektroZař","teacher":"","teacher_text":"","change_info":"","theme":"","type":"atom","absencetext":null,"has_absent":"false","absent_info_text":"","removed_info":""}],"41":[{"lesson":"8","group":"3.ER P1","room":"317","subject":"EMc","subject_text":"Elktrické měření-cvičení","teacher":"","teacher_text":"","change_info":"","theme":"","type":"atom","absencetext":null,"has_absent":"false","absent_info_text":"","removed_info":""}],"42":[{"lesson":"9","group":"3.ER P1","room":"317","subject":"EMc","subject_text":"Elktrické měření-cvičení","teacher":"","teacher_text":"","change_info":"","theme":"","type":"atom","absencetext":null,"has_absent":"false","absent_info_text":"","removed_info":""}],"44":[{"lesson":"0","group":"3.ER celá","room":"212","subject":"EM","subject_text":"Elektrická měření","teacher":"","teacher_text":"","change_info":"","theme":"","type":"atom","absencetext":null,"has_absent":"false","absent_info_text":"","removed_info":""}],"45":[{"lesson":"1","group":"4.EA celá","room":"406","subject":"EM","subject_text":"Elektrická měření","teacher":"","teacher_text":"","change_info":"","theme":"","type":"atom","absencetext":null,"has_absent":"false","absent_info_text":"","removed_info":""}],"46":[{"lesson":"2","group":"2.S celá","room":"404","subject":"EL","subject_text":"Elektrotechnika","teacher":"","teacher_text":"","change_info":"","theme":"","type":"atom","absencetext":null,"has_absent":"false","absent_info_text":"","removed_info":""}],"49":[{"lesson":"5","group":"2.EE celá","room":"313","subject":"ZE","subject_text":"Základy elektrotechniky","teacher":"","teacher_text":"","change_info":"","theme":"","type":"atom","absencetext":null,"has_absent":"false","absent_info_text":"","removed_info":""}],"50":[{"lesson":"6","group":"4.EB celá","room":"304","subject":"EM","subject_text":"Elektrická měření","teacher":"","teacher_text":"","change_info":"","theme":"","type":"atom","absencetext":null,"has_absent":"false","absent_info_text":"","removed_info":""}]}