{"18":[{"lesson":"7","group":"1.EE 2","room":"307","subject":"FY","subject_text":"Fyzika","teacher":"","teacher_text":"","change_info":"","theme":"Měření rychlosti","type":"atom","absencetext":null,"has_absent":"false","absent_info_text":"","removed_info":""}],"19":[{"lesson":"8","group":"1.EE 2","room":"307","subject":"FY","subject_text":"Fyzika","teacher":"","teacher_text":"","change_info":"","theme":"Měření rychlosti","type":"atom","absencetext":null,"has_absent":"false","absent_info_text":"","removed_info":""}],"24":[{"lesson":"2","group":"2.S celá","room":"404","subject":"FY","subject_text":"Fyzika","teacher":"","teacher_text":"","change_info":"","theme":"Test","type":"atom","absencetext":null,"has_absent":"false","absent_info_text":"","removed_info":""}],"25":[{"lesson":"3","group":"2.ER celá","room":"104","subject":"FY","subject_text":"Fyzika","teacher":"","teacher_text":"","change_info":"Výměna z 11.12., 5: 2.ER, FY, 104","theme":"Barvy","type":"atom","absencetext":null,"has_absent":"false","absent_info_text":"","removed_info":""}],"26":[{"lesson":"4","group":"1.EE celá","room":"308","subject":"FY","subject_text":"Fyzika","teacher":"","teacher_text":"","change_info":"","theme":"Opakování","type":"atom","absencetext":null,"has_absent":"false","absent_info_text":"","removed_info":""}],"27":[{"lesson":"","group":"","room":"","subject":"","subject_text":"","teacher":null,"teacher_text":"","change_info":"","theme":null,"type":"removed","absencetext":null,"has_absent":"","absent_info_text":"","removed_info":"Výměna na 11.12., 3. hod (2.ER+, FY)"}],"36":[{"lesson":"3","group":"1.EE celá","room":"308","subject":"FY","subject_text":"Fyzika","teacher":"","teacher_text":"","change_info":"","theme":"Test","type":"atom","absencetext":null,"has_absent":"false","absent_info_text":"","removed_info":""}],"37":[{"lesson":"4","group":"2.S celá","room":"404","subject":"FY","subject_text":"Fyzika","teacher":"","teacher_text":"","change_info":"","theme":"Kmitání","type":"atom","absencetext":null,"has_absent":"false","absent_info_text":"","removed_info":""}],"39":[{"lesson":"6","group":"2.ER celá","room":"104","subject":"FY","subject_text":"Fyzika","teacher":"","teacher_text":"","change_info":"","theme":"Dopisovací test","type":"atom","absencetext":null,"has_absent":"false","absent_info_text":"","removed_info":""}]}