{"2":[{"lesson":"2","group":"1.EE celá","room":"308","subject":"FY","subject_text":"Fyzika","teacher":"","teacher_text":"","change_info":"Výměna z 26.9., 3: 1.EE, FY, 308","theme":"","type":"atom","absencetext":null,"has_absent":"false","absent_info_text":"","removed_info":""}],"5":[{"lesson":"5","group":"2.ER celá","room":"104","subject":"FY","subject_text":"Fyzika","teacher":"","teacher_text":"","change_info":"Výměna z 26.9., 6: 2.ER, FY, 104","theme":"","type":"atom","absencetext":null,"has_absent":"false","absent_info_text":"","removed_info":""}],"18":[{"lesson":"7","group":"1.EE 2","room":"307","subject":"FY","subject_text":"Fyzika","teacher":"","teacher_text":"","change_info":"","theme":"","type":"atom","absencetext":null,"has_absent":"false","absent_info_text":"","removed_info":""}],"19":[{"lesson":"8","group":"1.EE 2","room":"307","subject":"FY","subject_text":"Fyzika","teacher":"","teacher_text":"","change_info":"","theme":"","type":"atom","absencetext":null,"has_absent":"false","absent_info_text":"","removed_info":""}],"24":[{"lesson":"2","group":"2.S celá","room":"404","subject":"FY","subject_text":"Fyzika","teacher":"","teacher_text":"","change_info":"","theme":"","type":"atom","absencetext":null,"has_absent":"false","absent_info_text":"","removed_info":""}],"26":[{"lesson":"4","group":"1.EE celá","room":"308","subject":"FY","subject_text":"Fyzika","teacher":"","teacher_text":"","change_info":"","theme":"","type":"atom","absencetext":null,"has_absent":"false","absent_info_text":"","removed_info":""}],"27":[{"lesson":"5","group":"2.ER celá","room":"104","subject":"FY","subject_text":"Fyzika","teacher":"","teacher_text":"","change_info":"","theme":"","type":"atom","absencetext":null,"has_absent":"false","absent_info_text":"","removed_info":""}],"36":[{"lesson":"3","group":"1.EE celá","room":"308","subject":"FY","subject_text":"Fyzika","teacher":"","teacher_text":"","change_info":"","theme":"","type":"atom","absencetext":null,"has_absent":"false","absent_info_text":"","removed_info":""}],"37":[{"lesson":"4","group":"2.S celá","room":"404","subject":"FY","subject_text":"Fyzika","teacher":"","teacher_text":"","change_info":"","theme":"","type":"atom","absencetext":null,"has_absent":"false","absent_info_text":"","removed_info":""}],"39":[{"lesson":"6","group":"2.ER celá","room":"104","subject":"FY","subject_text":"Fyzika","teacher":"","teacher_text":"","change_info":"","theme":"","type":"atom","absencetext":null,"has_absent":"false","absent_info_text":"","removed_info":""}]}