{"11":[{"lesson":"","group":"","room":"","subject":"PedD","subject_text":"Obecný pedagogický dohled","teacher":null,"teacher_text":"","change_info":"","theme":null,"type":"absent","absencetext":null,"has_absent":"","absent_info_text":"","removed_info":""}],"12":[{"lesson":"","group":"","room":"","subject":"PedD","subject_text":"Obecný pedagogický dohled","teacher":null,"teacher_text":"","change_info":"","theme":null,"type":"absent","absencetext":null,"has_absent":"","absent_info_text":"","removed_info":""}],"13":[{"lesson":"","group":"","room":"","subject":"PedD","subject_text":"Obecný pedagogický dohled","teacher":null,"teacher_text":"","change_info":"","theme":null,"type":"absent","absencetext":null,"has_absent":"","absent_info_text":"","removed_info":""}],"14":[{"lesson":"","group":"","room":"","subject":"PedD","subject_text":"Obecný pedagogický dohled","teacher":null,"teacher_text":"","change_info":"","theme":null,"type":"absent","absencetext":null,"has_absent":"","absent_info_text":"","removed_info":""}],"15":[{"lesson":"","group":"","room":"","subject":"PedD","subject_text":"Obecný pedagogický dohled","teacher":null,"teacher_text":"","change_info":"","theme":null,"type":"absent","absencetext":null,"has_absent":"","absent_info_text":"","removed_info":""}],"16":[{"lesson":"","group":"","room":"","subject":"PedD","subject_text":"Obecný pedagogický dohled","teacher":null,"teacher_text":"","change_info":"","theme":null,"type":"absent","absencetext":null,"has_absent":"","absent_info_text":"","removed_info":""}],"17":[{"lesson":"","group":"","room":"","subject":"PedD","subject_text":"Obecný pedagogický dohled","teacher":null,"teacher_text":"","change_info":"","theme":null,"type":"absent","absencetext":null,"has_absent":"","absent_info_text":"","removed_info":""}],"18":[{"lesson":"","group":"","room":"","subject":"PedD","subject_text":"Obecný pedagogický dohled","teacher":null,"teacher_text":"","change_info":"","theme":null,"type":"absent","absencetext":null,"has_absent":"","absent_info_text":"","removed_info":""}],"19":[{"lesson":"","group":"","room":"","subject":"PedD","subject_text":"Obecný pedagogický dohled","teacher":null,"teacher_text":"","change_info":"","theme":null,"type":"absent","absencetext":null,"has_absent":"","absent_info_text":"","removed_info":""}],"20":[{"lesson":"","group":"","room":"","subject":"PedD","subject_text":"Obecný pedagogický dohled","teacher":null,"teacher_text":"","change_info":"","theme":null,"type":"absent","absencetext":null,"has_absent":"","absent_info_text":"","removed_info":""}],"21":[{"lesson":"","group":"","room":"","subject":"PedD","subject_text":"Obecný pedagogický dohled","teacher":null,"teacher_text":"","change_info":"","theme":null,"type":"absent","absencetext":null,"has_absent":"","absent_info_text":"","removed_info":""}],"22":[{"lesson":"","group":"","room":"","subject":"PedD","subject_text":"Obecný pedagogický dohled","teacher":null,"teacher_text":"","change_info":"","theme":null,"type":"absent","absencetext":null,"has_absent":"","absent_info_text":"","removed_info":""}],"23":[{"lesson":"","group":"","room":"","subject":"","subject_text":"","teacher":null,"teacher_text":"","change_info":"","theme":null,"type":"removed","absencetext":null,"has_absent":"","absent_info_text":"","removed_info":"Absence třídy (4.EB, IT)"}],"24":[{"lesson":"","group":"","room":"","subject":"","subject_text":"","teacher":null,"teacher_text":"","change_info":"","theme":null,"type":"removed","absencetext":null,"has_absent":"","absent_info_text":"","removed_info":"Absence třídy (4.EB, IT)"}],"25":[{"lesson":"","group":"","room":"","subject":"PedD","subject_text":"Obecný pedagogický dohled","teacher":null,"teacher_text":"","change_info":"","theme":null,"type":"absent","absencetext":null,"has_absent":"","absent_info_text":"","removed_info":""}],"26":[{"lesson":"","group":"","room":"","subject":"PedD","subject_text":"Obecný pedagogický dohled","teacher":null,"teacher_text":"","change_info":"","theme":null,"type":"absent","absencetext":null,"has_absent":"","absent_info_text":"","removed_info":""}],"27":[{"lesson":"","group":"","room":"","subject":"PedD","subject_text":"Obecný pedagogický dohled","teacher":null,"teacher_text":"","change_info":"","theme":null,"type":"absent","absencetext":null,"has_absent":"","absent_info_text":"","removed_info":""}],"28":[{"lesson":"","group":"","room":"","subject":"","subject_text":"","teacher":null,"teacher_text":"","change_info":"","theme":null,"type":"removed","absencetext":null,"has_absent":"","absent_info_text":"","removed_info":"Supluje: ES, Hána Jiří (3.EE(2), IT)"}],"29":[{"lesson":"","group":"","room":"","subject":"","subject_text":"","teacher":null,"teacher_text":"","change_info":"","theme":null,"type":"removed","absencetext":null,"has_absent":"","absent_info_text":"","removed_info":"Supluje: EK, Paurová Dana (3.EE(2), IT)"}],"30":[{"lesson":"","group":"","room":"","subject":"PedD","subject_text":"Obecný pedagogický dohled","teacher":null,"teacher_text":"","change_info":"","theme":null,"type":"absent","absencetext":null,"has_absent":"","absent_info_text":"","removed_info":""}],"31":[{"lesson":"","group":"","room":"","subject":"PedD","subject_text":"Obecný pedagogický dohled","teacher":null,"teacher_text":"","change_info":"","theme":null,"type":"absent","absencetext":null,"has_absent":"","absent_info_text":"","removed_info":""}],"32":[{"lesson":"","group":"","room":"","subject":"PedD","subject_text":"Obecný pedagogický dohled","teacher":null,"teacher_text":"","change_info":"","theme":null,"type":"absent","absencetext":null,"has_absent":"","absent_info_text":"","removed_info":""}]}