{"0":[{"lesson":"0","group":"4.SA 1","room":"D8","subject":"L: AUc","subject_text":"Automatizace cvičení","teacher":"Bd","teacher_text":"Bd","change_info":"","theme":"","type":"atom","absencetext":null,"has_absent":"false","absent_info_text":"","removed_info":""},{"lesson":"0","group":"4.SA 2","room":"D8","subject":"S: AUc","subject_text":"Automatizace cvičení","teacher":"Bd","teacher_text":"Bd","change_info":"","theme":"","type":"atom","absencetext":null,"has_absent":"false","absent_info_text":"","removed_info":""}],"1":[{"lesson":"1","group":"4.SA 1","room":"D8","subject":"L: AUc","subject_text":"Automatizace cvičení","teacher":"Bd","teacher_text":"Bd","change_info":"","theme":"","type":"atom","absencetext":null,"has_absent":"false","absent_info_text":"","removed_info":""},{"lesson":"1","group":"4.SA 2","room":"D8","subject":"S: AUc","subject_text":"Automatizace cvičení","teacher":"Bd","teacher_text":"Bd","change_info":"","theme":"","type":"atom","absencetext":null,"has_absent":"false","absent_info_text":"","removed_info":""}],"2":[{"lesson":"2","group":"4.EB P1","room":"D8","subject":"ATc","subject_text":"Automatizační technika cvičení","teacher":"Bd","teacher_text":"Bd","change_info":"","theme":"","type":"atom","absencetext":null,"has_absent":"false","absent_info_text":"","removed_info":""}],"3":[{"lesson":"3","group":"4.EB P1","room":"D8","subject":"ATc","subject_text":"Automatizační technika cvičení","teacher":"Bd","teacher_text":"Bd","change_info":"","theme":"","type":"atom","absencetext":null,"has_absent":"false","absent_info_text":"","removed_info":""}],"4":[{"lesson":"4","group":"4.EA P1","room":"D8","subject":"ATc","subject_text":"Automatizační technika cvičení","teacher":"Bd","teacher_text":"Bd","change_info":"","theme":"","type":"atom","absencetext":null,"has_absent":"false","absent_info_text":"","removed_info":""}],"5":[{"lesson":"5","group":"4.EA P1","room":"D8","subject":"ATc","subject_text":"Automatizační technika cvičení","teacher":"Bd","teacher_text":"Bd","change_info":"","theme":"","type":"atom","absencetext":null,"has_absent":"false","absent_info_text":"","removed_info":""}],"15":[{"lesson":"4","group":"4.SB 2","room":"D8","subject":"L: AUc","subject_text":"Automatizace cvičení","teacher":"Pt","teacher_text":"Pt","change_info":"","theme":"","type":"atom","absencetext":null,"has_absent":"false","absent_info_text":"","removed_info":""},{"lesson":"4","group":"4.SB 1","room":"D8","subject":"S: AUc","subject_text":"Automatizace cvičení","teacher":"Pt","teacher_text":"Pt","change_info":"","theme":"","type":"atom","absencetext":null,"has_absent":"false","absent_info_text":"","removed_info":""}],"16":[{"lesson":"5","group":"4.SB 2","room":"D8","subject":"L: AUc","subject_text":"Automatizace cvičení","teacher":"Pt","teacher_text":"Pt","change_info":"","theme":"","type":"atom","absencetext":null,"has_absent":"false","absent_info_text":"","removed_info":""},{"lesson":"5","group":"4.SB 1","room":"D8","subject":"S: AUc","subject_text":"Automatizace cvičení","teacher":"Pt","teacher_text":"Pt","change_info":"","theme":"","type":"atom","absencetext":null,"has_absent":"false","absent_info_text":"","removed_info":""}]}