{"2":[{"lesson":"2","group":"4.EB P3","room":"D24","subject":"ATc","subject_text":"Automatizační technika cvičení","teacher":"","teacher_text":"","change_info":"","theme":"Pneumatický manipulátor.","type":"atom","absencetext":null,"has_absent":"false","absent_info_text":"","removed_info":""}],"3":[{"lesson":"3","group":"4.EB P3","room":"D24","subject":"ATc","subject_text":"Automatizační technika cvičení","teacher":"","teacher_text":"","change_info":"","theme":"Pneumatický manipulátor.","type":"atom","absencetext":null,"has_absent":"false","absent_info_text":"","removed_info":""}],"4":[{"lesson":"4","group":"4.EA P3","room":"D24","subject":"ATc","subject_text":"Automatizační technika cvičení","teacher":"","teacher_text":"","change_info":"","theme":"Krkový motor.","type":"atom","absencetext":null,"has_absent":"false","absent_info_text":"","removed_info":""}],"5":[{"lesson":"5","group":"4.EA P3","room":"D24","subject":"ATc","subject_text":"Automatizační technika cvičení","teacher":"","teacher_text":"","change_info":"","theme":"Krkový motor.","type":"atom","absencetext":null,"has_absent":"false","absent_info_text":"","removed_info":""}],"7":[{"lesson":"7","group":"3.ER P2","room":"D24","subject":"PRA","subject_text":"Praxe","teacher":"","teacher_text":"","change_info":"","theme":"PLC kombinační logické funkce.","type":"atom","absencetext":null,"has_absent":"false","absent_info_text":"","removed_info":""}],"8":[{"lesson":"8","group":"3.ER P2","room":"D24","subject":"PRA","subject_text":"Praxe","teacher":"","teacher_text":"","change_info":"","theme":"PLC kombinační logické funkce.","type":"atom","absencetext":null,"has_absent":"false","absent_info_text":"","removed_info":""}],"9":[{"lesson":"9","group":"3.ER P2","room":"D24","subject":"PRA","subject_text":"Praxe","teacher":"","teacher_text":"","change_info":"","theme":"PLC kombinační logické funkce.","type":"atom","absencetext":null,"has_absent":"false","absent_info_text":"","removed_info":""}],"12":[{"lesson":"1","group":"3.ER celá","room":"212","subject":"AT","subject_text":"Automatizační technika","teacher":"","teacher_text":"","change_info":"","theme":"Dopravní zpoždění.","type":"atom","absencetext":null,"has_absent":"false","absent_info_text":"","removed_info":""}],"14":[{"lesson":"3","group":"4.EA celá","room":"406","subject":"AT","subject_text":"Automatizační technika","teacher":"","teacher_text":"","change_info":"","theme":"Písemná práce.","type":"atom","absencetext":null,"has_absent":"false","absent_info_text":"","removed_info":""}],"18":[{"lesson":"7","group":"2.EE P3","room":"D24","subject":"VEc","subject_text":"Výkonová elektronika - cvičení","teacher":"","teacher_text":"","change_info":"","theme":"Stabilizátor se zenerovo diodou.","type":"atom","absencetext":null,"has_absent":"false","absent_info_text":"","removed_info":""}],"19":[{"lesson":"8","group":"2.EE P3","room":"D24","subject":"VEc","subject_text":"Výkonová elektronika - cvičení","teacher":"","teacher_text":"","change_info":"","theme":"Stabilizátor se zenerovo diodou.","type":"atom","absencetext":null,"has_absent":"false","absent_info_text":"","removed_info":""}],"25":[{"lesson":"3","group":"2.EE celá","room":"313","subject":"VE","subject_text":"Výkonová elektronika","teacher":"","teacher_text":"","change_info":"Suplování: VE - za odpadlou (ER, Vs)","theme":"","type":"atom","absencetext":null,"has_absent":"false","absent_info_text":"","removed_info":""}],"27":[{"lesson":"5","group":"4.EA celá","room":"406","subject":"AT","subject_text":"Automatizační technika","teacher":"","teacher_text":"","change_info":"","theme":"","type":"atom","absencetext":null,"has_absent":"false","absent_info_text":"","removed_info":""}],"28":[{"lesson":"","group":"","room":"","subject":"","subject_text":"","teacher":null,"teacher_text":"","change_info":"","theme":null,"type":"removed","absencetext":null,"has_absent":"","absent_info_text":"","removed_info":"Absence třídy (4.EB, AT)"}],"35":[{"lesson":"2","group":"2.EE celá","room":"313","subject":"VE","subject_text":"Výkonová elektronika","teacher":"","teacher_text":"","change_info":"","theme":"","type":"atom","absencetext":null,"has_absent":"false","absent_info_text":"","removed_info":""}],"36":[{"lesson":"3","group":"3.ER celá","room":"212","subject":"SZ","subject_text":"Silnoproudá zařízení","teacher":"","teacher_text":"","change_info":"","theme":"","type":"atom","absencetext":null,"has_absent":"false","absent_info_text":"","removed_info":""}],"38":[{"lesson":"","group":"","room":"","subject":"","subject_text":"","teacher":null,"teacher_text":"","change_info":"","theme":null,"type":"removed","absencetext":null,"has_absent":"","absent_info_text":"","removed_info":"Výměna na 28.11., 1. hod (4.EB+, AT)"}],"41":[{"lesson":"8","group":"2.EE P1","room":"D24","subject":"VEc","subject_text":"Výkonová elektronika - cvičení","teacher":"","teacher_text":"","change_info":"","theme":"","type":"atom","absencetext":null,"has_absent":"false","absent_info_text":"","removed_info":""}],"42":[{"lesson":"9","group":"2.EE P1","room":"D24","subject":"VEc","subject_text":"Výkonová elektronika - cvičení","teacher":"","teacher_text":"","change_info":"","theme":"","type":"atom","absencetext":null,"has_absent":"false","absent_info_text":"","removed_info":""}],"44":[{"lesson":"0","group":"3.EE P3","room":"D24","subject":"PRA","subject_text":"Praxe","teacher":"","teacher_text":"","change_info":"","theme":"","type":"atom","absencetext":null,"has_absent":"false","absent_info_text":"","removed_info":""}],"45":[{"lesson":"1","group":"3.EE P3","room":"D24","subject":"PRA","subject_text":"Praxe","teacher":"","teacher_text":"","change_info":"","theme":"","type":"atom","absencetext":null,"has_absent":"false","absent_info_text":"","removed_info":""}],"46":[{"lesson":"2","group":"3.EE P3","room":"D24","subject":"PRA","subject_text":"Praxe","teacher":"","teacher_text":"","change_info":"","theme":"","type":"atom","absencetext":null,"has_absent":"false","absent_info_text":"","removed_info":""}],"47":[{"lesson":"3","group":"3.ER celá","room":"212","subject":"AT","subject_text":"Automatizační technika","teacher":"","teacher_text":"","change_info":"","theme":"","type":"atom","absencetext":null,"has_absent":"false","absent_info_text":"","removed_info":""}],"48":[{"lesson":"4","group":"3.ER celá","room":"212","subject":"SZ","subject_text":"Silnoproudá zařízení","teacher":"","teacher_text":"","change_info":"","theme":"","type":"atom","absencetext":null,"has_absent":"false","absent_info_text":"","removed_info":""}],"50":[{"lesson":"6","group":"2.EE celá","room":"313","subject":"VE","subject_text":"Výkonová elektronika","teacher":"","teacher_text":"","change_info":"","theme":"","type":"atom","absencetext":null,"has_absent":"false","absent_info_text":"","removed_info":""}]}