{"2":[{"lesson":"2","group":"4.EB P1","room":"411","subject":"ATc","subject_text":"Automatizační technika cvičení","teacher":"","teacher_text":"","change_info":"","theme":"Úvod do programování PLC","type":"atom","absencetext":null,"has_absent":"false","absent_info_text":"","removed_info":""}],"3":[{"lesson":"3","group":"4.EB P1","room":"411","subject":"ATc","subject_text":"Automatizační technika cvičení","teacher":"","teacher_text":"","change_info":"","theme":"Úvod do programování PLC","type":"atom","absencetext":null,"has_absent":"false","absent_info_text":"","removed_info":""}],"4":[{"lesson":"4","group":"4.EA P1","room":"411","subject":"ATc","subject_text":"Automatizační technika cvičení","teacher":"","teacher_text":"","change_info":"","theme":"Úvod do programování PLC","type":"atom","absencetext":null,"has_absent":"false","absent_info_text":"","removed_info":""}],"5":[{"lesson":"5","group":"4.EA P1","room":"411","subject":"ATc","subject_text":"Automatizační technika cvičení","teacher":"","teacher_text":"","change_info":"","theme":"Úvod do programování PLC","type":"atom","absencetext":null,"has_absent":"false","absent_info_text":"","removed_info":""}],"7":[{"lesson":"7","group":"3.ER P3","room":"D12","subject":"PRA","subject_text":"Praxe","teacher":"","teacher_text":"","change_info":"","theme":"Práce na projektu","type":"atom","absencetext":null,"has_absent":"false","absent_info_text":"","removed_info":""}],"8":[{"lesson":"8","group":"3.ER P3","room":"D12","subject":"PRA","subject_text":"Praxe","teacher":"","teacher_text":"","change_info":"","theme":"Práce na projektu","type":"atom","absencetext":null,"has_absent":"false","absent_info_text":"","removed_info":""}],"9":[{"lesson":"9","group":"3.ER P3","room":"D12","subject":"PRA","subject_text":"Praxe","teacher":"","teacher_text":"","change_info":"","theme":"Práce na projektu","type":"atom","absencetext":null,"has_absent":"false","absent_info_text":"","removed_info":""}],"12":[{"lesson":"1","group":"3.EM celá","room":"113","subject":"AD","subject_text":"Automatizace dopravy","teacher":"","teacher_text":"","change_info":"","theme":"Výpočty statického členu 2.řádu","type":"atom","absencetext":null,"has_absent":"false","absent_info_text":"","removed_info":""}],"15":[{"lesson":"4","group":"3.EE celá","room":"311","subject":"AT","subject_text":"Automatizační technika","teacher":"","teacher_text":"","change_info":"Suplování: AT - přespočetná hod. (EE, Vs)","theme":"astatický člen reálný","type":"atom","absencetext":null,"has_absent":"false","absent_info_text":"","removed_info":""}],"16":[{"lesson":"5","group":"3.EE celá","room":"311","subject":"AT","subject_text":"Automatizační technika","teacher":"","teacher_text":"","change_info":"","theme":"astatický člen reálný, příklady","type":"atom","absencetext":null,"has_absent":"false","absent_info_text":"","removed_info":""}],"23":[{"lesson":"1","group":"3.EM celá","room":"113","subject":"EV","subject_text":"Elektronika vozidel","teacher":"","teacher_text":"","change_info":"","theme":"Režimy tranzistoru, charakteristiky","type":"atom","absencetext":null,"has_absent":"false","absent_info_text":"","removed_info":""}],"24":[{"lesson":"2","group":"3.EM celá","room":"113","subject":"AD","subject_text":"Automatizace dopravy","teacher":"","teacher_text":"","change_info":"","theme":"Příklad statického členu 2.řádu","type":"atom","absencetext":null,"has_absent":"false","absent_info_text":"","removed_info":""}],"25":[{"lesson":"3","group":"2.EM celá","room":"210","subject":"ELT","subject_text":"Elektrotechnika","teacher":"","teacher_text":"","change_info":"","theme":"Výkon stř.proudu, reaktance","type":"atom","absencetext":null,"has_absent":"false","absent_info_text":"","removed_info":""}],"26":[{"lesson":"4","group":"3.EM celá","room":"113","subject":"AD","subject_text":"Automatizace dopravy","teacher":"","teacher_text":"","change_info":"Suplování: AD - přespočetná hod. (MA, Pl)","theme":"Příklad statického členu 2.řádu","type":"atom","absencetext":null,"has_absent":"false","absent_info_text":"","removed_info":""}],"28":[{"lesson":"6","group":"3.EM 2","room":"D12","subject":"ADc","subject_text":"Automatizace dopravy cvičení","teacher":"","teacher_text":"","change_info":"","theme":"Měření frekvenčních charakteristik","type":"atom","absencetext":null,"has_absent":"false","absent_info_text":"","removed_info":""}],"29":[{"lesson":"7","group":"3.EM 2","room":"D12","subject":"ADc","subject_text":"Automatizace dopravy cvičení","teacher":"","teacher_text":"","change_info":"","theme":"Zpracování naměřených hodnot","type":"atom","absencetext":null,"has_absent":"false","absent_info_text":"","removed_info":""}],"35":[{"lesson":"2","group":"1.EM 2","room":"D12","subject":"ELTc","subject_text":"Elektrotechnika - cvičení","teacher":"","teacher_text":"","change_info":"","theme":"Závislost odporu na teplotě","type":"atom","absencetext":null,"has_absent":"false","absent_info_text":"","removed_info":""}],"36":[{"lesson":"3","group":"1.EM 2","room":"D12","subject":"ELTc","subject_text":"Elektrotechnika - cvičení","teacher":"","teacher_text":"","change_info":"","theme":"Závislost odporu na teplotě","type":"atom","absencetext":null,"has_absent":"false","absent_info_text":"","removed_info":""}],"37":[{"lesson":"4","group":"2.EM 1","room":"D12","subject":"ELTc","subject_text":"Elektrotechnika - cvičení","teacher":"","teacher_text":"","change_info":"","theme":"Střídavé obvody- výpočty","type":"atom","absencetext":null,"has_absent":"false","absent_info_text":"","removed_info":""}],"38":[{"lesson":"5","group":"2.EM 1","room":"D12","subject":"ELTc","subject_text":"Elektrotechnika - cvičení","teacher":"","teacher_text":"","change_info":"","theme":"Střídavé obvody - měření","type":"atom","absencetext":null,"has_absent":"false","absent_info_text":"","removed_info":""}],"41":[{"lesson":"8","group":"3.EM 1","room":"D12","subject":"EVc","subject_text":"Elektronika vozidel - cvičení","teacher":"","teacher_text":"","change_info":"","theme":"Výpočet obvodů s diodami","type":"atom","absencetext":null,"has_absent":"false","absent_info_text":"","removed_info":""}],"42":[{"lesson":"9","group":"3.EM 1","room":"D12","subject":"EVc","subject_text":"Elektronika vozidel - cvičení","teacher":"","teacher_text":"","change_info":"","theme":"Výpočty obvůdů s diodami","type":"atom","absencetext":null,"has_absent":"false","absent_info_text":"","removed_info":""}],"45":[{"lesson":"1","group":"2.EM celá","room":"210","subject":"ELT","subject_text":"Elektrotechnika","teacher":"","teacher_text":"","change_info":"","theme":"Složené obvody stř. proudu","type":"atom","absencetext":null,"has_absent":"false","absent_info_text":"","removed_info":""}],"46":[{"lesson":"2","group":"2.EM celá","room":"210","subject":"ELT","subject_text":"Elektrotechnika","teacher":"","teacher_text":"","change_info":"","theme":"Složené obvody stř. proudu","type":"atom","absencetext":null,"has_absent":"false","absent_info_text":"","removed_info":""}],"48":[{"lesson":"4","group":"3.EM celá","room":"113","subject":"EV","subject_text":"Elektronika vozidel","teacher":"","teacher_text":"","change_info":"","theme":"Charakteristiky tranzistoru","type":"atom","absencetext":null,"has_absent":"false","absent_info_text":"","removed_info":""}],"49":[{"lesson":"5","group":"3.EE celá","room":"311","subject":"AT","subject_text":"Automatizační technika","teacher":"","teacher_text":"","change_info":"","theme":"Derivační člen , přenosy, charakteristiky","type":"atom","absencetext":null,"has_absent":"false","absent_info_text":"","removed_info":""}]}