{"0":[{"lesson":"0","group":"1","room":"D12","subject":"IT","subject_text":"Informační technologie","teacher":"Sk","teacher_text":"Sk","change_info":"","theme":"Ohm form","type":"atom","absencetext":null,"has_absent":"false","absent_info_text":"","removed_info":""},{"lesson":"0","group":"2","room":"316","subject":"MTc","subject_text":"Mikroprocesorová technika cvičení","teacher":"Ke","teacher_text":"Ke","change_info":"","theme":"Úlohy s Arduino podle schopností studentů, maticový zobrazovač","type":"atom","absencetext":null,"has_absent":"false","absent_info_text":"","removed_info":""}],"1":[{"lesson":"1","group":"1","room":"D12","subject":"IT","subject_text":"Informační technologie","teacher":"Sk","teacher_text":"Sk","change_info":"","theme":"Ohm form","type":"atom","absencetext":null,"has_absent":"false","absent_info_text":"","removed_info":""},{"lesson":"1","group":"2","room":"316","subject":"MTc","subject_text":"Mikroprocesorová technika cvičení","teacher":"Ke","teacher_text":"Ke","change_info":"","theme":"Úlohy s Arduino podle schopností studentů, maticový zobrazovač","type":"atom","absencetext":null,"has_absent":"false","absent_info_text":"","removed_info":""}],"2":[{"lesson":"2","group":"2","room":"D12","subject":"IT","subject_text":"Informační technologie","teacher":"Sk","teacher_text":"Sk","change_info":"","theme":"Ohm form","type":"atom","absencetext":null,"has_absent":"false","absent_info_text":"","removed_info":""},{"lesson":"2","group":"1","room":"316","subject":"MTc","subject_text":"Mikroprocesorová technika cvičení","teacher":"Ke","teacher_text":"Ke","change_info":"","theme":"Úlohy s Arduino podle schopností studentů, maticový zobrazovač","type":"atom","absencetext":null,"has_absent":"false","absent_info_text":"","removed_info":""}],"3":[{"lesson":"3","group":"2","room":"D12","subject":"IT","subject_text":"Informační technologie","teacher":"Sk","teacher_text":"Sk","change_info":"","theme":"Ohm form","type":"atom","absencetext":null,"has_absent":"false","absent_info_text":"","removed_info":""},{"lesson":"3","group":"1","room":"316","subject":"MTc","subject_text":"Mikroprocesorová technika cvičení","teacher":"Ke","teacher_text":"Ke","change_info":"","theme":"Úlohy s Arduino podle schopností studentů, maticový zobrazovač","type":"atom","absencetext":null,"has_absent":"false","absent_info_text":"","removed_info":""}],"4":[{"lesson":"4","group":"P1","room":"411","subject":"ATc","subject_text":"Automatizační technika cvičení","teacher":"Si","teacher_text":"Si","change_info":"","theme":"Sekvenční úloha na PLC","type":"atom","absencetext":null,"has_absent":"false","absent_info_text":"","removed_info":""},{"lesson":"4","group":"P2","room":"D8","subject":"ATc","subject_text":"Automatizační technika cvičení","teacher":"Bd","teacher_text":"Bd","change_info":"","theme":"Reléové ovládání","type":"atom","absencetext":null,"has_absent":"false","absent_info_text":"","removed_info":""},{"lesson":"4","group":"P3","room":"D24","subject":"ATc","subject_text":"Automatizační technika cvičení","teacher":"Sy","teacher_text":"Sy","change_info":"","theme":"Řízení serva pomocí PWM.","type":"atom","absencetext":null,"has_absent":"false","absent_info_text":"","removed_info":""}],"5":[{"lesson":"5","group":"P1","room":"411","subject":"ATc","subject_text":"Automatizační technika cvičení","teacher":"Si","teacher_text":"Si","change_info":"","theme":"Sekvenční úloha na PLC","type":"atom","absencetext":null,"has_absent":"false","absent_info_text":"","removed_info":""},{"lesson":"5","group":"P2","room":"D8","subject":"ATc","subject_text":"Automatizační technika cvičení","teacher":"Bd","teacher_text":"Bd","change_info":"","theme":"Reléové ovládání","type":"atom","absencetext":null,"has_absent":"false","absent_info_text":"","removed_info":""},{"lesson":"5","group":"P3","room":"D24","subject":"ATc","subject_text":"Automatizační technika cvičení","teacher":"Sy","teacher_text":"Sy","change_info":"","theme":"Řízení serva pomocí PWM.","type":"atom","absencetext":null,"has_absent":"false","absent_info_text":"","removed_info":""}],"7":[{"lesson":"7","group":"","room":"406","subject":"EN","subject_text":"Elektronická zařízení","teacher":"Ke","teacher_text":"Ke","change_info":"","theme":"Analogové modulace, stereofonní signál, analogové televizní a rozhalsové vysílání a příjem","type":"atom","absencetext":null,"has_absent":"false","absent_info_text":"","removed_info":""}],"12":[{"lesson":"1","group":"","room":"406","subject":"MT","subject_text":"Mikroprocesorová technika","teacher":"Ke","teacher_text":"Ke","change_info":"","theme":"DNS sever, spojování, síťování","type":"atom","absencetext":null,"has_absent":"false","absent_info_text":"","removed_info":""}],"13":[{"lesson":"2","group":"","room":"406","subject":"EN","subject_text":"Elektronická zařízení","teacher":"Su","teacher_text":"Su","change_info":"","theme":"Impulsní modulace v základním pásmu, s nosnou vlnou, vícestavové modulace","type":"atom","absencetext":null,"has_absent":"false","absent_info_text":"","removed_info":""}],"14":[{"lesson":"3","group":"","room":"406","subject":"AT","subject_text":"Automatizační technika","teacher":"Sy","teacher_text":"Sy","change_info":"","theme":"Aproximační převodník, pokračování","type":"atom","absencetext":null,"has_absent":"false","absent_info_text":"","removed_info":""}],"15":[{"lesson":"4","group":"","room":"406","subject":"MA","subject_text":"Matematika","teacher":"Ha","teacher_text":"Ha","change_info":"","theme":"Binomická věta","type":"atom","absencetext":null,"has_absent":"false","absent_info_text":"","removed_info":""}],"16":[{"lesson":"5","group":"1","room":"406","subject":"AJ","subject_text":"Anglický jazyk","teacher":"Ds","teacher_text":"Ds","change_info":"","theme":"London - sights","type":"atom","absencetext":null,"has_absent":"false","absent_info_text":"","removed_info":""},{"lesson":"5","group":"2","room":"201","subject":"AJ","subject_text":"Anglický jazyk","teacher":"By","teacher_text":"By","change_info":"","theme":"Passive voice","type":"atom","absencetext":null,"has_absent":"false","absent_info_text":"","removed_info":""}],"17":[{"lesson":"6","group":"","room":"406","subject":"CL","subject_text":"Český jazyk a literatura","teacher":"Šu","teacher_text":"Šu","change_info":"","theme":"Beat generation","type":"atom","absencetext":null,"has_absent":"false","absent_info_text":"","removed_info":""}],"23":[{"lesson":"1","group":"2","room":"313","subject":"CL","subject_text":"Český jazyk a literatura","teacher":"Šu","teacher_text":"Šu","change_info":"","theme":"Opakování k ústní MZK - stylistika","type":"atom","absencetext":null,"has_absent":"false","absent_info_text":"","removed_info":""},{"lesson":"1","group":"1","room":"406","subject":"MA","subject_text":"Matematika","teacher":"Ha","teacher_text":"Ha","change_info":"","theme":"Binomická věta","type":"atom","absencetext":null,"has_absent":"false","absent_info_text":"","removed_info":""}],"24":[{"lesson":"2","group":"1","room":"313","subject":"CL","subject_text":"Český jazyk a literatura","teacher":"Šu","teacher_text":"Šu","change_info":"","theme":"Opakování k ústní MZK - stylistika","type":"atom","absencetext":null,"has_absent":"false","absent_info_text":"","removed_info":""},{"lesson":"2","group":"2","room":"406","subject":"MA","subject_text":"Matematika","teacher":"Ha","teacher_text":"Ha","change_info":"","theme":"Binomická věta","type":"atom","absencetext":null,"has_absent":"false","absent_info_text":"","removed_info":""}],"25":[{"lesson":"3","group":"1","room":"213","subject":"TV","subject_text":"Tělesná výchova","teacher":"Bi","teacher_text":"Bi","change_info":"","theme":"Bruslení","type":"atom","absencetext":null,"has_absent":"false","absent_info_text":"","removed_info":""},{"lesson":"3","group":"2","room":"213","subject":"TV","subject_text":"Tělesná výchova","teacher":"Bi","teacher_text":"Bi","change_info":"Spojeno: Bican Tomáš, 213 (Mach Radek)","theme":"Bruslení","type":"atom","absencetext":null,"has_absent":"false","absent_info_text":"","removed_info":""}],"26":[{"lesson":"4","group":"1","room":"213","subject":"TV","subject_text":"Tělesná výchova","teacher":"Bi","teacher_text":"Bi","change_info":"","theme":"Bruslení","type":"atom","absencetext":null,"has_absent":"false","absent_info_text":"","removed_info":""},{"lesson":"4","group":"2","room":"213","subject":"TV","subject_text":"Tělesná výchova","teacher":"Bi","teacher_text":"Bi","change_info":"Spojeno: Bican Tomáš, 213 (Mach Radek)","theme":"Bruslení","type":"atom","absencetext":null,"has_absent":"false","absent_info_text":"","removed_info":""}],"27":[{"lesson":"5","group":"","room":"406","subject":"AT","subject_text":"Automatizační technika","teacher":"Sy","teacher_text":"Sy","change_info":"","theme":"Integracní převodníky.","type":"atom","absencetext":null,"has_absent":"false","absent_info_text":"","removed_info":""}],"28":[{"lesson":"6","group":"","room":"406","subject":"EN","subject_text":"Elektronická zařízení","teacher":"Su","teacher_text":"Su","change_info":"","theme":"Impulsní modulace v základním pásmu, s nosnou vlnou, vícestavové modulace","type":"atom","absencetext":null,"has_absent":"false","absent_info_text":"","removed_info":""}],"33":[{"lesson":"0","group":"P1","room":"316","subject":"EMc","subject_text":"Elktrické měření-cvičení","teacher":"Se","teacher_text":"Se","change_info":"","theme":"Ověření funkce operačního zesilovače","type":"atom","absencetext":null,"has_absent":"false","absent_info_text":"","removed_info":""},{"lesson":"0","group":"P2","room":"317","subject":"EMc","subject_text":"Elktrické měření-cvičení","teacher":"Kn","teacher_text":"Kn","change_info":"","theme":"Blokování současného zapnutí výkonných spotřebičů.","type":"atom","absencetext":null,"has_absent":"false","absent_info_text":"","removed_info":""},{"lesson":"0","group":"P3","room":"306","subject":"EMc","subject_text":"Elktrické měření-cvičení","teacher":"Rů","teacher_text":"Rů","change_info":"","theme":"Měření úloh - dekodér, čítače, H-parametry","type":"atom","absencetext":null,"has_absent":"false","absent_info_text":"","removed_info":""}],"34":[{"lesson":"1","group":"P1","room":"316","subject":"EMc","subject_text":"Elktrické měření-cvičení","teacher":"Se","teacher_text":"Se","change_info":"","theme":"Ověření funkce operačního zesilovače","type":"atom","absencetext":null,"has_absent":"false","absent_info_text":"","removed_info":""},{"lesson":"1","group":"P2","room":"317","subject":"EMc","subject_text":"Elktrické měření-cvičení","teacher":"Kn","teacher_text":"Kn","change_info":"","theme":"Blokování současného zapnutí výkonných spotřebičů.","type":"atom","absencetext":null,"has_absent":"false","absent_info_text":"","removed_info":""},{"lesson":"1","group":"P3","room":"306","subject":"EMc","subject_text":"Elktrické měření-cvičení","teacher":"Rů","teacher_text":"Rů","change_info":"","theme":"Měření úloh - dekodér, čítače, H-parametry","type":"atom","absencetext":null,"has_absent":"false","absent_info_text":"","removed_info":""}],"35":[{"lesson":"2","group":"P1","room":"316","subject":"EMc","subject_text":"Elktrické měření-cvičení","teacher":"Se","teacher_text":"Se","change_info":"","theme":"Ověření funkce operačního zesilovače","type":"atom","absencetext":null,"has_absent":"false","absent_info_text":"","removed_info":""},{"lesson":"2","group":"P2","room":"317","subject":"EMc","subject_text":"Elktrické měření-cvičení","teacher":"Kn","teacher_text":"Kn","change_info":"","theme":"Blokování současného zapnutí výkonných spotřebičů.","type":"atom","absencetext":null,"has_absent":"false","absent_info_text":"","removed_info":""},{"lesson":"2","group":"P3","room":"306","subject":"EMc","subject_text":"Elktrické měření-cvičení","teacher":"Rů","teacher_text":"Rů","change_info":"","theme":"Měření úloh - dekodér, čítače, H-parametry","type":"atom","absencetext":null,"has_absent":"false","absent_info_text":"","removed_info":""}],"36":[{"lesson":"3","group":"","room":"406","subject":"MA","subject_text":"Matematika","teacher":"Ha","teacher_text":"Ha","change_info":"","theme":"Binomická věta","type":"atom","absencetext":null,"has_absent":"false","absent_info_text":"","removed_info":""}],"37":[{"lesson":"4","group":"","room":"406","subject":"EN","subject_text":"Elektronická zařízení","teacher":"Su","teacher_text":"Su","change_info":"","theme":"Impulsní modulace v základním pásmu, s nosnou vlnou, vícestavové modulace","type":"atom","absencetext":null,"has_absent":"false","absent_info_text":"","removed_info":""}],"39":[{"lesson":"6","group":"1","room":"316","subject":"ENc","subject_text":"ElektroZař","teacher":"Ke","teacher_text":"Ke","change_info":"","theme":"Zpětná vazba","type":"atom","absencetext":null,"has_absent":"false","absent_info_text":"","removed_info":""},{"lesson":"6","group":"2","room":"317","subject":"ENc","subject_text":"ElektroZař","teacher":"Su","teacher_text":"Su","change_info":"","theme":"Zpětná vazba","type":"atom","absencetext":null,"has_absent":"false","absent_info_text":"","removed_info":""}],"40":[{"lesson":"7","group":"1","room":"316","subject":"ENc","subject_text":"ElektroZař","teacher":"Ke","teacher_text":"Ke","change_info":"","theme":"Zpětná vazba","type":"atom","absencetext":null,"has_absent":"false","absent_info_text":"","removed_info":""},{"lesson":"7","group":"2","room":"317","subject":"ENc","subject_text":"ElektroZař","teacher":"Su","teacher_text":"Su","change_info":"","theme":"Zpětná vazba","type":"atom","absencetext":null,"has_absent":"false","absent_info_text":"","removed_info":""}],"44":[{"lesson":"0","group":"2","room":"406","subject":"AJ","subject_text":"Anglický jazyk","teacher":"By","teacher_text":"By","change_info":"","theme":"Revision test passive voice","type":"atom","absencetext":null,"has_absent":"false","absent_info_text":"","removed_info":""},{"lesson":"0","group":"1","room":"220","subject":"AJk","subject_text":"Anglický jazyk konverzace","teacher":"Qu","teacher_text":"Qu","change_info":"","theme":"Technical vocabulary (Forces)","type":"atom","absencetext":null,"has_absent":"false","absent_info_text":"","removed_info":""}],"45":[{"lesson":"1","group":"","room":"406","subject":"EM","subject_text":"Elektrická měření","teacher":"Su","teacher_text":"Su","change_info":"","theme":"Spektrální analyzátory-analog.+číslicové","type":"atom","absencetext":null,"has_absent":"false","absent_info_text":"","removed_info":""}],"46":[{"lesson":"2","group":"","room":"406","subject":"CL","subject_text":"Český jazyk a literatura","teacher":"Šu","teacher_text":"Šu","change_info":"","theme":"Test - opakování - čes. lit. po r. 1989; J. Kerouac - haiku","type":"atom","absencetext":null,"has_absent":"false","absent_info_text":"","removed_info":""}],"47":[{"lesson":"3","group":"","room":"406","subject":"EN","subject_text":"Elektronická zařízení","teacher":"Ke","teacher_text":"Ke","change_info":"","theme":"GSM, pozemní pohyblivá služba","type":"atom","absencetext":null,"has_absent":"false","absent_info_text":"","removed_info":""}],"48":[{"lesson":"4","group":"1","room":"406","subject":"AJ","subject_text":"Anglický jazyk","teacher":"Ds","teacher_text":"Ds","change_info":"","theme":"Food and drinks, gastronomy","type":"atom","absencetext":null,"has_absent":"false","absent_info_text":"","removed_info":""},{"lesson":"4","group":"2","room":"220","subject":"AJk","subject_text":"Anglický jazyk konverzace","teacher":"Qu","teacher_text":"Qu","change_info":"","theme":"Technical English (forces)","type":"atom","absencetext":null,"has_absent":"false","absent_info_text":"","removed_info":""}],"49":[{"lesson":"5","group":"","room":"406","subject":"MT","subject_text":"Mikroprocesorová technika","teacher":"Ke","teacher_text":"Ke","change_info":"","theme":"DNS sever, spojování, síťování","type":"atom","absencetext":null,"has_absent":"false","absent_info_text":"","removed_info":""}]}