{"3":[{"lesson":"3","group":"2.ER 2","room":"104","subject":"MA","subject_text":"Matematika","teacher":"Ml","teacher_text":"Ml","change_info":"","theme":"Test - goniometrie","type":"atom","absencetext":null,"has_absent":"false","absent_info_text":"","removed_info":""}],"4":[{"lesson":"4","group":"2.ER 1","room":"104","subject":"MA","subject_text":"Matematika","teacher":"Ml","teacher_text":"Ml","change_info":"","theme":"Test - goniometrie","type":"atom","absencetext":null,"has_absent":"false","absent_info_text":"","removed_info":""}],"5":[{"lesson":"5","group":"2.ER celá","room":"104","subject":"SN","subject_text":"Strojnictví","teacher":"Kr","teacher_text":"Kr","change_info":"","theme":"Nosníky","type":"atom","absencetext":null,"has_absent":"false","absent_info_text":"","removed_info":""}],"11":[{"lesson":"0","group":"3.EM 2","room":"104","subject":"AJ","subject_text":"Anglický jazyk","teacher":"By","teacher_text":"By","change_info":"","theme":"Passive voice","type":"atom","absencetext":null,"has_absent":"false","absent_info_text":"","removed_info":""}],"12":[{"lesson":"1","group":"2.ER celá","room":"104","subject":"CL","subject_text":"Český jazyk a literatura","teacher":"Fd","teacher_text":"Fd","change_info":"","theme":"K. J. Erben - Kytice (část 2) - motivy, básnické prostředky aj.","type":"atom","absencetext":null,"has_absent":"false","absent_info_text":"","removed_info":""}],"13":[{"lesson":"2","group":"2.ER celá","room":"104","subject":"CT","subject_text":"Číslicová technika","teacher":"Se","teacher_text":"Se","change_info":"","theme":"Binární sčítačka","type":"atom","absencetext":null,"has_absent":"false","absent_info_text":"","removed_info":""}],"14":[{"lesson":"3","group":"2.ER celá","room":"104","subject":"ZE","subject_text":"Základy elektrotechniky","teacher":"Se","teacher_text":"Se","change_info":"","theme":"Střídavé napětí - obvod s R, L, C","type":"atom","absencetext":null,"has_absent":"false","absent_info_text":"","removed_info":""}],"15":[{"lesson":"4","group":"2.ER celá","room":"104","subject":"CL","subject_text":"Český jazyk a literatura","teacher":"Fd","teacher_text":"Fd","change_info":"Suplování: CL, Fedorová Alena (MA, Ml)","theme":"Božena Němcová - život, dílo aj.","type":"atom","absencetext":null,"has_absent":"false","absent_info_text":"","removed_info":""}],"16":[{"lesson":"5","group":"2.ER celá","room":"104","subject":"ET","subject_text":"Elektronika","teacher":"Ke","teacher_text":"Ke","change_info":"","theme":"Transformátory, výpočty,užití","type":"atom","absencetext":null,"has_absent":"false","absent_info_text":"","removed_info":""}],"17":[{"lesson":"6","group":"2.ER 1","room":"104","subject":"AJ","subject_text":"Anglický jazyk","teacher":"Má","teacher_text":"Má","change_info":"","theme":"Group work - culture shock","type":"atom","absencetext":null,"has_absent":"false","absent_info_text":"","removed_info":""}],"18":[{"lesson":"7","group":"3.S 1","room":"104","subject":"AJ","subject_text":"Anglický jazyk","teacher":"Má","teacher_text":"Má","change_info":"","theme":"Passives - The Internet article","type":"atom","absencetext":null,"has_absent":"false","absent_info_text":"","removed_info":""}],"23":[{"lesson":"1","group":"2.ER celá","room":"104","subject":"CT","subject_text":"Číslicová technika","teacher":"Se","teacher_text":"Se","change_info":"","theme":"Sčítání v BCD kódu","type":"atom","absencetext":null,"has_absent":"false","absent_info_text":"","removed_info":""}],"24":[{"lesson":"2","group":"2.ER celá","room":"104","subject":"EG","subject_text":"Elektrotechnologie","teacher":"Vs","teacher_text":"Vs","change_info":"","theme":"Test látka za říjen a listopad","type":"atom","absencetext":null,"has_absent":"false","absent_info_text":"","removed_info":""}],"25":[{"lesson":"3","group":"2.ER celá","room":"104","subject":"FY","subject_text":"Fyzika","teacher":"Ks","teacher_text":"Ks","change_info":"Výměna z 11.12., 5: FY, Koreš Jaroslav, 104","theme":"Barvy","type":"atom","absencetext":null,"has_absent":"false","absent_info_text":"","removed_info":""}],"26":[{"lesson":"4","group":"2.ER celá","room":"104","subject":"MA","subject_text":"Matematika","teacher":"Ml","teacher_text":"Ml","change_info":"","theme":"kosinová věta","type":"atom","absencetext":null,"has_absent":"false","absent_info_text":"","removed_info":""}],"27":[{"lesson":"5","group":"2.ER celá","room":"104","subject":"ZE","subject_text":"Základy elektrotechniky","teacher":"Se","teacher_text":"Se","change_info":"Výměna z 11.12., 3: ZE, Steringa Jan, 104","theme":"Vzájemná indukčnost - transformátor","type":"atom","absencetext":null,"has_absent":"false","absent_info_text":"","removed_info":""}],"34":[{"lesson":"1","group":"2.ER celá","room":"104","subject":"SN","subject_text":"Strojnictví","teacher":"Kr","teacher_text":"Kr","change_info":"","theme":"Nosníky","type":"atom","absencetext":null,"has_absent":"false","absent_info_text":"","removed_info":""}],"35":[{"lesson":"2","group":"2.ER celá","room":"104","subject":"CL","subject_text":"Český jazyk a literatura","teacher":"Fd","teacher_text":"Fd","change_info":"","theme":"Karel Havlíček Borovský - Král Lávra","type":"atom","absencetext":null,"has_absent":"false","absent_info_text":"","removed_info":""}],"36":[{"lesson":"3","group":"2.ER 1","room":"104","subject":"AJ","subject_text":"Anglický jazyk","teacher":"Má","teacher_text":"Má","change_info":"","theme":"Relative clauses, My hometown","type":"atom","absencetext":null,"has_absent":"false","absent_info_text":"","removed_info":""}],"37":[{"lesson":"4","group":"2.EE 1","room":"104","subject":"AJ","subject_text":"Anglický jazyk","teacher":"Ds","teacher_text":"Ds","change_info":"","theme":"London - práce s textem U6","type":"atom","absencetext":null,"has_absent":"false","absent_info_text":"","removed_info":""}],"38":[{"lesson":"5","group":"4.SA celá","room":"104","subject":"CL","subject_text":"Český jazyk a literatura","teacher":"Šu","teacher_text":"Šu","change_info":"","theme":"Test - opakování - čes. lit. po r. 1989","type":"atom","absencetext":null,"has_absent":"false","absent_info_text":"","removed_info":""}],"39":[{"lesson":"6","group":"2.ER celá","room":"104","subject":"FY","subject_text":"Fyzika","teacher":"Ks","teacher_text":"Ks","change_info":"","theme":"Dopisovací test","type":"atom","absencetext":null,"has_absent":"false","absent_info_text":"","removed_info":""}],"45":[{"lesson":"1","group":"2.ER celá","room":"104","subject":"ZSV","subject_text":"Základy společenských věd","teacher":"Šu","teacher_text":"Šu","change_info":"","theme":"Bezpečný a přínosný pohyb na internetu","type":"atom","absencetext":null,"has_absent":"false","absent_info_text":"","removed_info":""}],"46":[{"lesson":"2","group":"2.ER celá","room":"104","subject":"CL","subject_text":"Český jazyk a literatura","teacher":"Fd","teacher_text":"Fd","change_info":"","theme":"Příprava k testu - Riskuj, Já mám, kdo má?","type":"atom","absencetext":null,"has_absent":"false","absent_info_text":"","removed_info":""}],"47":[{"lesson":"3","group":"2.ER celá","room":"104","subject":"MA","subject_text":"Matematika","teacher":"Ml","teacher_text":"Ml","change_info":"","theme":"Trigonometrie - slovní úlohy, maturitní příklady","type":"atom","absencetext":null,"has_absent":"false","absent_info_text":"","removed_info":""}],"48":[{"lesson":"4","group":"2.ER celá","room":"104","subject":"ET","subject_text":"Elektronika","teacher":"Ke","teacher_text":"Ke","change_info":"","theme":"Transformátory, výpočty,užití","type":"atom","absencetext":null,"has_absent":"false","absent_info_text":"","removed_info":""}],"49":[{"lesson":"5","group":"1.ER P2","room":"104","subject":"TKc","subject_text":"Technické kreslení-cvičení","teacher":"Va","teacher_text":"Va","change_info":"","theme":"Řez, průřez","type":"atom","absencetext":null,"has_absent":"false","absent_info_text":"","removed_info":""}]}