{"3":[{"lesson":"3","group":"2.ER 2","room":"104","subject":"MA","subject_text":"Matematika","teacher":"Ml","teacher_text":"Ml","change_info":"","theme":"Test","type":"atom","absencetext":null,"has_absent":"false","absent_info_text":"","removed_info":""}],"4":[{"lesson":"4","group":"2.ER 1","room":"104","subject":"MA","subject_text":"Matematika","teacher":"Ml","teacher_text":"Ml","change_info":"","theme":"Test","type":"atom","absencetext":null,"has_absent":"false","absent_info_text":"","removed_info":""}],"5":[{"lesson":"5","group":"2.ER celá","room":"104","subject":"SN","subject_text":"Strojnictví","teacher":"Kr","teacher_text":"Kr","change_info":"","theme":"momentová věta - příklady","type":"atom","absencetext":null,"has_absent":"false","absent_info_text":"","removed_info":""}],"11":[{"lesson":"0","group":"3.EM 2","room":"104","subject":"AJ","subject_text":"Anglický jazyk","teacher":"By","teacher_text":"By","change_info":"","theme":"Test unit 9 Correction","type":"atom","absencetext":null,"has_absent":"false","absent_info_text":"","removed_info":""}],"12":[{"lesson":"1","group":"2.ER celá","room":"104","subject":"CL","subject_text":"Český jazyk a literatura","teacher":"Fd","teacher_text":"Fd","change_info":"","theme":"Francouzský romantismus - shrnutí","type":"atom","absencetext":null,"has_absent":"false","absent_info_text":"","removed_info":""}],"13":[{"lesson":"2","group":"2.ER celá","room":"104","subject":"CT","subject_text":"Číslicová technika","teacher":"Se","teacher_text":"Se","change_info":"","theme":"Aplikace multiplexorů","type":"atom","absencetext":null,"has_absent":"false","absent_info_text":"","removed_info":""}],"14":[{"lesson":"3","group":"2.ER celá","room":"104","subject":"ZE","subject_text":"Základy elektrotechniky","teacher":"Se","teacher_text":"Se","change_info":"","theme":"Opakování - efektivní a střední hodnota harmonických průběhů U a I","type":"atom","absencetext":null,"has_absent":"false","absent_info_text":"","removed_info":""}],"15":[{"lesson":"4","group":"2.ER celá","room":"104","subject":"MA","subject_text":"Matematika","teacher":"Ml","teacher_text":"Ml","change_info":"","theme":"Goniometrie - úvod","type":"atom","absencetext":null,"has_absent":"false","absent_info_text":"","removed_info":""}],"16":[{"lesson":"5","group":"2.ER celá","room":"104","subject":"ET","subject_text":"Elektronika","teacher":"Ke","teacher_text":"Ke","change_info":"","theme":"Princip a funkce kondenzátoru, parametry kondenzátorů, výpočty","type":"atom","absencetext":null,"has_absent":"false","absent_info_text":"","removed_info":""}],"17":[{"lesson":"6","group":"2.ER 1","room":"104","subject":"AJ","subject_text":"Anglický jazyk","teacher":"Má","teacher_text":"Má","change_info":"","theme":"Unit 5 review","type":"atom","absencetext":null,"has_absent":"false","absent_info_text":"","removed_info":""}],"18":[{"lesson":"7","group":"3.S 1","room":"104","subject":"AJ","subject_text":"Anglický jazyk","teacher":"Má","teacher_text":"Má","change_info":"","theme":"Shakespeare","type":"atom","absencetext":null,"has_absent":"false","absent_info_text":"","removed_info":""}],"23":[{"lesson":"1","group":"2.ER celá","room":"104","subject":"CT","subject_text":"Číslicová technika","teacher":"Se","teacher_text":"Se","change_info":"","theme":"Opakování, příprav na písemný test","type":"atom","absencetext":null,"has_absent":"false","absent_info_text":"","removed_info":""}],"24":[{"lesson":"2","group":"2.ER celá","room":"104","subject":"ET","subject_text":"Elektronika","teacher":"Ke","teacher_text":"Ke","change_info":"Suplování: ET, Krejsa Lubomír (EG, Vs)","theme":"Shrnutí kondenzátor a cívka v obvodu střídavého proudu","type":"atom","absencetext":null,"has_absent":"false","absent_info_text":"","removed_info":""}],"25":[{"lesson":"3","group":"2.ER celá","room":"104","subject":"ZE","subject_text":"Základy elektrotechniky","teacher":"Se","teacher_text":"Se","change_info":"","theme":"Opakování - příprava na písemnou práci","type":"atom","absencetext":null,"has_absent":"false","absent_info_text":"","removed_info":""}],"26":[{"lesson":"4","group":"2.ER celá","room":"104","subject":"MA","subject_text":"Matematika","teacher":"Ml","teacher_text":"Ml","change_info":"","theme":"Sinus, kosinus - jednotková kružnice","type":"atom","absencetext":null,"has_absent":"false","absent_info_text":"","removed_info":""}],"27":[{"lesson":"5","group":"2.ER celá","room":"104","subject":"FY","subject_text":"Fyzika","teacher":"Ks","teacher_text":"Ks","change_info":"","theme":"Barva zvuku","type":"atom","absencetext":null,"has_absent":"false","absent_info_text":"","removed_info":""}],"34":[{"lesson":"1","group":"2.ER celá","room":"104","subject":"SN","subject_text":"Strojnictví","teacher":"Kr","teacher_text":"Kr","change_info":"","theme":"momentová věta opakování","type":"atom","absencetext":null,"has_absent":"false","absent_info_text":"","removed_info":""}],"35":[{"lesson":"2","group":"2.ER celá","room":"104","subject":"CL","subject_text":"Český jazyk a literatura","teacher":"Fd","teacher_text":"Fd","change_info":"","theme":"Americký romantismus - E. A. Poe (Havran)","type":"atom","absencetext":null,"has_absent":"false","absent_info_text":"","removed_info":""}],"36":[{"lesson":"3","group":"2.ER 1","room":"104","subject":"AJ","subject_text":"Anglický jazyk","teacher":"Má","teacher_text":"Má","change_info":"","theme":"Unit test 5","type":"atom","absencetext":null,"has_absent":"false","absent_info_text":"","removed_info":""}],"37":[{"lesson":"4","group":"2.EE 1","room":"104","subject":"AJ","subject_text":"Anglický jazyk","teacher":"Ds","teacher_text":"Ds","change_info":"","theme":"Questions with &quot;like&quot; - practice","type":"atom","absencetext":null,"has_absent":"false","absent_info_text":"","removed_info":""}],"38":[{"lesson":"5","group":"4.SA celá","room":"104","subject":"CL","subject_text":"Český jazyk a literatura","teacher":"Šu","teacher_text":"Šu","change_info":"","theme":"Svěrák, Smoljak","type":"atom","absencetext":null,"has_absent":"false","absent_info_text":"","removed_info":""}],"39":[{"lesson":"6","group":"2.ER celá","room":"104","subject":"FY","subject_text":"Fyzika","teacher":"Ks","teacher_text":"Ks","change_info":"","theme":"Hlasitost","type":"atom","absencetext":null,"has_absent":"false","absent_info_text":"","removed_info":""}],"40":[{"lesson":"7","group":"3.EM 2","room":"104","subject":"AJ","subject_text":"Anglický jazyk","teacher":"By","teacher_text":"By","change_info":"","theme":"Listening","type":"atom","absencetext":null,"has_absent":"false","absent_info_text":"","removed_info":""}],"45":[{"lesson":"1","group":"2.ER celá","room":"104","subject":"ZSV","subject_text":"Základy společenských věd","teacher":"Šu","teacher_text":"Šu","change_info":"","theme":"Prevence nemocí, HIV, AIDS","type":"atom","absencetext":null,"has_absent":"false","absent_info_text":"","removed_info":""}],"46":[{"lesson":"2","group":"2.ER celá","room":"104","subject":"CL","subject_text":"Český jazyk a literatura","teacher":"Fd","teacher_text":"Fd","change_info":"","theme":"Americký a ruský romantismus","type":"atom","absencetext":null,"has_absent":"false","absent_info_text":"","removed_info":""}],"47":[{"lesson":"3","group":"2.ER celá","room":"104","subject":"MA","subject_text":"Matematika","teacher":"Ml","teacher_text":"Ml","change_info":"","theme":"Tangens, kotangent - jednotková kružnice, grafy funkcí","type":"atom","absencetext":null,"has_absent":"false","absent_info_text":"","removed_info":""}],"48":[{"lesson":"4","group":"2.ER celá","room":"104","subject":"ET","subject_text":"Elektronika","teacher":"Ke","teacher_text":"Ke","change_info":"","theme":"Princip a funkce kondenzátoru, opakování s výpočty a příklady v praxi","type":"atom","absencetext":null,"has_absent":"false","absent_info_text":"","removed_info":""}],"49":[{"lesson":"5","group":"1.ER P2","room":"104","subject":"TKc","subject_text":"Technické kreslení-cvičení","teacher":"Va","teacher_text":"Va","change_info":"","theme":"Pravoúhlé promítání + kótování","type":"atom","absencetext":null,"has_absent":"false","absent_info_text":"","removed_info":""}]}