{"1":[{"lesson":"1","group":"1.EM celá","room":"104","subject":"DJ","subject_text":"Dějepis","teacher":"Cho","teacher_text":"Cho","change_info":"Výměna z 11.12., 6: DJ, Chochol Václav, 104","theme":"","type":"atom","absencetext":null,"has_absent":"false","absent_info_text":"","removed_info":""}],"2":[{"lesson":"2","group":"1.S 2","room":"104","subject":"MEc","subject_text":"Mechanika-cvičení","teacher":"Čk","teacher_text":"Čk","change_info":"Změna místnosti: 104 (111)","theme":"","type":"atom","absencetext":null,"has_absent":"false","absent_info_text":"","removed_info":""}],"3":[{"lesson":"3","group":"2.ER 2","room":"104","subject":"MA","subject_text":"Matematika","teacher":"Ml","teacher_text":"Ml","change_info":"","theme":"","type":"atom","absencetext":null,"has_absent":"false","absent_info_text":"","removed_info":""}],"4":[{"lesson":"4","group":"2.ER 1","room":"104","subject":"MA","subject_text":"Matematika","teacher":"Ml","teacher_text":"Ml","change_info":"","theme":"","type":"atom","absencetext":null,"has_absent":"false","absent_info_text":"","removed_info":""}],"5":[{"lesson":"5","group":"2.ER celá","room":"104","subject":"SN","subject_text":"Strojnictví","teacher":"Kr","teacher_text":"Kr","change_info":"","theme":"","type":"atom","absencetext":null,"has_absent":"false","absent_info_text":"","removed_info":""}],"11":[{"lesson":"0","group":"3.EM 2","room":"104","subject":"AJ","subject_text":"Anglický jazyk","teacher":"By","teacher_text":"By","change_info":"","theme":"","type":"atom","absencetext":null,"has_absent":"false","absent_info_text":"","removed_info":""}],"12":[{"lesson":"1","group":"2.ER celá","room":"104","subject":"CL","subject_text":"Český jazyk a literatura","teacher":"Fd","teacher_text":"Fd","change_info":"","theme":"","type":"atom","absencetext":null,"has_absent":"false","absent_info_text":"","removed_info":""}],"13":[{"lesson":"2","group":"2.ER celá","room":"104","subject":"CT","subject_text":"Číslicová technika","teacher":"Se","teacher_text":"Se","change_info":"","theme":"","type":"atom","absencetext":null,"has_absent":"false","absent_info_text":"","removed_info":""}],"14":[{"lesson":"3","group":"2.ER celá","room":"104","subject":"ZE","subject_text":"Základy elektrotechniky","teacher":"Se","teacher_text":"Se","change_info":"","theme":"","type":"atom","absencetext":null,"has_absent":"false","absent_info_text":"","removed_info":""}],"15":[{"lesson":"4","group":"2.ER celá","room":"104","subject":"MA","subject_text":"Matematika","teacher":"Ml","teacher_text":"Ml","change_info":"","theme":"","type":"atom","absencetext":null,"has_absent":"false","absent_info_text":"","removed_info":""}],"16":[{"lesson":"5","group":"2.ER celá","room":"104","subject":"ET","subject_text":"Elektronika","teacher":"Ke","teacher_text":"Ke","change_info":"","theme":"","type":"atom","absencetext":null,"has_absent":"false","absent_info_text":"","removed_info":""}],"17":[{"lesson":"6","group":"2.ER 1","room":"104","subject":"AJ","subject_text":"Anglický jazyk","teacher":"Má","teacher_text":"Má","change_info":"","theme":"","type":"atom","absencetext":null,"has_absent":"false","absent_info_text":"","removed_info":""}],"18":[{"lesson":"7","group":"3.S 1","room":"104","subject":"AJ","subject_text":"Anglický jazyk","teacher":"Má","teacher_text":"Má","change_info":"","theme":"","type":"atom","absencetext":null,"has_absent":"false","absent_info_text":"","removed_info":""}],"23":[{"lesson":"1","group":"2.ER celá","room":"104","subject":"CT","subject_text":"Číslicová technika","teacher":"Se","teacher_text":"Se","change_info":"","theme":"","type":"atom","absencetext":null,"has_absent":"false","absent_info_text":"","removed_info":""}],"24":[{"lesson":"2","group":"2.ER celá","room":"104","subject":"EG","subject_text":"Elektrotechnologie","teacher":"Vs","teacher_text":"Vs","change_info":"","theme":"","type":"atom","absencetext":null,"has_absent":"false","absent_info_text":"","removed_info":""}],"25":[{"lesson":"3","group":"2.ER celá","room":"104","subject":"ZE","subject_text":"Základy elektrotechniky","teacher":"Se","teacher_text":"Se","change_info":"","theme":"","type":"atom","absencetext":null,"has_absent":"false","absent_info_text":"","removed_info":""}],"26":[{"lesson":"4","group":"2.ER celá","room":"104","subject":"MA","subject_text":"Matematika","teacher":"Ml","teacher_text":"Ml","change_info":"","theme":"","type":"atom","absencetext":null,"has_absent":"false","absent_info_text":"","removed_info":""}],"27":[{"lesson":"5","group":"2.ER celá","room":"104","subject":"FY","subject_text":"Fyzika","teacher":"Ks","teacher_text":"Ks","change_info":"","theme":"","type":"atom","absencetext":null,"has_absent":"false","absent_info_text":"","removed_info":""}]}