{"0":[{"lesson":"0","group":"2.ER P1","room":"D26","subject":"PRA","subject_text":"Praxe","teacher":"Ko","teacher_text":"Ko","change_info":"","theme":"Pájení stabilizovaného zdroje","type":"atom","absencetext":null,"has_absent":"false","absent_info_text":"","removed_info":""}],"1":[{"lesson":"1","group":"2.ER P1","room":"D26","subject":"PRA","subject_text":"Praxe","teacher":"Ko","teacher_text":"Ko","change_info":"","theme":"Pájení stabilizovaného zdroje","type":"atom","absencetext":null,"has_absent":"false","absent_info_text":"","removed_info":""}],"2":[{"lesson":"2","group":"2.ER P1","room":"D26","subject":"PRA","subject_text":"Praxe","teacher":"Ko","teacher_text":"Ko","change_info":"","theme":"Pájení stabilizovaného zdroje","type":"atom","absencetext":null,"has_absent":"false","absent_info_text":"","removed_info":""}],"7":[{"lesson":"7","group":"3.ER P1","room":"D26","subject":"PRA","subject_text":"Praxe","teacher":"Ko","teacher_text":"Ko","change_info":"","theme":"Měření generátoru signálu, pájení","type":"atom","absencetext":null,"has_absent":"false","absent_info_text":"","removed_info":""}],"8":[{"lesson":"8","group":"3.ER P1","room":"D26","subject":"PRA","subject_text":"Praxe","teacher":"Ko","teacher_text":"Ko","change_info":"","theme":"Měření generátoru signálu, pájení","type":"atom","absencetext":null,"has_absent":"false","absent_info_text":"","removed_info":""}],"9":[{"lesson":"9","group":"3.ER P1","room":"D26","subject":"PRA","subject_text":"Praxe","teacher":"Ko","teacher_text":"Ko","change_info":"","theme":"Měření generátoru signálu, pájení THT","type":"atom","absencetext":null,"has_absent":"false","absent_info_text":"","removed_info":""}],"14":[{"lesson":"3","group":"1.ER PD1","room":"D26","subject":"PRA","subject_text":"Praxe","teacher":"Ko","teacher_text":"Ko","change_info":"","theme":"","type":"atom","absencetext":null,"has_absent":"false","absent_info_text":"","removed_info":""}],"15":[{"lesson":"4","group":"1.ER PD1","room":"D26","subject":"PRA","subject_text":"Praxe","teacher":"Ko","teacher_text":"Ko","change_info":"","theme":"","type":"atom","absencetext":null,"has_absent":"false","absent_info_text":"","removed_info":""}],"16":[{"lesson":"5","group":"1.ER PD1","room":"D26","subject":"PRA","subject_text":"Praxe","teacher":"Ko","teacher_text":"Ko","change_info":"","theme":"","type":"atom","absencetext":null,"has_absent":"false","absent_info_text":"","removed_info":""}],"22":[{"lesson":"0","group":"2.EE P1","room":"D26","subject":"PRA","subject_text":"Praxe","teacher":"Ko","teacher_text":"Ko","change_info":"","theme":"","type":"atom","absencetext":null,"has_absent":"false","absent_info_text":"","removed_info":""}],"23":[{"lesson":"1","group":"2.EE P1","room":"D26","subject":"PRA","subject_text":"Praxe","teacher":"Ko","teacher_text":"Ko","change_info":"","theme":"","type":"atom","absencetext":null,"has_absent":"false","absent_info_text":"","removed_info":""}],"24":[{"lesson":"2","group":"2.EE P1","room":"D26","subject":"PRA","subject_text":"Praxe","teacher":"Ko","teacher_text":"Ko","change_info":"","theme":"","type":"atom","absencetext":null,"has_absent":"false","absent_info_text":"","removed_info":""}],"34":[{"lesson":"1","group":"3.EM P1","room":"D26","subject":"PRA","subject_text":"Praxe","teacher":"Ko","teacher_text":"Ko","change_info":"","theme":"","type":"atom","absencetext":null,"has_absent":"false","absent_info_text":"","removed_info":""}],"35":[{"lesson":"2","group":"3.EM P1","room":"D26","subject":"PRA","subject_text":"Praxe","teacher":"Ko","teacher_text":"Ko","change_info":"","theme":"","type":"atom","absencetext":null,"has_absent":"false","absent_info_text":"","removed_info":""}],"36":[{"lesson":"3","group":"3.EM P1","room":"D26","subject":"PRA","subject_text":"Praxe","teacher":"Ko","teacher_text":"Ko","change_info":"","theme":"","type":"atom","absencetext":null,"has_absent":"false","absent_info_text":"","removed_info":""}],"37":[{"lesson":"4","group":"1.EE PD1","room":"D26","subject":"PRA","subject_text":"Praxe","teacher":"Ko","teacher_text":"Ko","change_info":"","theme":"","type":"atom","absencetext":null,"has_absent":"false","absent_info_text":"","removed_info":""}],"38":[{"lesson":"5","group":"1.EE PD1","room":"D26","subject":"PRA","subject_text":"Praxe","teacher":"Ko","teacher_text":"Ko","change_info":"","theme":"","type":"atom","absencetext":null,"has_absent":"false","absent_info_text":"","removed_info":""}],"39":[{"lesson":"6","group":"1.EE PD1","room":"D26","subject":"PRA","subject_text":"Praxe","teacher":"Ko","teacher_text":"Ko","change_info":"","theme":"","type":"atom","absencetext":null,"has_absent":"false","absent_info_text":"","removed_info":""}],"48":[{"lesson":"4","group":"1.EM PD4","room":"D26","subject":"PRA","subject_text":"Praxe","teacher":"Ko","teacher_text":"Ko","change_info":"","theme":"","type":"atom","absencetext":null,"has_absent":"false","absent_info_text":"","removed_info":""}],"49":[{"lesson":"5","group":"1.EM PD4","room":"D26","subject":"PRA","subject_text":"Praxe","teacher":"Ko","teacher_text":"Ko","change_info":"","theme":"","type":"atom","absencetext":null,"has_absent":"false","absent_info_text":"","removed_info":""}],"50":[{"lesson":"6","group":"1.EM PD4","room":"D26","subject":"PRA","subject_text":"Praxe","teacher":"Ko","teacher_text":"Ko","change_info":"","theme":"","type":"atom","absencetext":null,"has_absent":"false","absent_info_text":"","removed_info":""}]}