{"0":[{"lesson":"","group":"","room":"","subject":"","subject_text":"","teacher":null,"teacher_text":"","change_info":"","theme":null,"type":"removed","absencetext":null,"has_absent":"","absent_info_text":"","removed_info":"Vyjmuto z rozvrhu (PRA, Lavička Ivan)Vyjmuto z rozvrhu (PRA, Vondrášek Michal)Vyjmuto z rozvrhu (PRA, Trojan Zbyněk)Vyjmuto z rozvrhu (PRA, Mikoláš Pavel)"}],"1":[{"lesson":"","group":"","room":"","subject":"Absc","subject_text":"Obecná absence třídy","teacher":null,"teacher_text":"","change_info":"","theme":null,"type":"absent","absencetext":null,"has_absent":"","absent_info_text":"","removed_info":""}],"2":[{"lesson":"","group":"","room":"","subject":"Absc","subject_text":"Obecná absence třídy","teacher":null,"teacher_text":"","change_info":"","theme":null,"type":"absent","absencetext":null,"has_absent":"","absent_info_text":"","removed_info":""}],"3":[{"lesson":"","group":"","room":"","subject":"Absc","subject_text":"Obecná absence třídy","teacher":null,"teacher_text":"","change_info":"","theme":null,"type":"absent","absencetext":null,"has_absent":"","absent_info_text":"","removed_info":""}],"4":[{"lesson":"","group":"","room":"","subject":"Absc","subject_text":"Obecná absence třídy","teacher":null,"teacher_text":"","change_info":"","theme":null,"type":"absent","absencetext":null,"has_absent":"","absent_info_text":"","removed_info":""}],"5":[{"lesson":"","group":"","room":"","subject":"Absc","subject_text":"Obecná absence třídy","teacher":null,"teacher_text":"","change_info":"","theme":null,"type":"absent","absencetext":null,"has_absent":"","absent_info_text":"","removed_info":""}],"7":[{"lesson":"7","group":"","room":"201","subject":"ZSV","subject_text":"Základy společenských věd","teacher":"Fd","teacher_text":"Fd","change_info":"","theme":"","type":"atom","absencetext":null,"has_absent":"false","absent_info_text":"","removed_info":""}],"8":[{"lesson":"8","group":"","room":"201","subject":"EK","subject_text":"Ekonomika","teacher":"Pu","teacher_text":"Pu","change_info":"","theme":"","type":"atom","absencetext":null,"has_absent":"false","absent_info_text":"","removed_info":""}],"12":[{"lesson":"1","group":"","room":"203","subject":"SS","subject_text":"Stavba a provoz strojů","teacher":"Kp","teacher_text":"Kp","change_info":"","theme":"","type":"atom","absencetext":null,"has_absent":"false","absent_info_text":"","removed_info":""}],"13":[{"lesson":"2","group":"","room":"201","subject":"ST","subject_text":"Strojírenská technologie","teacher":"Kr","teacher_text":"Kr","change_info":"","theme":"","type":"atom","absencetext":null,"has_absent":"false","absent_info_text":"","removed_info":""}],"14":[{"lesson":"3","group":"1","room":"117","subject":"KM","subject_text":"Kontrola a měření","teacher":"Fr","teacher_text":"Fr","change_info":"","theme":"","type":"atom","absencetext":null,"has_absent":"false","absent_info_text":"","removed_info":""},{"lesson":"3","group":"2","room":"201","subject":"STc","subject_text":"Strojírenská technol. cvičení","teacher":"Va","teacher_text":"Va","change_info":"","theme":"","type":"atom","absencetext":null,"has_absent":"false","absent_info_text":"","removed_info":""}],"15":[{"lesson":"4","group":"1","room":"117","subject":"KM","subject_text":"Kontrola a měření","teacher":"Fr","teacher_text":"Fr","change_info":"","theme":"","type":"atom","absencetext":null,"has_absent":"false","absent_info_text":"","removed_info":""},{"lesson":"4","group":"2","room":"201","subject":"STc","subject_text":"Strojírenská technol. cvičení","teacher":"Va","teacher_text":"Va","change_info":"","theme":"","type":"atom","absencetext":null,"has_absent":"false","absent_info_text":"","removed_info":""}],"17":[{"lesson":"6","group":"","room":"201","subject":"EKc","subject_text":"Ekonomika cvičení","teacher":"Pu","teacher_text":"Pu","change_info":"","theme":"","type":"atom","absencetext":null,"has_absent":"false","absent_info_text":"","removed_info":""}],"18":[{"lesson":"7","group":"1","room":"104","subject":"AJ","subject_text":"Anglický jazyk","teacher":"Má","teacher_text":"Má","change_info":"","theme":"","type":"atom","absencetext":null,"has_absent":"false","absent_info_text":"","removed_info":""},{"lesson":"7","group":"2","room":"201","subject":"MA","subject_text":"Matematika","teacher":"Ml","teacher_text":"Ml","change_info":"","theme":"","type":"atom","absencetext":null,"has_absent":"false","absent_info_text":"","removed_info":""}],"19":[{"lesson":"8","group":"P2","room":"502","subject":"CRS","subject_text":"Číslicové řízení strojů","teacher":"Mi","teacher_text":"Mi","change_info":"","theme":"","type":"atom","absencetext":null,"has_absent":"false","absent_info_text":"","removed_info":""},{"lesson":"8","group":"P3","room":"D21","subject":"CRS","subject_text":"Číslicové řízení strojů","teacher":"Vd","teacher_text":"Vd","change_info":"","theme":"","type":"atom","absencetext":null,"has_absent":"false","absent_info_text":"","removed_info":""}],"20":[{"lesson":"9","group":"P2","room":"502","subject":"CRS","subject_text":"Číslicové řízení strojů","teacher":"Mi","teacher_text":"Mi","change_info":"","theme":"","type":"atom","absencetext":null,"has_absent":"false","absent_info_text":"","removed_info":""},{"lesson":"9","group":"P3","room":"D21","subject":"CRS","subject_text":"Číslicové řízení strojů","teacher":"Vd","teacher_text":"Vd","change_info":"","theme":"","type":"atom","absencetext":null,"has_absent":"false","absent_info_text":"","removed_info":""}],"23":[{"lesson":"1","group":"2","room":"117","subject":"KM","subject_text":"Kontrola a měření","teacher":"Fr","teacher_text":"Fr","change_info":"","theme":"","type":"atom","absencetext":null,"has_absent":"false","absent_info_text":"","removed_info":""},{"lesson":"1","group":"1","room":"201","subject":"STc","subject_text":"Strojírenská technol. cvičení","teacher":"Kr","teacher_text":"Kr","change_info":"","theme":"","type":"atom","absencetext":null,"has_absent":"false","absent_info_text":"","removed_info":""}],"24":[{"lesson":"2","group":"2","room":"117","subject":"KM","subject_text":"Kontrola a měření","teacher":"Fr","teacher_text":"Fr","change_info":"","theme":"","type":"atom","absencetext":null,"has_absent":"false","absent_info_text":"","removed_info":""},{"lesson":"2","group":"1","room":"201","subject":"STc","subject_text":"Strojírenská technol. cvičení","teacher":"Kr","teacher_text":"Kr","change_info":"","theme":"","type":"atom","absencetext":null,"has_absent":"false","absent_info_text":"","removed_info":""}],"25":[{"lesson":"3","group":"","room":"201","subject":"ST","subject_text":"Strojírenská technologie","teacher":"Kr","teacher_text":"Kr","change_info":"","theme":"","type":"atom","absencetext":null,"has_absent":"false","absent_info_text":"","removed_info":""}],"26":[{"lesson":"4","group":"","room":"111","subject":"ME","subject_text":"Mechanika","teacher":"Čk","teacher_text":"Čk","change_info":"","theme":"","type":"atom","absencetext":null,"has_absent":"false","absent_info_text":"","removed_info":""}],"27":[{"lesson":"5","group":"","room":"201","subject":"MA","subject_text":"Matematika","teacher":"Ml","teacher_text":"Ml","change_info":"","theme":"","type":"atom","absencetext":null,"has_absent":"false","absent_info_text":"","removed_info":""}],"28":[{"lesson":"6","group":"","room":"201","subject":"CL","subject_text":"Český jazyk a literatura","teacher":"Fd","teacher_text":"Fd","change_info":"","theme":"","type":"atom","absencetext":null,"has_absent":"false","absent_info_text":"","removed_info":""}],"33":[{"lesson":"","group":"","room":"","subject":"","subject_text":"","teacher":null,"teacher_text":"","change_info":"","theme":null,"type":"removed","absencetext":null,"has_absent":"","absent_info_text":"","removed_info":"Vyjmuto z rozvrhu (KPP, Čejka Vilém)Vyjmuto z rozvrhu (SSc, Trojan Aleš)Vyjmuto z rozvrhu (SSc, Mareš Radek)"}],"34":[{"lesson":"","group":"","room":"","subject":"TH","subject_text":"Třídnická hodina","teacher":null,"teacher_text":"","change_info":"","theme":null,"type":"absent","absencetext":null,"has_absent":"","absent_info_text":"","removed_info":""}],"35":[{"lesson":"","group":"","room":"","subject":"TH","subject_text":"Třídnická hodina","teacher":null,"teacher_text":"","change_info":"","theme":null,"type":"absent","absencetext":null,"has_absent":"","absent_info_text":"","removed_info":""}],"36":[{"lesson":"","group":"","room":"","subject":"TH","subject_text":"Třídnická hodina","teacher":null,"teacher_text":"","change_info":"","theme":null,"type":"absent","absencetext":null,"has_absent":"","absent_info_text":"","removed_info":""}],"37":[{"lesson":"","group":"","room":"","subject":"ŠA","subject_text":"Školní akce","teacher":null,"teacher_text":"","change_info":"","theme":null,"type":"absent","absencetext":null,"has_absent":"","absent_info_text":"","removed_info":""}],"38":[{"lesson":"","group":"","room":"","subject":"ŠA","subject_text":"Školní akce","teacher":null,"teacher_text":"","change_info":"","theme":null,"type":"absent","absencetext":null,"has_absent":"","absent_info_text":"","removed_info":""}],"39":[{"lesson":"","group":"","room":"","subject":"ŠA","subject_text":"Školní akce","teacher":null,"teacher_text":"","change_info":"","theme":null,"type":"absent","absencetext":null,"has_absent":"","absent_info_text":"","removed_info":""}],"40":[{"lesson":"","group":"","room":"","subject":"","subject_text":"","teacher":null,"teacher_text":"","change_info":"","theme":null,"type":"removed","absencetext":null,"has_absent":"","absent_info_text":"","removed_info":"Vyjmuto z rozvrhu (CRS, Mikoláš Pavel)"}],"41":[{"lesson":"","group":"","room":"","subject":"","subject_text":"","teacher":null,"teacher_text":"","change_info":"","theme":null,"type":"removed","absencetext":null,"has_absent":"","absent_info_text":"","removed_info":"Vyjmuto z rozvrhu (CRS, Mikoláš Pavel)"}],"45":[{"lesson":"","group":"","room":"","subject":"ŠA","subject_text":"Školní akce","teacher":null,"teacher_text":"","change_info":"","theme":null,"type":"absent","absencetext":null,"has_absent":"","absent_info_text":"","removed_info":""}],"46":[{"lesson":"","group":"","room":"","subject":"ŠA","subject_text":"Školní akce","teacher":null,"teacher_text":"","change_info":"","theme":null,"type":"absent","absencetext":null,"has_absent":"","absent_info_text":"","removed_info":""}],"47":[{"lesson":"","group":"","room":"","subject":"ŠA","subject_text":"Školní akce","teacher":null,"teacher_text":"","change_info":"","theme":null,"type":"absent","absencetext":null,"has_absent":"","absent_info_text":"","removed_info":""}],"48":[{"lesson":"","group":"","room":"","subject":"ŠA","subject_text":"Školní akce","teacher":null,"teacher_text":"","change_info":"","theme":null,"type":"absent","absencetext":null,"has_absent":"","absent_info_text":"","removed_info":""}],"49":[{"lesson":"","group":"","room":"","subject":"ŠA","subject_text":"Školní akce","teacher":null,"teacher_text":"","change_info":"","theme":null,"type":"absent","absencetext":null,"has_absent":"","absent_info_text":"","removed_info":""}]}