{
    "classes": [
        {
            "1.EE": {
                "Permanent": "Permanent/class/0B",
                "Actual": "Actual/class/0B",
                "Next": "Next/class/0B",
                "kmenova": 308,
                "satna": 13
            }
        },
        {
            "1.EM": {
                "Permanent": "Permanent/class/0C",
                "Actual": "Actual/class/0C",
                "Next": "Next/class/0C",
                "kmenova": 108,
                "satna": 12
            }
        },
        {
            "1.ER": {
                "Permanent": "Permanent/class/0D",
                "Actual": "Actual/class/0D",
                "Next": "Next/class/0D",
                "kmenova": 302,
                "satna": 2
            }
        },
        {
            "1.S": {
                "Permanent": "Permanent/class/0E",
                "Actual": "Actual/class/0E",
                "Next": "Next/class/0E",
                "kmenova": 207,
                "satna": 1
            }
        },
        {
            "2.EE": {
                "Permanent": "Permanent/class/08",
                "Actual": "Actual/class/08",
                "Next": "Next/class/08",
                "kmenova": 313,
                "satna": 6
            }
        },
        {
            "2.EM": {
                "Permanent": "Permanent/class/09",
                "Actual": "Actual/class/09",
                "Next": "Next/class/09",
                "kmenova": 210,
                "satna": 5
            }
        },
        {
            "2.ER": {
                "Permanent": "Permanent/class/07",
                "Actual": "Actual/class/07",
                "Next": "Next/class/07",
                "kmenova": 104,
                "satna": 3
            }
        },
        {
            "2.S": {
                "Permanent": "Permanent/class/0A",
                "Actual": "Actual/class/0A",
                "Next": "Next/class/0A",
                "kmenova": 404,
                "satna": 4
            }
        },
        {
            "3.EE": {
                "Permanent": "Permanent/class/04",
                "Actual": "Actual/class/04",
                "Next": "Next/class/04",
                "kmenova": 311,
                "satna": 10
            }
        },
        {
            "3.EM": {
                "Permanent": "Permanent/class/05",
                "Actual": "Actual/class/05",
                "Next": "Next/class/05",
                "kmenova": 113,
                "satna": 11
            }
        },
        {
            "3.ER": {
                "Permanent": "Permanent/class/03",
                "Actual": "Actual/class/03",
                "Next": "Next/class/03",
                "kmenova": 406,
                "satna": 18
            }
        },
        {
            "3.S": {
                "Permanent": "Permanent/class/06",
                "Actual": "Actual/class/06",
                "Next": "Next/class/06",
                "kmenova": 201,
                "satna": 8
            }
        },
        {
            "4.EA": {
                "Permanent": "Permanent/class/ZZ",
                "Actual": "Actual/class/ZZ",
                "Next": "Next/class/ZZ",
                "kmenova": 406,
                "satna": 16
            }
        },
        {
            "4.EB": {
                "Permanent": "Permanent/class/00",
                "Actual": "Actual/class/00",
                "Next": "Next/class/00",
                "kmenova": 304,
                "satna": 15
            }
        },
        {
            "4.SA": {
                "Permanent": "Permanent/class/01",
                "Actual": "Actual/class/01",
                "Next": "Next/class/01",
                "kmenova": 111,
                "satna": 14
            }
        },
        {
            "4.SB": {
                "Permanent": "Permanent/class/02",
                "Actual": "Actual/class/02",
                "Next": "Next/class/02",
                "kmenova": 203,
                "satna": 7
            }
        }
    ]
}