{"teachers":[{"Badal Miloš":{"Permanent":"Permanent/teacher/UQ04K","Actual":"Actual/teacher/UQ04K","Next":"Next/teacher/UQ04K"}},{"Belko Alfred":{"Permanent":"Permanent/teacher/U0028","Actual":"Actual/teacher/U0028","Next":"Next/teacher/U0028"}},{"Bican Tomáš":{"Permanent":"Permanent/teacher/U002A","Actual":"Actual/teacher/U002A","Next":"Next/teacher/U002A"}},{"Bronec Petr":{"Permanent":"Permanent/teacher/UX10E","Actual":"Actual/teacher/UX10E","Next":"Next/teacher/UX10E"}},{"Bydžovská Petra":{"Permanent":"Permanent/teacher/UY10S","Actual":"Actual/teacher/UY10S","Next":"Next/teacher/UY10S"}},{"Čejka Vilém":{"Permanent":"Permanent/teacher/U002D","Actual":"Actual/teacher/U002D","Next":"Next/teacher/U002D"}},{"Čermák Ludvík":{"Permanent":"Permanent/teacher/U002B","Actual":"Actual/teacher/U002B","Next":"Next/teacher/U002B"}},{"Dušek Ivan":{"Permanent":"Permanent/teacher/UU05L","Actual":"Actual/teacher/UU05L","Next":"Next/teacher/UU05L"}},{"Fedorová Alena":{"Permanent":"Permanent/teacher/UY10P","Actual":"Actual/teacher/UY10P","Next":"Next/teacher/UY10P"}},{"Franta Lukáš":{"Permanent":"Permanent/teacher/UW068","Actual":"Actual/teacher/UW068","Next":"Next/teacher/UW068"}},{"Hána Jiří":{"Permanent":"Permanent/teacher/UU05N","Actual":"Actual/teacher/UU05N","Next":"Next/teacher/UU05N"}},{"Helm Jan":{"Permanent":"Permanent/teacher/UT05A","Actual":"Actual/teacher/UT05A","Next":"Next/teacher/UT05A"}},{"Hořejšová Zuzana":{"Permanent":"Permanent/teacher/UX10O","Actual":"Actual/teacher/UX10O","Next":"Next/teacher/UX10O"}},{"Chochol Václav":{"Permanent":"Permanent/teacher/UT05B","Actual":"Actual/teacher/UT05B","Next":"Next/teacher/UT05B"}},{"Kneslík Pavel":{"Permanent":"Permanent/teacher/UX10C","Actual":"Actual/teacher/UX10C","Next":"Next/teacher/UX10C"}},{"Kodlová Zuzana":{"Permanent":"Permanent/teacher/UW063","Actual":"Actual/teacher/UW063","Next":"Next/teacher/UW063"}},{"Koreš Jaroslav":{"Permanent":"Permanent/teacher/US053","Actual":"Actual/teacher/US053","Next":"Next/teacher/US053"}},{"Kotrlík Pavel":{"Permanent":"Permanent/teacher/UX10I","Actual":"Actual/teacher/UX10I","Next":"Next/teacher/UX10I"}},{"Krejsa Lubomír":{"Permanent":"Permanent/teacher/UW069","Actual":"Actual/teacher/UW069","Next":"Next/teacher/UW069"}},{"Krejsa Vladimír":{"Permanent":"Permanent/teacher/UW067","Actual":"Actual/teacher/UW067","Next":"Next/teacher/UW067"}},{"Kroupa Petr":{"Permanent":"Permanent/teacher/U002M","Actual":"Actual/teacher/U002M","Next":"Next/teacher/U002M"}},{"Lavička Ivan":{"Permanent":"Permanent/teacher/UR04N","Actual":"Actual/teacher/UR04N","Next":"Next/teacher/UR04N"}},{"Mach Radek":{"Permanent":"Permanent/teacher/UW108","Actual":"Actual/teacher/UW108","Next":"Next/teacher/UW108"}},{"Malíková Michaela":{"Permanent":"Permanent/teacher/UX10B","Actual":"Actual/teacher/UX10B","Next":"Next/teacher/UX10B"}},{"Mareš Radek":{"Permanent":"Permanent/teacher/U002P","Actual":"Actual/teacher/U002P","Next":"Next/teacher/U002P"}},{"Marková Daniela":{"Permanent":"Permanent/teacher/UX10N","Actual":"Actual/teacher/UX10N","Next":"Next/teacher/UX10N"}},{"Mikoláš Pavel":{"Permanent":"Permanent/teacher/UV05W","Actual":"Actual/teacher/UV05W","Next":"Next/teacher/UV05W"}},{"Ohnsorg Petra":{"Permanent":"Permanent/teacher/UL042","Actual":"Actual/teacher/UL042","Next":"Next/teacher/UL042"}},{"Paurová Dana":{"Permanent":"Permanent/teacher/U002V","Actual":"Actual/teacher/U002V","Next":"Next/teacher/U002V"}},{"Petrásek Jan":{"Permanent":"Permanent/teacher/UX10M","Actual":"Actual/teacher/UX10M","Next":"Next/teacher/UX10M"}},{"Petrášek Jan":{"Permanent":"Permanent/teacher/UW062","Actual":"Actual/teacher/UW062","Next":"Next/teacher/UW062"}},{"Petržalová Ludmila":{"Permanent":"Permanent/teacher/U003V","Actual":"Actual/teacher/U003V","Next":"Next/teacher/U003V"}},{"Ploch Jiří":{"Permanent":"Permanent/teacher/U003U","Actual":"Actual/teacher/U003U","Next":"Next/teacher/U003U"}},{"Quagliata Giuseppe":{"Permanent":"Permanent/teacher/UV05U","Actual":"Actual/teacher/UV05U","Next":"Next/teacher/UV05U"}},{"Rákos Petr":{"Permanent":"Permanent/teacher/UX10J","Actual":"Actual/teacher/UX10J","Next":"Next/teacher/UX10J"}},{"Rolínek Tomáš":{"Permanent":"Permanent/teacher/UV05T","Actual":"Actual/teacher/UV05T","Next":"Next/teacher/UV05T"}},{"Růžička Zdeněk":{"Permanent":"Permanent/teacher/U002X","Actual":"Actual/teacher/U002X","Next":"Next/teacher/U002X"}},{"Schacherlová Petra":{"Permanent":"Permanent/teacher/UY10R","Actual":"Actual/teacher/UY10R","Next":"Next/teacher/UY10R"}},{"Smutný Oldřich":{"Permanent":"Permanent/teacher/U003X","Actual":"Actual/teacher/U003X","Next":"Next/teacher/U003X"}},{"Steringa Jan":{"Permanent":"Permanent/teacher/UX10F","Actual":"Actual/teacher/UX10F","Next":"Next/teacher/UX10F"}},{"Strnad Stanislav":{"Permanent":"Permanent/teacher/UV05X","Actual":"Actual/teacher/UV05X","Next":"Next/teacher/UV05X"}},{"Stuchlý Jaroslav":{"Permanent":"Permanent/teacher/UX10D","Actual":"Actual/teacher/UX10D","Next":"Next/teacher/UX10D"}},{"Šimek Petr":{"Permanent":"Permanent/teacher/UU05J","Actual":"Actual/teacher/UU05J","Next":"Next/teacher/UU05J"}},{"Šímová Zuzana":{"Permanent":"Permanent/teacher/UV05S","Actual":"Actual/teacher/UV05S","Next":"Next/teacher/UV05S"}},{"Štěrbík Jan":{"Permanent":"Permanent/teacher/U003P","Actual":"Actual/teacher/U003P","Next":"Next/teacher/U003P"}},{"Šustrová Pavlína":{"Permanent":"Permanent/teacher/UT055","Actual":"Actual/teacher/UT055","Next":"Next/teacher/UT055"}},{"Trojan Aleš":{"Permanent":"Permanent/teacher/UT05C","Actual":"Actual/teacher/UT05C","Next":"Next/teacher/UT05C"}},{"Trojan Zbyněk":{"Permanent":"Permanent/teacher/UP045","Actual":"Actual/teacher/UP045","Next":"Next/teacher/UP045"}},{"Vastl Jiří":{"Permanent":"Permanent/teacher/UW065","Actual":"Actual/teacher/UW065","Next":"Next/teacher/UW065"}},{"Vávra Václav":{"Permanent":"Permanent/teacher/UU05G","Actual":"Actual/teacher/UU05G","Next":"Next/teacher/UU05G"}},{"Vondrášek Michal":{"Permanent":"Permanent/teacher/UL041","Actual":"Actual/teacher/UL041","Next":"Next/teacher/UL041"}},{"Vyhnal Zdeněk":{"Permanent":"Permanent/teacher/UQ04C","Actual":"Actual/teacher/UQ04C","Next":"Next/teacher/UQ04C"}}]}