{"0":[{"lesson":"0","group":"3.S PD2","room":"D15","subject":"PRA","subject_text":"Praxe","teacher":"","teacher_text":"","change_info":"","theme":"Základní hranol","type":"atom","absencetext":null,"has_absent":"false","absent_info_text":"","removed_info":""}],"1":[{"lesson":"1","group":"3.S PD2","room":"D15","subject":"PRA","subject_text":"Praxe","teacher":"","teacher_text":"","change_info":"","theme":"Základní hranol","type":"atom","absencetext":null,"has_absent":"false","absent_info_text":"","removed_info":""}],"2":[{"lesson":"2","group":"3.S PD2","room":"D15","subject":"PRA","subject_text":"Praxe","teacher":"","teacher_text":"","change_info":"","theme":"Základní hranol","type":"atom","absencetext":null,"has_absent":"false","absent_info_text":"","removed_info":""}],"4":[{"lesson":"4","group":"2.S P3","room":"D14","subject":"PRA","subject_text":"Praxe","teacher":"","teacher_text":"","change_info":"","theme":"Souhrnná práce","type":"atom","absencetext":null,"has_absent":"false","absent_info_text":"","removed_info":""}],"5":[{"lesson":"5","group":"2.S P3","room":"D14","subject":"PRA","subject_text":"Praxe","teacher":"","teacher_text":"","change_info":"","theme":"Souhrnná práce","type":"atom","absencetext":null,"has_absent":"false","absent_info_text":"","removed_info":""}],"6":[{"lesson":"6","group":"2.S P3","room":"D14","subject":"PRA","subject_text":"Praxe","teacher":"","teacher_text":"","change_info":"","theme":"Souhrnná práce","type":"atom","absencetext":null,"has_absent":"false","absent_info_text":"","removed_info":""}],"19":[{"lesson":"8","group":"3.S P3","room":"D21","subject":"CRS","subject_text":"Číslicové řízení strojů","teacher":"","teacher_text":"","change_info":"","theme":"dialog Heidenhain","type":"atom","absencetext":null,"has_absent":"false","absent_info_text":"","removed_info":""}],"20":[{"lesson":"9","group":"3.S P3","room":"D21","subject":"CRS","subject_text":"Číslicové řízení strojů","teacher":"","teacher_text":"","change_info":"","theme":"dialog Heidenhain","type":"atom","absencetext":null,"has_absent":"false","absent_info_text":"","removed_info":""}],"22":[{"lesson":"0","group":"2.EM P1","room":"D15","subject":"\r\n                                                            Exk\r\n                                                        ","subject_text":"Praxe","teacher":"","teacher_text":"","change_info":"Spojeno: 2.EM(P1), Lavička Ivan, D15 (2.EM(P1), Vondrášek Michal, D14)","theme":"","type":"atom","absencetext":null,"has_absent":"true","absent_info_text":"Exk | Exkurze","removed_info":""}],"23":[{"lesson":"1","group":"2.EM P1","room":"D15","subject":"\r\n                                                            Exk\r\n                                                        ","subject_text":"Praxe","teacher":"","teacher_text":"","change_info":"Spojeno: 2.EM(P1), Lavička Ivan, D15 (2.EM(P1), Vondrášek Michal, D14)","theme":"","type":"atom","absencetext":null,"has_absent":"true","absent_info_text":"Exk | Exkurze","removed_info":""}],"24":[{"lesson":"2","group":"2.EM P1","room":"D15","subject":"\r\n                                                            Exk\r\n                                                        ","subject_text":"Praxe","teacher":"","teacher_text":"","change_info":"Spojeno: 2.EM(P1), Lavička Ivan, D15 (2.EM(P1), Vondrášek Michal, D14)","theme":"","type":"atom","absencetext":null,"has_absent":"true","absent_info_text":"Exk | Exkurze","removed_info":""}],"25":[{"lesson":"3","group":"1.S PD4","room":"D15","subject":"\r\n                                                            Exk\r\n                                                        ","subject_text":"Praxe","teacher":"","teacher_text":"","change_info":"Spojeno: 1.S(PD4), Mikoláš Pavel, D15 (1.S(PD4), Vondrášek Michal, D4)","theme":"","type":"atom","absencetext":null,"has_absent":"true","absent_info_text":"Exk | Exkurze","removed_info":""}],"26":[{"lesson":"4","group":"1.S PD4","room":"D15","subject":"\r\n                                                            Exk\r\n                                                        ","subject_text":"Praxe","teacher":"","teacher_text":"","change_info":"Spojeno: 1.S(PD4), Mikoláš Pavel, D15 (1.S(PD4), Vondrášek Michal, D4)","theme":"","type":"atom","absencetext":null,"has_absent":"true","absent_info_text":"Exk | Exkurze","removed_info":""}],"27":[{"lesson":"5","group":"1.S PD4","room":"D15","subject":"\r\n                                                            Exk\r\n                                                        ","subject_text":"Praxe","teacher":"","teacher_text":"","change_info":"Spojeno: 1.S(PD4), Mikoláš Pavel, D15 (1.S(PD4), Vondrášek Michal, D4)","theme":"","type":"atom","absencetext":null,"has_absent":"true","absent_info_text":"Exk | Exkurze","removed_info":""}],"28":[{"lesson":"","group":"","room":"","subject":"Exk","subject_text":"Exkurze","teacher":null,"teacher_text":"","change_info":"","theme":null,"type":"absent","absencetext":null,"has_absent":"","absent_info_text":"","removed_info":""}],"29":[{"lesson":"","group":"","room":"","subject":"Exk","subject_text":"Exkurze","teacher":null,"teacher_text":"","change_info":"","theme":null,"type":"absent","absencetext":null,"has_absent":"","absent_info_text":"","removed_info":""}],"30":[{"lesson":"","group":"","room":"","subject":"Exk","subject_text":"Exkurze","teacher":null,"teacher_text":"","change_info":"","theme":null,"type":"absent","absencetext":null,"has_absent":"","absent_info_text":"","removed_info":""}],"31":[{"lesson":"","group":"","room":"","subject":"Exk","subject_text":"Exkurze","teacher":null,"teacher_text":"","change_info":"","theme":null,"type":"absent","absencetext":null,"has_absent":"","absent_info_text":"","removed_info":""}],"32":[{"lesson":"","group":"","room":"","subject":"Exk","subject_text":"Exkurze","teacher":null,"teacher_text":"","change_info":"","theme":null,"type":"absent","absencetext":null,"has_absent":"","absent_info_text":"","removed_info":""}],"34":[{"lesson":"1","group":"3.EM P3","room":"D14","subject":"PRA","subject_text":"Praxe","teacher":"","teacher_text":"","change_info":"","theme":"","type":"atom","absencetext":null,"has_absent":"false","absent_info_text":"","removed_info":""}],"35":[{"lesson":"2","group":"3.EM P3","room":"D14","subject":"PRA","subject_text":"Praxe","teacher":"","teacher_text":"","change_info":"","theme":"","type":"atom","absencetext":null,"has_absent":"false","absent_info_text":"","removed_info":""}],"36":[{"lesson":"3","group":"3.EM P3","room":"D14","subject":"PRA","subject_text":"Praxe","teacher":"","teacher_text":"","change_info":"","theme":"","type":"atom","absencetext":null,"has_absent":"false","absent_info_text":"","removed_info":""}],"47":[{"lesson":"3","group":"1.EE P2","room":"304","subject":"TDc","subject_text":"Technická dokumentace - cvičení","teacher":"","teacher_text":"","change_info":"","theme":"","type":"atom","absencetext":null,"has_absent":"false","absent_info_text":"","removed_info":""}],"48":[{"lesson":"4","group":"1.EM PD4","room":"D14","subject":"PRA","subject_text":"Praxe","teacher":"","teacher_text":"","change_info":"","theme":"","type":"atom","absencetext":null,"has_absent":"false","absent_info_text":"","removed_info":""}],"49":[{"lesson":"5","group":"1.EM PD4","room":"D14","subject":"PRA","subject_text":"Praxe","teacher":"","teacher_text":"","change_info":"","theme":"","type":"atom","absencetext":null,"has_absent":"false","absent_info_text":"","removed_info":""}],"50":[{"lesson":"6","group":"1.EM PD4","room":"D14","subject":"PRA","subject_text":"Praxe","teacher":"","teacher_text":"","change_info":"","theme":"","type":"atom","absencetext":null,"has_absent":"false","absent_info_text":"","removed_info":""}]}