{"4":[{"lesson":"4","group":"2.S P2","room":"D13","subject":"PRA","subject_text":"Praxe","teacher":"Tr","teacher_text":"Tr","change_info":"","theme":"Broušení, čištění","type":"atom","absencetext":null,"has_absent":"false","absent_info_text":"","removed_info":""}],"5":[{"lesson":"5","group":"2.S P2","room":"D13","subject":"PRA","subject_text":"Praxe","teacher":"Tr","teacher_text":"Tr","change_info":"","theme":"Broušení, čištění","type":"atom","absencetext":null,"has_absent":"false","absent_info_text":"","removed_info":""}],"6":[{"lesson":"6","group":"2.S P2","room":"D13","subject":"PRA","subject_text":"Praxe","teacher":"Tr","teacher_text":"Tr","change_info":"","theme":"Broušení, čištění","type":"atom","absencetext":null,"has_absent":"false","absent_info_text":"","removed_info":""}]}