{"0":[{"lesson":"0","group":"3.S PD4","room":"D13","subject":"PRA","subject_text":"Praxe","teacher":"Tr","teacher_text":"Tr","change_info":"","theme":"Vrtání, vrtací podmínky","type":"atom","absencetext":null,"has_absent":"false","absent_info_text":"","removed_info":""}],"1":[{"lesson":"1","group":"3.S PD4","room":"D13","subject":"PRA","subject_text":"Praxe","teacher":"Tr","teacher_text":"Tr","change_info":"","theme":"Vrtání, vrtací podmínky","type":"atom","absencetext":null,"has_absent":"false","absent_info_text":"","removed_info":""}],"2":[{"lesson":"2","group":"3.S PD4","room":"D13","subject":"PRA","subject_text":"Praxe","teacher":"Tr","teacher_text":"Tr","change_info":"","theme":"Vrtání, vrtací podmínky","type":"atom","absencetext":null,"has_absent":"false","absent_info_text":"","removed_info":""}],"4":[{"lesson":"4","group":"2.S P2","room":"D13","subject":"PRA","subject_text":"Praxe","teacher":"Tr","teacher_text":"Tr","change_info":"","theme":"BOZP, seznámení s pracovištem","type":"atom","absencetext":null,"has_absent":"false","absent_info_text":"","removed_info":""}],"5":[{"lesson":"5","group":"2.S P2","room":"D13","subject":"PRA","subject_text":"Praxe","teacher":"Tr","teacher_text":"Tr","change_info":"","theme":"BOZP, seznámení s pracovištem","type":"atom","absencetext":null,"has_absent":"false","absent_info_text":"","removed_info":""}],"6":[{"lesson":"6","group":"2.S P2","room":"D13","subject":"PRA","subject_text":"Praxe","teacher":"Tr","teacher_text":"Tr","change_info":"","theme":"BOZP, seznámení s pracovištem","type":"atom","absencetext":null,"has_absent":"false","absent_info_text":"","removed_info":""}]}