{"1":[{"lesson":"1","group":"2.S 2","room":"404","subject":"AJ","subject_text":"Anglický jazyk","teacher":"Sch","teacher_text":"Sch","change_info":"","theme":"Writing","type":"atom","absencetext":null,"has_absent":"false","absent_info_text":"","removed_info":""}],"2":[{"lesson":"2","group":"2.S celá","room":"404","subject":"MA","subject_text":"Matematika","teacher":"Ha","teacher_text":"Ha","change_info":"","theme":"Vlastnosti funkce sinus a kosinus","type":"atom","absencetext":null,"has_absent":"false","absent_info_text":"","removed_info":""}],"3":[{"lesson":"3","group":"2.S celá","room":"404","subject":"CL","subject_text":"Český jazyk a literatura","teacher":"Šu","teacher_text":"Šu","change_info":"","theme":"Světový romantismus - opakování, práce s textem","type":"atom","absencetext":null,"has_absent":"false","absent_info_text":"","removed_info":""}],"12":[{"lesson":"1","group":"2.S celá","room":"404","subject":"CL","subject_text":"Český jazyk a literatura","teacher":"Šu","teacher_text":"Šu","change_info":"","theme":"Romantismus v literatuře (České země): K. H. Mácha","type":"atom","absencetext":null,"has_absent":"false","absent_info_text":"","removed_info":""}],"13":[{"lesson":"2","group":"2.S celá","room":"404","subject":"SS","subject_text":"Stavba a provoz strojů","teacher":"Fr","teacher_text":"Fr","change_info":"","theme":"Opakovací písemka","type":"atom","absencetext":null,"has_absent":"false","absent_info_text":"","removed_info":""}],"15":[{"lesson":"4","group":"2.S celá","room":"404","subject":"ZSV","subject_text":"Základy společenských věd","teacher":"Šu","teacher_text":"Šu","change_info":"","theme":"Prevence úrazů a nemocí. Partnerské vztahy (etika ve vztazích, vhodní partneři).","type":"atom","absencetext":null,"has_absent":"false","absent_info_text":"","removed_info":""}],"16":[{"lesson":"5","group":"2.S 2","room":"404","subject":"MA","subject_text":"Matematika","teacher":"Ha","teacher_text":"Ha","change_info":"","theme":"Vlastnosti funkce sinus a kosinus","type":"atom","absencetext":null,"has_absent":"false","absent_info_text":"","removed_info":""}],"17":[{"lesson":"6","group":"2.S 1","room":"404","subject":"MA","subject_text":"Matematika","teacher":"Ha","teacher_text":"Ha","change_info":"","theme":"Vlastnosti funkce sinus a kosinus","type":"atom","absencetext":null,"has_absent":"false","absent_info_text":"","removed_info":""}],"22":[{"lesson":"0","group":"2.S celá","room":"404","subject":"CL","subject_text":"Český jazyk a literatura","teacher":"Šu","teacher_text":"Šu","change_info":"Suplování: CL, Šustrová Pavlína (ME, Kp)","theme":"Romantismus v literatuře (České země): K. H. Mácha","type":"atom","absencetext":null,"has_absent":"false","absent_info_text":"","removed_info":""}],"23":[{"lesson":"1","group":"2.S celá","room":"404","subject":"EL","subject_text":"Elektrotechnika","teacher":"Su","teacher_text":"Su","change_info":"","theme":"Magnetické pole (Intenzita,Indukce,vlastnosti látek,mag.tok)","type":"atom","absencetext":null,"has_absent":"false","absent_info_text":"","removed_info":""}],"24":[{"lesson":"2","group":"2.S celá","room":"404","subject":"FY","subject_text":"Fyzika","teacher":"Ks","teacher_text":"Ks","change_info":"","theme":"Roztažnost kapalin","type":"atom","absencetext":null,"has_absent":"false","absent_info_text":"","removed_info":""}],"25":[{"lesson":"3","group":"2.S celá","room":"404","subject":"MA","subject_text":"Matematika","teacher":"Ha","teacher_text":"Ha","change_info":"","theme":"Vlastnosti funkce sinus a kosinus","type":"atom","absencetext":null,"has_absent":"false","absent_info_text":"","removed_info":""}],"26":[{"lesson":"4","group":"2.S celá","room":"404","subject":"ST","subject_text":"Strojírenská technologie","teacher":"Va","teacher_text":"Va","change_info":"","theme":"Vliv teploty na tváření","type":"atom","absencetext":null,"has_absent":"false","absent_info_text":"","removed_info":""}],"37":[{"lesson":"4","group":"2.S celá","room":"404","subject":"FY","subject_text":"Fyzika","teacher":"Ks","teacher_text":"Ks","change_info":"","theme":"Změny skupenství","type":"atom","absencetext":null,"has_absent":"false","absent_info_text":"","removed_info":""}],"38":[{"lesson":"5","group":"2.S 2","room":"404","subject":"AJ","subject_text":"Anglický jazyk","teacher":"Sch","teacher_text":"Sch","change_info":"","theme":"Unit 6 grammar","type":"atom","absencetext":null,"has_absent":"false","absent_info_text":"","removed_info":""}],"41":[{"lesson":"8","group":"2.S celá","room":"404","subject":"ZSV","subject_text":"Základy společenských věd","teacher":"Šu","teacher_text":"Šu","change_info":"","theme":"Prevence nemocí, HIV, AIDS","type":"atom","absencetext":null,"has_absent":"false","absent_info_text":"","removed_info":""}],"45":[{"lesson":"1","group":"2.S celá","room":"404","subject":"FY","subject_text":"Fyzika","teacher":"Ks","teacher_text":"Ks","change_info":"Výměna z 27.11., 2: FY, Koreš Jaroslav, 404","theme":"Sublimace","type":"atom","absencetext":null,"has_absent":"false","absent_info_text":"","removed_info":""}],"46":[{"lesson":"2","group":"2.S celá","room":"404","subject":"EL","subject_text":"Elektrotechnika","teacher":"Su","teacher_text":"Su","change_info":"","theme":"Magnetické pole (Mag.tok, Mag.obvody,Silové účinky,Energie)","type":"atom","absencetext":null,"has_absent":"false","absent_info_text":"","removed_info":""}],"47":[{"lesson":"3","group":"2.S celá","room":"404","subject":"MA","subject_text":"Matematika","teacher":"Ha","teacher_text":"Ha","change_info":"","theme":"Vlastnosti funkce sinus a kosinus","type":"atom","absencetext":null,"has_absent":"false","absent_info_text":"","removed_info":""}],"48":[{"lesson":"4","group":"2.S celá","room":"404","subject":"SS","subject_text":"Stavba a provoz strojů","teacher":"Fr","teacher_text":"Fr","change_info":"","theme":"Kolíkové spoje pokračování","type":"atom","absencetext":null,"has_absent":"false","absent_info_text":"","removed_info":""}],"50":[{"lesson":"6","group":"2.S celá","room":"404","subject":"CL","subject_text":"Český jazyk a literatura","teacher":"Šu","teacher_text":"Šu","change_info":"","theme":"Romantismus v české literatuře","type":"atom","absencetext":null,"has_absent":"false","absent_info_text":"","removed_info":""}]}