{"8":[{"lesson":"8","group":"1.S 2","room":"307","subject":"FY","subject_text":"Fyzika","teacher":"Pl","teacher_text":"Pl","change_info":"","theme":"Zákon zachování hybnosti","type":"atom","absencetext":null,"has_absent":"false","absent_info_text":"","removed_info":""}],"9":[{"lesson":"9","group":"1.S 2","room":"307","subject":"FY","subject_text":"Fyzika","teacher":"Pl","teacher_text":"Pl","change_info":"","theme":"Zákon zachování hybnosti","type":"atom","absencetext":null,"has_absent":"false","absent_info_text":"","removed_info":""}],"11":[{"lesson":"0","group":"1.ER 2","room":"307","subject":"FY","subject_text":"Fyzika","teacher":"Pl","teacher_text":"Pl","change_info":"","theme":"Zákon zachování hybnosti","type":"atom","absencetext":null,"has_absent":"false","absent_info_text":"","removed_info":""}],"12":[{"lesson":"1","group":"1.ER 2","room":"307","subject":"FY","subject_text":"Fyzika","teacher":"Pl","teacher_text":"Pl","change_info":"","theme":"Zákon zachování hybnosti","type":"atom","absencetext":null,"has_absent":"false","absent_info_text":"","removed_info":""}],"18":[{"lesson":"7","group":"1.EE 2","room":"307","subject":"FY","subject_text":"Fyzika","teacher":"Ks","teacher_text":"Ks","change_info":"","theme":"Měření rychlosti","type":"atom","absencetext":null,"has_absent":"false","absent_info_text":"","removed_info":""}],"19":[{"lesson":"8","group":"1.EE 2","room":"307","subject":"FY","subject_text":"Fyzika","teacher":"Ks","teacher_text":"Ks","change_info":"","theme":"Měření rychlosti","type":"atom","absencetext":null,"has_absent":"false","absent_info_text":"","removed_info":""}],"40":[{"lesson":"7","group":"1.EM 2","room":"307","subject":"FY","subject_text":"Fyzika","teacher":"Ha","teacher_text":"Ha","change_info":"","theme":"Dynamika - hybnost hmotného bodu","type":"atom","absencetext":null,"has_absent":"false","absent_info_text":"","removed_info":""}],"41":[{"lesson":"8","group":"1.EM 2","room":"307","subject":"FY","subject_text":"Fyzika","teacher":"Ha","teacher_text":"Ha","change_info":"","theme":"Dynamika - hybnost hmotného bodu","type":"atom","absencetext":null,"has_absent":"false","absent_info_text":"","removed_info":""}]}