{"8":[{"lesson":"8","group":"1.S 1","room":"307","subject":"FY","subject_text":"Fyzika","teacher":"Pl","teacher_text":"Pl","change_info":"","theme":"Odporové síly","type":"atom","absencetext":null,"has_absent":"false","absent_info_text":"","removed_info":""}],"9":[{"lesson":"9","group":"1.S 1","room":"307","subject":"FY","subject_text":"Fyzika","teacher":"Pl","teacher_text":"Pl","change_info":"","theme":"Odporové síly","type":"atom","absencetext":null,"has_absent":"false","absent_info_text":"","removed_info":""}],"11":[{"lesson":"0","group":"1.ER 1","room":"307","subject":"FY","subject_text":"Fyzika","teacher":"Pl","teacher_text":"Pl","change_info":"","theme":"Odporové síly","type":"atom","absencetext":null,"has_absent":"false","absent_info_text":"","removed_info":""}],"12":[{"lesson":"1","group":"1.ER 1","room":"307","subject":"FY","subject_text":"Fyzika","teacher":"Pl","teacher_text":"Pl","change_info":"","theme":"Odporové síly","type":"atom","absencetext":null,"has_absent":"false","absent_info_text":"","removed_info":""}],"18":[{"lesson":"7","group":"1.EE 1","room":"307","subject":"FY","subject_text":"Fyzika","teacher":"Ks","teacher_text":"Ks","change_info":"","theme":"Měření hustoty","type":"atom","absencetext":null,"has_absent":"false","absent_info_text":"","removed_info":""}],"19":[{"lesson":"8","group":"1.EE 1","room":"307","subject":"FY","subject_text":"Fyzika","teacher":"Ks","teacher_text":"Ks","change_info":"","theme":"Měření hustoty","type":"atom","absencetext":null,"has_absent":"false","absent_info_text":"","removed_info":""}],"40":[{"lesson":"7","group":"1.EM 1","room":"307","subject":"FY","subject_text":"Fyzika","teacher":"Ha","teacher_text":"Ha","change_info":"","theme":"Kinematika - rovnoměrný pohyb hmotného bodu po kružnici","type":"atom","absencetext":null,"has_absent":"false","absent_info_text":"","removed_info":""}],"41":[{"lesson":"8","group":"1.EM 1","room":"307","subject":"FY","subject_text":"Fyzika","teacher":"Ha","teacher_text":"Ha","change_info":"","theme":"Kinematika - rovnoměrný pohyb hmotného bodu po kružnici","type":"atom","absencetext":null,"has_absent":"false","absent_info_text":"","removed_info":""}]}