{"8":[{"lesson":"8","group":"2.S 2","room":"106","subject":"SSc","subject_text":"Stavba a provoz str. cvičení","teacher":"Fr","teacher_text":"Fr","change_info":"","theme":"Zadání 2. úlohy - Pojistná spojka","type":"atom","absencetext":null,"has_absent":"false","absent_info_text":"","removed_info":""}],"9":[{"lesson":"9","group":"2.S 2","room":"106","subject":"SSc","subject_text":"Stavba a provoz str. cvičení","teacher":"Fr","teacher_text":"Fr","change_info":"","theme":"Zadání 2. úlohy - Pojistná spojka","type":"atom","absencetext":null,"has_absent":"false","absent_info_text":"","removed_info":""}],"14":[{"lesson":"3","group":"4.SA TS2","room":"106","subject":"ST","subject_text":"Strojírenská technologie","teacher":"Kr","teacher_text":"Kr","change_info":"Suplování: ST, Krejsa Vladimír, 106 (KPP, Mr, 303)","theme":"výroba ozubených kol","type":"atom","absencetext":null,"has_absent":"false","absent_info_text":"","removed_info":""},{"lesson":"3","group":"4.SA TS1","room":"106","subject":"ST","subject_text":"Strojírenská technologie","teacher":"Kr","teacher_text":"Kr","change_info":"Spojeno: ST, Krejsa Vladimír, 106 (KPP, Čejka Vilém, 118)","theme":"výroba ozub. kol","type":"atom","absencetext":null,"has_absent":"false","absent_info_text":"","removed_info":""}],"17":[{"lesson":"6","group":"1.S P1","room":"106","subject":"TKc","subject_text":"Technické kreslení-cvičení","teacher":"Mi","teacher_text":"Mi","change_info":"","theme":"Náčrty a výkres dle izometrie","type":"atom","absencetext":null,"has_absent":"false","absent_info_text":"","removed_info":""}],"18":[{"lesson":"7","group":"1.S P1","room":"106","subject":"TKc","subject_text":"Technické kreslení-cvičení","teacher":"Mi","teacher_text":"Mi","change_info":"","theme":"Náčrty a výkres dle izometrie","type":"atom","absencetext":null,"has_absent":"false","absent_info_text":"","removed_info":""}],"23":[{"lesson":"1","group":"4.SB EU","room":"106","subject":"UC","subject_text":"Účetnictví","teacher":"Pu","teacher_text":"Pu","change_info":"Suplování: Paurová Dana (Kp)","theme":"Opakování druhů účtů","type":"atom","absencetext":null,"has_absent":"false","absent_info_text":"","removed_info":""}],"24":[{"lesson":"2","group":"4.SB EU","room":"106","subject":"UC","subject_text":"Účetnictví","teacher":"Pu","teacher_text":"Pu","change_info":"Suplování: Paurová Dana (Kp)","theme":"Účtování základních účetních operací","type":"atom","absencetext":null,"has_absent":"false","absent_info_text":"","removed_info":""}],"27":[{"lesson":"5","group":"4.SA 2","room":"106","subject":"KM","subject_text":"Kontrola a měření","teacher":"Fr","teacher_text":"Fr","change_info":"","theme":"Měření úlohy 1-5","type":"atom","absencetext":null,"has_absent":"false","absent_info_text":"","removed_info":""}],"28":[{"lesson":"6","group":"4.SA 2","room":"106","subject":"KM","subject_text":"Kontrola a měření","teacher":"Fr","teacher_text":"Fr","change_info":"","theme":"Měření úlohy 1-5","type":"atom","absencetext":null,"has_absent":"false","absent_info_text":"","removed_info":""}],"33":[{"lesson":"0","group":"4.SA 1","room":"106","subject":"KM","subject_text":"Kontrola a měření","teacher":"Fr","teacher_text":"Fr","change_info":"","theme":"Úloha č.1 - Měření rychlosti otáčení","type":"atom","absencetext":null,"has_absent":"false","absent_info_text":"","removed_info":""}],"34":[{"lesson":"1","group":"4.SA 1","room":"106","subject":"KM","subject_text":"Kontrola a měření","teacher":"Fr","teacher_text":"Fr","change_info":"","theme":"Úloha č.1 - Měření rychlosti otáčení","type":"atom","absencetext":null,"has_absent":"false","absent_info_text":"","removed_info":""}],"47":[{"lesson":"3","group":"1.EE P1","room":"106","subject":"TDc","subject_text":"Technická dokumentace - cvičení","teacher":"Mi","teacher_text":"Mi","change_info":"","theme":"Kreslení chybějících pohledů - koty","type":"atom","absencetext":null,"has_absent":"false","absent_info_text":"","removed_info":""}],"49":[{"lesson":"5","group":"1.ER P3","room":"106","subject":"TKc","subject_text":"Technické kreslení-cvičení","teacher":"Mi","teacher_text":"Mi","change_info":"","theme":"Zobrazování pohledy- kotovani","type":"atom","absencetext":null,"has_absent":"false","absent_info_text":"","removed_info":""}]}