{"15":[{"lesson":"4","group":"4.SB 1","room":"D21","subject":"AUc","subject_text":"Automatizace cvičení","teacher":"","teacher_text":"","change_info":"","theme":"Kombinační řízení. Škrticí  ventil","type":"atom","absencetext":null,"has_absent":"false","absent_info_text":"","removed_info":""}],"16":[{"lesson":"5","group":"4.SB 1","room":"D21","subject":"AUc","subject_text":"Automatizace cvičení","teacher":"","teacher_text":"","change_info":"","theme":"Kombinační řízení. Škrticí  ventil","type":"atom","absencetext":null,"has_absent":"false","absent_info_text":"","removed_info":""}],"18":[{"lesson":"7","group":"4.SB celá","room":"203","subject":"AU","subject_text":"Automatizace","teacher":"","teacher_text":"","change_info":"","theme":"Logické ventily","type":"atom","absencetext":null,"has_absent":"false","absent_info_text":"","removed_info":""}],"28":[{"lesson":"6","group":"4.SB celá","room":"203","subject":"AU","subject_text":"Automatizace","teacher":"","teacher_text":"","change_info":"","theme":"Funkce XOR","type":"atom","absencetext":null,"has_absent":"false","absent_info_text":"","removed_info":""}]}